order_id,customer_id,order_date,amount_inr,category
ORD010826,CUST2460,2026-08-20,931.06,Beauty
ORD011677,CUST2489,2026-06-08,4324.91,Electronics
ORD002902,CUST1716,2026-09-08,778.57,Grocery
ORD010426,CUST2445,2026-08-28,2185.16,Fashion
ORD011763,CUST2491,2026-09-13,2469.58,Home & Kitchen
ORD008448,CUST2355,2026-09-03,3763.09,Fashion
ORD011358,CUST2477,2026-08-23,1405.21,Fashion
ORD005059,CUST2075,2026-09-21,1059.96,Fashion
ORD001748,CUST1333,2026-08-20,443.96,Fashion
ORD003129,CUST1790,2026-01-19,2161.96,Home & Kitchen
ORD008996,CUST2383,2026-08-20,4545.48,Home & Kitchen
ORD005222,CUST2095,2026-09-22,9799.75,Electronics
ORD000469,CUST0469,2026-06-22,2823.17,Home & Kitchen
ORD001787,CUST1348,2026-04-25,711.92,Beauty
ORD003694,CUST1916,2026-08-28,290.33,Grocery
ORD003579,CUST1901,2026-07-30,12069.49,Electronics
ORD004013,CUST1955,2026-08-10,1050.62,Fashion
ORD000674,CUST0674,2026-04-30,484.86,Fashion
ORD008993,CUST2383,2026-07-28,3788.03,Home & Kitchen
ORD005370,CUST2112,2026-08-07,795.91,Grocery
ORD000374,CUST0374,2026-07-18,1499.89,Beauty
ORD003799,CUST1929,2026-01-18,686.13,Grocery
ORD000539,CUST0539,2026-05-07,607.29,Fashion
ORD000928,CUST0928,2026-08-14,1629.51,Beauty
ORD011731,CUST2490,2026-09-14,1380.9,Beauty
ORD001431,CUST1228,2026-03-15,2020.01,Home & Kitchen
ORD009389,CUST2404,2026-05-24,5297.42,Home & Kitchen
ORD002233,CUST1495,2026-06-23,839.61,Grocery
ORD004150,CUST1971,2026-08-30,6473.41,Electronics
ORD005747,CUST2155,2026-07-24,5160.44,Electronics
ORD005720,CUST2152,2026-08-11,548.17,Grocery
ORD011485,CUST2481,2026-07-23,2640.5,Fashion
ORD007415,CUST2297,2026-08-17,5641.26,Electronics
ORD005334,CUST2108,2026-04-24,326.15,Grocery
ORD008926,CUST2380,2026-08-01,2090.69,Fashion
ORD000725,CUST0725,2026-08-24,2327.42,Home & Kitchen
ORD008679,CUST2367,2026-05-30,1568.63,Beauty
ORD004973,CUST2065,2026-05-09,645.86,Fashion
ORD008758,CUST2371,2026-09-24,233.36,Grocery
ORD010698,CUST2454,2026-09-30,266.77,Grocery
ORD004922,CUST2059,2026-09-20,648.72,Beauty
ORD006671,CUST2259,2026-08-26,4015.03,Home & Kitchen
ORD002088,CUST1445,2026-09-27,3154.36,Fashion
ORD002345,CUST1533,2026-09-27,2909.49,Home & Kitchen
ORD008671,CUST2366,2026-09-17,1342.89,Home & Kitchen
ORD000614,CUST0614,2026-06-11,799.75,Grocery
ORD007195,CUST2286,2026-08-20,406.95,Fashion
ORD009328,CUST2400,2026-09-27,1478.87,Fashion
ORD004650,CUST2029,2026-09-20,310.64,Beauty
ORD007317,CUST2292,2026-07-09,1978.19,Home & Kitchen
ORD005804,CUST2162,2026-09-04,2135.39,Fashion
ORD009433,CUST2406,2026-06-15,3054.91,Home & Kitchen
ORD004680,CUST2032,2026-07-25,9202.47,Electronics
ORD006051,CUST2193,2026-09-08,1949.87,Home & Kitchen
ORD005655,CUST2145,2026-03-29,4860.46,Electronics
ORD009968,CUST2429,2026-09-30,696.89,Grocery
ORD003034,CUST1760,2026-09-21,512.08,Fashion
ORD001414,CUST1222,2026-08-27,19439.64,Electronics
ORD005740,CUST2154,2026-09-12,5049.61,Electronics
ORD002143,CUST1464,2026-06-16,1346.5,Beauty
ORD009924,CUST2428,2026-08-06,1088.44,Grocery
ORD005174,CUST2089,2026-09-16,3783.99,Home & Kitchen
ORD006638,CUST2257,2026-09-13,455.98,Grocery
ORD007770,CUST2316,2026-08-24,1612.75,Home & Kitchen
ORD011614,CUST2487,2026-02-11,8162.38,Electronics
ORD002627,CUST1625,2026-05-28,853.67,Beauty
ORD011826,CUST2493,2026-09-29,1291.65,Beauty
ORD002565,CUST1604,2026-09-10,368.63,Grocery
ORD006606,CUST2255,2026-09-30,12161.37,Electronics
ORD007629,CUST2309,2026-07-02,1368.84,Fashion
ORD011071,CUST2467,2026-09-13,829.78,Fashion
ORD003915,CUST1943,2026-09-09,1811.31,Home & Kitchen
ORD010152,CUST2435,2026-08-15,9872.09,Electronics
ORD005324,CUST2107,2026-03-14,1465.87,Grocery
ORD007169,CUST2285,2026-08-05,486.39,Grocery
ORD000150,CUST0150,2026-02-07,577.18,Fashion
ORD010733,CUST2455,2026-09-15,7331.27,Electronics
ORD006028,CUST2190,2026-05-21,2626.63,Home & Kitchen
ORD011039,CUST2466,2026-09-17,12688.46,Electronics
ORD000361,CUST0361,2026-05-31,1199.79,Fashion
ORD006811,CUST2266,2026-05-05,734.92,Beauty
ORD002211,CUST1487,2026-08-14,1258.24,Home & Kitchen
ORD004302,CUST1988,2026-07-31,855.61,Home & Kitchen
ORD011545,CUST2484,2026-06-15,7180.09,Electronics
ORD010067,CUST2432,2026-09-19,1826.2,Home & Kitchen
ORD003820,CUST1932,2026-09-18,12543.84,Electronics
ORD005130,CUST2083,2026-09-26,1428.31,Fashion
ORD000534,CUST0534,2026-08-15,541.76,Grocery
ORD006992,CUST2276,2026-06-24,1870.21,Fashion
ORD011960,CUST2497,2026-09-03,8602.1,Electronics
ORD005083,CUST2078,2026-09-09,3065.54,Home & Kitchen
ORD003753,CUST1923,2026-05-24,710.93,Beauty
ORD004105,CUST1966,2026-06-25,8027.41,Electronics
ORD000669,CUST0669,2026-01-14,318.57,Grocery
ORD009422,CUST2405,2026-09-30,610.03,Grocery
ORD002628,CUST1625,2026-05-31,2223.44,Home & Kitchen
ORD000136,CUST0136,2026-02-06,1058.95,Beauty
ORD010374,CUST2444,2026-04-28,506.05,Grocery
ORD011853,CUST2494,2026-05-25,791.66,Beauty
ORD009341,CUST2401,2026-09-26,562.01,Fashion
ORD004619,CUST2026,2026-07-24,13291.17,Electronics
ORD000305,CUST0305,2026-08-30,435.68,Grocery
ORD009064,CUST2387,2026-09-15,6798.92,Electronics
ORD007767,CUST2316,2026-07-14,773.26,Home & Kitchen
ORD006419,CUST2237,2026-08-23,1954.99,Home & Kitchen
ORD005750,CUST2155,2026-09-12,1534.27,Home & Kitchen
ORD010332,CUST2442,2026-06-26,11213.27,Electronics
ORD007210,CUST2287,2026-08-28,6030.22,Electronics
ORD007676,CUST2311,2026-09-12,9140.23,Electronics
ORD002343,CUST1532,2026-06-07,8080.45,Electronics
ORD010619,CUST2452,2026-08-26,361.76,Grocery
ORD007888,CUST2323,2026-09-22,433.12,Grocery
ORD004891,CUST2056,2026-07-15,1698.97,Fashion
ORD007599,CUST2307,2026-09-24,415.02,Grocery
ORD003955,CUST1948,2026-09-18,1756.22,Home & Kitchen
ORD010721,CUST2455,2026-08-20,3197.22,Fashion
ORD008748,CUST2370,2026-07-09,541.26,Grocery
ORD011719,CUST2490,2026-07-28,780.03,Beauty
ORD011430,CUST2479,2026-08-03,3096.25,Electronics
ORD000219,CUST0219,2026-09-07,1552.68,Fashion
ORD000519,CUST0519,2026-02-03,2521.61,Electronics
ORD000397,CUST0397,2026-04-14,367.21,Grocery
ORD003523,CUST1895,2026-09-28,1334.4,Home & Kitchen
ORD005107,CUST2081,2026-06-29,952.7,Fashion
ORD000742,CUST0742,2026-04-23,1524.45,Fashion
ORD003854,CUST1935,2026-07-28,525.19,Grocery
ORD007841,CUST2320,2026-09-20,5166.36,Electronics
ORD002689,CUST1644,2026-06-23,484.62,Beauty
ORD005826,CUST2165,2026-03-08,5140.87,Electronics
ORD004421,CUST2004,2026-07-23,1812.96,Home & Kitchen
ORD010446,CUST2446,2026-06-18,649.24,Beauty
ORD000071,CUST0071,2026-03-17,1284.28,Beauty
ORD005803,CUST2162,2026-05-28,1485.05,Home & Kitchen
ORD000380,CUST0380,2026-08-20,2164.15,Home & Kitchen
ORD008939,CUST2380,2026-09-29,2231.15,Electronics
ORD010547,CUST2449,2026-09-05,939.13,Fashion
ORD008107,CUST2336,2026-03-23,339.07,Fashion
ORD011689,CUST2489,2026-08-05,333.9,Grocery
ORD005583,CUST2137,2026-06-30,1769.28,Home & Kitchen
ORD010766,CUST2457,2026-06-19,1327.4,Fashion
ORD003119,CUST1786,2026-08-05,692.89,Fashion
ORD007709,CUST2313,2026-09-14,10466.81,Electronics
ORD002544,CUST1597,2026-06-26,1593.0,Fashion
ORD000812,CUST0812,2026-05-17,3275.91,Home & Kitchen
ORD010745,CUST2456,2026-09-18,5568.3,Electronics
ORD011770,CUST2492,2026-09-03,477.38,Fashion
ORD003752,CUST1923,2026-05-12,1936.54,Home & Kitchen
ORD006962,CUST2274,2026-08-07,1226.99,Home & Kitchen
ORD009659,CUST2417,2026-04-25,1176.29,Home & Kitchen
ORD008999,CUST2383,2026-09-09,1201.15,Fashion
ORD003661,CUST1912,2026-06-01,1995.55,Home & Kitchen
ORD009514,CUST2410,2026-07-20,1544.99,Home & Kitchen
ORD010025,CUST2431,2026-09-10,7869.76,Electronics
ORD000201,CUST0201,2026-02-15,340.14,Grocery
ORD004771,CUST2044,2026-05-20,3816.06,Home & Kitchen
ORD002120,CUST1457,2026-09-22,514.4,Grocery
ORD009412,CUST2405,2026-09-25,10026.55,Electronics
ORD001140,CUST1131,2026-08-11,301.6,Grocery
ORD003014,CUST1753,2026-07-25,466.87,Fashion
ORD006131,CUST2205,2026-06-22,2789.44,Fashion
ORD010038,CUST2431,2026-09-30,1328.09,Home & Kitchen
ORD007454,CUST2299,2026-09-30,306.62,Fashion
ORD007632,CUST2309,2026-07-29,2380.09,Fashion
ORD004374,CUST1998,2026-08-15,1927.5,Beauty
ORD002443,CUST1565,2026-09-25,2056.91,Fashion
ORD007218,CUST2288,2026-07-21,251.22,Grocery
ORD008900,CUST2378,2026-09-25,352.37,Beauty
ORD003693,CUST1916,2026-08-25,412.58,Fashion
ORD001936,CUST1395,2026-08-16,2009.15,Fashion
ORD009157,CUST2392,2026-09-30,1618.04,Home & Kitchen
ORD006502,CUST2248,2026-08-12,445.24,Grocery
ORD008803,CUST2373,2026-06-30,4681.9,Electronics
ORD010770,CUST2457,2026-07-26,7464.29,Electronics
ORD001603,CUST1284,2026-06-07,2011.54,Home & Kitchen
ORD010207,CUST2438,2026-07-06,4260.13,Home & Kitchen
ORD005387,CUST2114,2026-09-30,528.65,Grocery
ORD011095,CUST2468,2026-09-21,3996.3,Home & Kitchen
ORD002448,CUST1567,2026-02-10,592.56,Grocery
ORD001220,CUST1157,2026-07-04,8726.34,Electronics
ORD006707,CUST2260,2026-08-23,1058.9,Fashion
ORD003486,CUST1890,2026-08-16,4939.99,Electronics
ORD007781,CUST2317,2026-08-01,6678.62,Electronics
ORD008877,CUST2377,2026-06-30,2253.92,Home & Kitchen
ORD011073,CUST2467,2026-09-17,7547.52,Electronics
ORD001198,CUST1150,2026-09-20,3242.9,Home & Kitchen
ORD011935,CUST2496,2026-09-30,1224.42,Home & Kitchen
ORD004119,CUST1967,2026-07-25,2754.13,Home & Kitchen
ORD002329,CUST1527,2026-03-16,2500.87,Home & Kitchen
ORD007821,CUST2319,2026-07-18,2530.49,Fashion
ORD008352,CUST2351,2026-04-13,417.21,Grocery
ORD011517,CUST2483,2026-09-14,1015.52,Beauty
ORD007746,CUST2315,2026-09-20,394.74,Fashion
ORD005272,CUST2101,2026-05-25,3686.77,Fashion
ORD002158,CUST1468,2026-09-27,1645.14,Beauty
ORD008546,CUST2360,2026-08-25,409.45,Grocery
ORD009045,CUST2386,2026-07-01,708.92,Fashion
ORD005533,CUST2131,2026-09-09,1454.25,Fashion
ORD007201,CUST2286,2026-09-23,1210.58,Fashion
ORD000020,CUST0020,2026-02-15,802.16,Grocery
ORD010832,CUST2460,2026-08-24,7060.7,Electronics
ORD000555,CUST0555,2026-08-16,336.09,Beauty
ORD005131,CUST2084,2026-04-05,618.41,Beauty
ORD006120,CUST2203,2026-09-19,400.72,Grocery
ORD005539,CUST2132,2026-09-15,1568.87,Fashion
ORD009186,CUST2394,2026-07-25,1696.62,Home & Kitchen
ORD002629,CUST1625,2026-06-25,1398.18,Fashion
ORD009919,CUST2428,2026-07-03,9129.57,Electronics
ORD001471,CUST1240,2026-07-13,5809.25,Electronics
ORD003345,CUST1868,2026-08-19,1021.23,Fashion
ORD006330,CUST2227,2026-06-04,2576.73,Home & Kitchen
ORD007357,CUST2294,2026-09-18,991.75,Beauty
ORD001635,CUST1295,2026-07-04,1043.39,Beauty
ORD001415,CUST1222,2026-09-14,782.09,Grocery
ORD007318,CUST2292,2026-08-05,7777.59,Electronics
ORD002508,CUST1586,2026-08-30,3944.33,Home & Kitchen
ORD009288,CUST2399,2026-05-07,3896.05,Fashion
ORD004101,CUST1965,2026-08-22,6697.15,Electronics
ORD004644,CUST2029,2026-05-26,8898.71,Electronics
ORD003080,CUST1775,2026-06-05,478.03,Grocery
ORD005460,CUST2123,2026-06-28,9794.71,Electronics
ORD006026,CUST2190,2026-05-04,2769.66,Home & Kitchen
ORD001428,CUST1227,2026-08-14,2196.85,Fashion
ORD001714,CUST1321,2026-08-05,307.86,Fashion
ORD002406,CUST1553,2026-08-30,1044.9,Grocery
ORD011407,CUST2479,2026-02-08,20164.02,Electronics
ORD009454,CUST2407,2026-05-23,3162.4,Electronics
ORD008407,CUST2353,2026-09-25,1798.39,Home & Kitchen
ORD008992,CUST2383,2026-07-24,4316.54,Home & Kitchen
ORD011885,CUST2495,2026-09-09,718.05,Grocery
ORD003887,CUST1939,2026-09-03,6275.61,Electronics
ORD007681,CUST2312,2026-05-02,2558.14,Home & Kitchen
ORD010695,CUST2454,2026-09-26,3997.74,Home & Kitchen
ORD009691,CUST2418,2026-09-24,7166.27,Electronics
ORD009907,CUST2428,2026-05-05,76066.08,Electronics
ORD010084,CUST2433,2026-08-10,1750.32,Home & Kitchen
ORD009595,CUST2414,2026-05-02,6227.47,Electronics
ORD002393,CUST1549,2026-07-08,1175.57,Home & Kitchen
ORD009450,CUST2407,2026-03-29,1025.9,Fashion
ORD006068,CUST2196,2026-07-04,527.35,Fashion
ORD010424,CUST2445,2026-08-24,687.38,Fashion
ORD000425,CUST0425,2026-09-16,745.62,Beauty
ORD004992,CUST2067,2026-08-02,1937.14,Fashion
ORD006845,CUST2267,2026-08-24,1909.47,Fashion
ORD007502,CUST2302,2026-09-25,12228.55,Electronics
ORD005495,CUST2126,2026-09-20,5927.5,Electronics
ORD001209,CUST1154,2026-06-26,1320.02,Fashion
ORD009567,CUST2413,2026-06-14,1713.52,Home & Kitchen
ORD005925,CUST2176,2026-09-29,392.89,Beauty
ORD008139,CUST2338,2026-09-17,3347.34,Fashion
ORD007665,CUST2311,2026-07-06,8426.02,Electronics
ORD008178,CUST2339,2026-09-26,1542.4,Beauty
ORD009044,CUST2386,2026-06-26,7976.7,Electronics
ORD009662,CUST2417,2026-06-07,1018.96,Fashion
ORD002859,CUST1702,2026-08-08,803.14,Beauty
ORD009913,CUST2428,2026-06-03,2897.69,Home & Kitchen
ORD004694,CUST2034,2026-06-24,605.31,Grocery
ORD003653,CUST1911,2026-08-01,620.63,Grocery
ORD003711,CUST1918,2026-06-22,379.39,Grocery
ORD006082,CUST2198,2026-07-21,340.8,Beauty
ORD011674,CUST2489,2026-05-21,3872.11,Home & Kitchen
ORD010135,CUST2435,2026-02-12,4502.31,Electronics
ORD009392,CUST2404,2026-07-24,5818.41,Fashion
ORD002055,CUST1434,2026-09-15,13447.68,Electronics
ORD008261,CUST2344,2026-09-17,7358.14,Electronics
ORD006159,CUST2208,2026-09-11,562.14,Grocery
ORD003335,CUST1865,2026-06-05,411.21,Fashion
ORD008277,CUST2346,2026-07-25,497.35,Grocery
ORD009771,CUST2423,2026-07-19,1338.55,Beauty
ORD003496,CUST1891,2026-09-17,725.82,Grocery
ORD003285,CUST1846,2026-09-28,1109.85,Fashion
ORD012080,CUST2500,2026-09-26,1160.39,Home & Kitchen
ORD011802,CUST2492,2026-09-24,5252.86,Electronics
ORD005330,CUST2107,2026-09-15,886.44,Grocery
ORD006858,CUST2268,2026-08-06,423.74,Grocery
ORD010727,CUST2455,2026-09-03,4280.23,Electronics
ORD004330,CUST1991,2026-06-26,466.88,Grocery
ORD003404,CUST1881,2026-07-11,400.86,Grocery
ORD005748,CUST2155,2026-08-23,657.07,Beauty
ORD006212,CUST2213,2026-08-31,2364.92,Fashion
ORD004605,CUST2024,2026-09-16,544.95,Grocery
ORD010746,CUST2456,2026-09-18,401.96,Grocery
ORD007672,CUST2311,2026-08-11,525.01,Grocery
ORD000096,CUST0096,2026-02-10,926.46,Beauty
ORD005177,CUST2089,2026-09-20,5534.58,Electronics
ORD011150,CUST2471,2026-07-25,9914.01,Electronics
ORD010829,CUST2460,2026-08-23,11791.97,Electronics
ORD008053,CUST2332,2026-07-08,11082.46,Electronics
ORD001007,CUST1007,2026-07-14,772.46,Fashion
ORD000358,CUST0358,2026-03-31,1065.6,Beauty
ORD009845,CUST2426,2026-07-14,624.46,Fashion
ORD001985,CUST1412,2026-06-19,1578.2,Fashion
ORD000909,CUST0909,2026-03-08,810.99,Grocery
ORD001571,CUST1273,2026-09-04,675.84,Fashion
ORD003419,CUST1882,2026-09-23,2822.03,Home & Kitchen
ORD011211,CUST2472,2026-09-30,797.39,Fashion
ORD002239,CUST1496,2026-08-12,2022.93,Home & Kitchen
ORD007234,CUST2288,2026-09-14,7305.62,Electronics
ORD002674,CUST1639,2026-07-01,743.62,Beauty
ORD002587,CUST1611,2026-06-07,1625.59,Home & Kitchen
ORD008792,CUST2372,2026-09-25,1740.14,Home & Kitchen
ORD004076,CUST1963,2026-09-18,649.59,Fashion
ORD002421,CUST1558,2026-07-15,1841.13,Home & Kitchen
ORD006490,CUST2246,2026-08-31,1152.09,Beauty
ORD007883,CUST2323,2026-09-20,1150.5,Grocery
ORD009117,CUST2390,2026-08-08,2811.77,Home & Kitchen
ORD002232,CUST1494,2026-09-22,311.26,Grocery
ORD004084,CUST1963,2026-09-30,735.84,Fashion
ORD005093,CUST2080,2026-02-24,594.33,Grocery
ORD010866,CUST2461,2026-06-02,3595.06,Fashion
ORD005729,CUST2153,2026-07-26,849.98,Grocery
ORD007513,CUST2303,2026-03-22,1133.75,Fashion
ORD003007,CUST1751,2026-08-28,1216.77,Home & Kitchen
ORD003551,CUST1898,2026-09-14,4208.36,Electronics
ORD003884,CUST1939,2026-07-24,1873.83,Fashion
ORD004455,CUST2008,2026-09-25,633.53,Fashion
ORD009850,CUST2426,2026-08-14,3768.35,Electronics
ORD008486,CUST2357,2026-06-30,661.85,Grocery
ORD006518,CUST2249,2026-08-23,298.13,Grocery
ORD002953,CUST1733,2026-08-21,407.81,Grocery
ORD009700,CUST2419,2026-07-15,1354.65,Fashion
ORD007446,CUST2299,2026-09-25,8390.6,Electronics
ORD010625,CUST2452,2026-09-11,8980.79,Electronics
ORD006626,CUST2256,2026-09-10,1388.55,Home & Kitchen
ORD000102,CUST0102,2026-07-15,877.3,Fashion
ORD003102,CUST1781,2026-09-15,631.49,Grocery
ORD010164,CUST2436,2026-08-14,631.79,Grocery
ORD006785,CUST2264,2026-09-10,416.97,Grocery
ORD004852,CUST2052,2026-09-15,9353.2,Electronics
ORD002058,CUST1436,2026-07-30,1112.45,Fashion
ORD006773,CUST2264,2026-04-26,655.19,Fashion
ORD010014,CUST2431,2026-08-10,9240.58,Electronics
ORD005472,CUST2124,2026-08-17,5727.62,Electronics
ORD002969,CUST1739,2026-06-26,816.04,Fashion
ORD001731,CUST1327,2026-09-17,1377.26,Fashion
ORD005147,CUST2086,2026-09-28,1414.43,Home & Kitchen
ORD006831,CUST2267,2026-03-26,1068.08,Beauty
ORD010417,CUST2445,2026-08-03,327.54,Beauty
ORD000100,CUST0100,2026-02-22,2634.06,Home & Kitchen
ORD006595,CUST2255,2026-09-22,1430.87,Beauty
ORD008198,CUST2341,2026-06-17,15879.01,Electronics
ORD001656,CUST1302,2026-07-01,3231.92,Home & Kitchen
ORD007959,CUST2327,2026-09-10,3249.37,Electronics
ORD009411,CUST2405,2026-09-25,721.82,Beauty
ORD006951,CUST2273,2026-09-29,8547.93,Electronics
ORD001158,CUST1138,2026-06-28,671.85,Grocery
ORD003462,CUST1887,2026-08-02,8517.91,Electronics
ORD009727,CUST2420,2026-08-30,2295.36,Home & Kitchen
ORD010244,CUST2439,2026-07-08,3596.74,Electronics
ORD004610,CUST2025,2026-09-17,304.98,Grocery
ORD007932,CUST2325,2026-09-20,16265.04,Electronics
ORD003326,CUST1861,2026-03-13,2881.58,Home & Kitchen
ORD000625,CUST0625,2026-04-26,1858.22,Fashion
ORD006976,CUST2275,2026-08-13,1871.53,Fashion
ORD005462,CUST2123,2026-08-21,719.75,Fashion
ORD001433,CUST1228,2026-09-14,749.3,Grocery
ORD004696,CUST2034,2026-09-10,575.63,Grocery
ORD003709,CUST1918,2026-06-13,3692.0,Electronics
ORD006132,CUST2205,2026-07-02,330.95,Fashion
ORD010854,CUST2460,2026-09-16,11014.25,Electronics
ORD009534,CUST2411,2026-07-19,3635.31,Electronics
ORD008835,CUST2374,2026-09-04,5179.06,Home & Kitchen
ORD001935,CUST1395,2026-07-23,1543.53,Fashion
ORD007440,CUST2299,2026-09-22,5790.26,Electronics
ORD001672,CUST1307,2026-09-09,746.16,Beauty
ORD000386,CUST0386,2026-09-02,712.27,Beauty
ORD000701,CUST0701,2026-01-07,736.57,Beauty
ORD000120,CUST0120,2026-02-16,8814.72,Electronics
ORD009203,CUST2395,2026-05-06,946.42,Fashion
ORD000648,CUST0648,2026-09-11,1048.28,Beauty
ORD009439,CUST2406,2026-08-02,8454.16,Electronics
ORD003379,CUST1877,2026-08-04,2621.98,Home & Kitchen
ORD007349,CUST2294,2026-09-12,4155.91,Home & Kitchen
ORD007136,CUST2283,2026-09-29,920.94,Grocery
ORD009886,CUST2427,2026-08-28,6313.77,Home & Kitchen
ORD005441,CUST2120,2026-09-17,1131.42,Home & Kitchen
ORD001966,CUST1405,2026-03-22,10214.95,Electronics
ORD009103,CUST2389,2026-09-28,400.93,Grocery
ORD009270,CUST2398,2026-05-13,7978.94,Electronics
ORD000430,CUST0430,2026-05-12,838.58,Fashion
ORD005520,CUST2129,2026-09-29,8137.82,Electronics
ORD008537,CUST2360,2026-07-28,694.96,Beauty
ORD002168,CUST1473,2026-09-12,4422.67,Electronics
ORD003596,CUST1903,2026-08-21,9545.29,Electronics
ORD003706,CUST1918,2026-04-11,497.75,Beauty
ORD006225,CUST2215,2026-09-30,534.11,Fashion
ORD004024,CUST1956,2026-06-15,678.4,Beauty
ORD011409,CUST2479,2026-02-24,467.88,Grocery
ORD003791,CUST1927,2026-09-17,1426.75,Fashion
ORD005217,CUST2094,2026-09-30,8436.8,Electronics
ORD005815,CUST2163,2026-09-30,1954.3,Fashion
ORD001214,CUST1156,2026-06-08,1684.27,Beauty
ORD011795,CUST2492,2026-09-19,4754.44,Electronics
ORD003026,CUST1758,2026-05-12,328.88,Grocery
ORD007470,CUST2301,2026-06-30,4541.27,Home & Kitchen
ORD003414,CUST1882,2026-08-29,8307.72,Electronics
ORD009000,CUST2383,2026-09-18,292.3,Beauty
ORD007504,CUST2302,2026-09-27,5165.05,Electronics
ORD007751,CUST2316,2026-05-19,11500.41,Electronics
ORD007817,CUST2319,2026-05-27,708.91,Fashion
ORD007531,CUST2304,2026-07-13,2214.94,Home & Kitchen
ORD006271,CUST2220,2026-09-02,606.9,Fashion
ORD000488,CUST0488,2026-06-10,2340.86,Home & Kitchen
ORD005067,CUST2077,2026-06-06,9601.04,Electronics
ORD007109,CUST2282,2026-09-08,1699.61,Home & Kitchen
ORD007382,CUST2295,2026-09-24,4780.01,Home & Kitchen
ORD009347,CUST2401,2026-09-30,1011.31,Home & Kitchen
ORD006795,CUST2265,2026-09-16,517.82,Grocery
ORD000851,CUST0851,2026-01-18,8169.0,Electronics
ORD001513,CUST1253,2026-01-23,3218.08,Fashion
ORD002996,CUST1747,2026-09-17,4249.15,Home & Kitchen
ORD008335,CUST2349,2026-09-30,2527.01,Home & Kitchen
ORD006459,CUST2241,2026-08-18,9638.85,Electronics
ORD004756,CUST2041,2026-08-19,3837.13,Home & Kitchen
ORD002013,CUST1422,2026-04-12,2722.78,Home & Kitchen
ORD001563,CUST1270,2026-06-30,755.34,Fashion
ORD001374,CUST1208,2026-06-18,7986.19,Electronics
ORD002040,CUST1430,2026-07-07,2911.59,Electronics
ORD009124,CUST2391,2026-08-24,1518.38,Fashion
ORD008751,CUST2370,2026-08-12,336.79,Grocery
ORD004061,CUST1961,2026-02-17,1646.07,Fashion
ORD005703,CUST2150,2026-08-10,3222.84,Home & Kitchen
ORD011416,CUST2479,2026-04-24,4560.32,Electronics
ORD006823,CUST2266,2026-09-30,1885.89,Home & Kitchen
ORD002037,CUST1429,2026-08-03,748.49,Fashion
ORD006706,CUST2260,2026-08-13,3165.46,Home & Kitchen
ORD007678,CUST2311,2026-09-22,2142.09,Home & Kitchen
ORD003913,CUST1943,2026-09-05,881.37,Beauty
ORD001278,CUST1176,2026-09-28,905.54,Fashion
ORD009834,CUST2426,2026-06-05,3091.04,Fashion
ORD006857,CUST2268,2026-08-03,1619.2,Fashion
ORD009061,CUST2387,2026-09-05,1495.96,Home & Kitchen
ORD000750,CUST0750,2026-09-28,5938.19,Home & Kitchen
ORD002541,CUST1596,2026-09-29,843.96,Fashion
ORD010632,CUST2452,2026-09-19,5714.84,Home & Kitchen
ORD008217,CUST2342,2026-08-26,1041.03,Fashion
ORD010305,CUST2441,2026-07-25,3951.65,Home & Kitchen
ORD000048,CUST0048,2026-06-29,2790.16,Home & Kitchen
ORD003298,CUST1851,2026-08-20,743.09,Grocery
ORD004049,CUST1959,2026-09-26,206.12,Grocery
ORD008128,CUST2337,2026-07-01,1728.73,Home & Kitchen
ORD006758,CUST2263,2026-09-01,914.08,Grocery
ORD006503,CUST2248,2026-08-30,812.68,Fashion
ORD006692,CUST2260,2026-02-16,572.56,Grocery
ORD000748,CUST0748,2026-06-16,1011.13,Beauty
ORD003133,CUST1792,2026-07-27,1165.36,Fashion
ORD011927,CUST2496,2026-09-29,10268.27,Electronics
ORD007929,CUST2325,2026-08-19,6886.36,Electronics
ORD011442,CUST2480,2026-08-08,8100.76,Electronics
ORD001122,CUST1122,2026-02-24,769.13,Grocery
ORD001840,CUST1366,2026-07-02,988.55,Fashion
ORD009819,CUST2425,2026-03-11,491.99,Grocery
ORD004011,CUST1955,2026-07-31,649.12,Fashion
ORD012032,CUST2499,2026-07-14,1033.46,Beauty
ORD002320,CUST1523,2026-08-01,301.46,Fashion
ORD011929,CUST2496,2026-09-29,10668.25,Electronics
ORD004872,CUST2053,2026-09-30,4577.86,Home & Kitchen
ORD011706,CUST2490,2026-05-24,743.84,Fashion
ORD012004,CUST2498,2026-09-18,1203.96,Beauty
ORD001403,CUST1218,2026-08-10,3681.11,Home & Kitchen
ORD000246,CUST0246,2026-06-13,1116.84,Home & Kitchen
ORD004265,CUST1984,2026-08-21,8096.45,Electronics
ORD008686,CUST2367,2026-06-28,2442.72,Home & Kitchen
ORD011541,CUST2484,2026-05-27,621.76,Grocery
ORD003621,CUST1906,2026-09-30,667.87,Beauty
ORD005385,CUST2113,2026-09-21,3215.29,Home & Kitchen
ORD002169,CUST1474,2026-07-05,2677.11,Fashion
ORD008275,CUST2345,2026-09-09,3399.97,Fashion
ORD007145,CUST2284,2026-06-01,7914.16,Electronics
ORD007794,CUST2318,2026-09-12,6751.14,Home & Kitchen
ORD001984,CUST1412,2026-06-10,533.08,Grocery
ORD004166,CUST1972,2026-09-16,6862.87,Home & Kitchen
ORD005283,CUST2102,2026-05-21,412.57,Grocery
ORD006443,CUST2240,2026-05-17,1117.4,Home & Kitchen
ORD010916,CUST2462,2026-09-25,988.67,Beauty
ORD002632,CUST1626,2026-09-28,390.43,Beauty
ORD002767,CUST1672,2026-07-25,1737.96,Fashion
ORD004723,CUST2037,2026-08-21,7292.44,Home & Kitchen
ORD007631,CUST2309,2026-07-13,355.07,Grocery
ORD005228,CUST2095,2026-09-30,371.74,Grocery
ORD001079,CUST1079,2026-01-19,4489.29,Electronics
ORD007656,CUST2310,2026-09-10,251.05,Grocery
ORD012007,CUST2498,2026-09-27,25924.11,Electronics
ORD004221,CUST1978,2026-04-22,13892.13,Electronics
ORD005033,CUST2072,2026-08-09,729.34,Fashion
ORD005889,CUST2172,2026-09-26,561.79,Fashion
ORD001721,CUST1323,2026-04-25,416.71,Grocery
ORD000462,CUST0462,2026-03-02,1894.0,Home & Kitchen
ORD001370,CUST1207,2026-09-11,1957.34,Home & Kitchen
ORD011525,CUST2483,2026-09-17,1658.28,Home & Kitchen
ORD001143,CUST1132,2026-09-30,8625.19,Electronics
ORD002423,CUST1559,2026-02-14,2464.12,Fashion
ORD012038,CUST2499,2026-09-07,2351.11,Home & Kitchen
ORD005560,CUST2134,2026-09-29,9202.66,Electronics
ORD005580,CUST2137,2026-03-29,679.44,Grocery
ORD007230,CUST2288,2026-09-03,4470.42,Electronics
ORD000015,CUST0015,2026-08-27,861.21,Beauty
ORD008241,CUST2343,2026-09-23,1724.98,Fashion
ORD004059,CUST1960,2026-09-27,1161.32,Beauty
ORD010214,CUST2438,2026-07-24,1292.92,Fashion
ORD008279,CUST2346,2026-07-27,1822.81,Home & Kitchen
ORD008526,CUST2359,2026-09-07,917.62,Grocery
ORD004163,CUST1972,2026-07-10,3472.36,Home & Kitchen
ORD010239,CUST2439,2026-06-25,8481.03,Electronics
ORD006608,CUST2255,2026-09-30,951.49,Grocery
ORD006473,CUST2243,2026-09-13,15691.81,Electronics
ORD003692,CUST1916,2026-08-08,676.87,Grocery
ORD005298,CUST2103,2026-09-24,2866.16,Fashion
ORD001040,CUST1040,2026-09-30,11265.76,Electronics
ORD011986,CUST2498,2026-07-15,781.56,Beauty
ORD010188,CUST2437,2026-09-14,1177.18,Fashion
ORD003920,CUST1943,2026-09-28,597.54,Grocery
ORD008061,CUST2333,2026-03-21,364.54,Grocery
ORD006014,CUST2188,2026-08-23,11384.91,Electronics
ORD004743,CUST2039,2026-09-06,1650.03,Home & Kitchen
ORD005886,CUST2172,2026-03-29,352.05,Fashion
ORD003577,CUST1901,2026-06-19,1352.45,Grocery
ORD002222,CUST1491,2026-09-25,815.03,Grocery
ORD001359,CUST1203,2026-06-21,1373.94,Fashion
ORD008432,CUST2355,2026-01-31,276.09,Grocery
ORD004133,CUST1968,2026-09-20,1216.07,Fashion
ORD005584,CUST2137,2026-07-25,485.47,Grocery
ORD002413,CUST1555,2026-08-24,1198.9,Grocery
ORD001702,CUST1317,2026-06-15,2071.37,Home & Kitchen
ORD007449,CUST2299,2026-09-26,489.01,Fashion
ORD011685,CUST2489,2026-07-20,494.04,Grocery
ORD011914,CUST2495,2026-09-29,7898.42,Fashion
ORD008444,CUST2355,2026-07-14,9820.14,Electronics
ORD009584,CUST2413,2026-09-18,1787.55,Home & Kitchen
ORD001663,CUST1304,2026-07-17,1561.86,Home & Kitchen
ORD000215,CUST0215,2026-01-13,856.64,Fashion
ORD010886,CUST2461,2026-09-01,2138.76,Home & Kitchen
ORD005708,CUST2150,2026-09-20,870.92,Fashion
ORD002151,CUST1466,2026-08-25,515.39,Grocery
ORD004780,CUST2044,2026-09-03,2633.57,Home & Kitchen
ORD009442,CUST2406,2026-09-10,1292.78,Home & Kitchen
ORD008778,CUST2372,2026-09-19,4540.66,Home & Kitchen
ORD001951,CUST1401,2026-09-13,1422.63,Fashion
ORD001741,CUST1331,2026-09-10,830.46,Grocery
ORD005156,CUST2087,2026-09-19,682.36,Fashion
ORD008800,CUST2372,2026-09-29,279.64,Grocery
ORD002125,CUST1458,2026-08-03,971.01,Fashion
ORD005154,CUST2087,2026-09-08,1715.6,Fashion
ORD003947,CUST1947,2026-07-05,551.59,Home & Kitchen
ORD001965,CUST1405,2026-03-14,972.79,Home & Kitchen
ORD010771,CUST2457,2026-08-06,15318.18,Electronics
ORD009750,CUST2421,2026-09-08,905.99,Home & Kitchen
ORD008345,CUST2350,2026-09-16,1629.13,Home & Kitchen
ORD001400,CUST1217,2026-09-30,2259.06,Fashion
ORD000840,CUST0840,2026-01-08,522.9,Beauty
ORD006667,CUST2258,2026-09-28,3318.33,Home & Kitchen
ORD004289,CUST1987,2026-08-30,3439.53,Fashion
ORD006408,CUST2236,2026-06-20,887.78,Grocery
ORD011574,CUST2485,2026-04-02,415.3,Beauty
ORD008938,CUST2380,2026-09-26,816.53,Fashion
ORD007020,CUST2278,2026-06-23,376.44,Grocery
ORD009855,CUST2426,2026-08-29,495.07,Grocery
ORD000032,CUST0032,2026-07-13,460.23,Fashion
ORD006246,CUST2217,2026-09-22,2300.63,Beauty
ORD000745,CUST0745,2026-04-05,499.67,Grocery
ORD003703,CUST1917,2026-09-01,290.83,Grocery
ORD012010,CUST2499,2026-01-15,11331.43,Electronics
ORD011606,CUST2486,2026-08-24,5245.4,Electronics
ORD006135,CUST2205,2026-09-04,1819.58,Home & Kitchen
ORD009648,CUST2416,2026-08-27,3492.83,Home & Kitchen
ORD005805,CUST2163,2026-09-22,3164.03,Home & Kitchen
ORD000051,CUST0051,2026-02-24,1056.44,Home & Kitchen
ORD000484,CUST0484,2026-06-21,2542.01,Fashion
ORD011811,CUST2493,2026-09-28,5082.25,Home & Kitchen
ORD005853,CUST2168,2026-09-02,2540.98,Electronics
ORD010197,CUST2437,2026-09-24,12916.81,Electronics
ORD011082,CUST2468,2026-09-07,658.47,Beauty
ORD011961,CUST2497,2026-09-05,13033.29,Electronics
ORD008891,CUST2378,2026-09-12,3066.04,Home & Kitchen
ORD002268,CUST1505,2026-05-07,7790.12,Electronics
ORD012023,CUST2499,2026-05-23,7068.9,Beauty
ORD003976,CUST1950,2026-09-30,9819.22,Electronics
ORD009390,CUST2404,2026-05-27,1183.18,Fashion
ORD008185,CUST2340,2026-09-15,662.28,Fashion
ORD008672,CUST2366,2026-09-18,806.62,Grocery
ORD003039,CUST1762,2026-01-31,2057.79,Fashion
ORD009467,CUST2407,2026-09-04,240.05,Grocery
ORD002472,CUST1574,2026-06-13,652.53,Home & Kitchen
ORD004448,CUST2007,2026-09-26,1965.64,Home & Kitchen
ORD007279,CUST2290,2026-09-20,3827.94,Home & Kitchen
ORD001352,CUST1201,2026-09-30,580.95,Grocery
ORD010359,CUST2443,2026-09-20,4576.82,Electronics
ORD002465,CUST1571,2026-09-27,2131.79,Home & Kitchen
ORD001283,CUST1178,2026-05-08,531.06,Grocery
ORD004984,CUST2066,2026-08-23,457.67,Grocery
ORD007624,CUST2308,2026-09-16,17625.48,Electronics
ORD004767,CUST2043,2026-05-21,5876.78,Electronics
ORD011733,CUST2490,2026-09-18,8386.28,Home & Kitchen
ORD003255,CUST1836,2026-05-17,12549.85,Electronics
ORD008041,CUST2331,2026-09-25,1172.05,Fashion
ORD005322,CUST2107,2026-02-28,9936.74,Electronics
ORD008538,CUST2360,2026-08-05,752.3,Grocery
ORD000857,CUST0857,2026-01-02,2099.41,Fashion
ORD006837,CUST2267,2026-07-12,1390.34,Home & Kitchen
ORD004376,CUST1999,2026-07-08,277.52,Beauty
ORD007320,CUST2292,2026-08-24,1430.01,Home & Kitchen
ORD003874,CUST1937,2026-08-12,3093.37,Home & Kitchen
ORD005211,CUST2094,2026-09-27,525.52,Grocery
ORD010563,CUST2450,2026-09-24,881.06,Fashion
ORD001492,CUST1247,2026-06-30,671.69,Fashion
ORD005026,CUST2071,2026-07-24,876.83,Grocery
ORD001434,CUST1229,2026-04-18,1014.11,Fashion
ORD002621,CUST1623,2026-09-20,525.31,Grocery
ORD003091,CUST1778,2026-07-20,4697.29,Home & Kitchen
ORD012039,CUST2499,2026-09-07,11791.2,Electronics
ORD001218,CUST1157,2026-05-22,2903.4,Electronics
ORD007198,CUST2286,2026-09-10,829.1,Grocery
ORD003459,CUST1887,2026-06-15,1008.03,Home & Kitchen
ORD002883,CUST1710,2026-07-28,1353.65,Fashion
ORD010115,CUST2434,2026-07-18,9005.99,Electronics
ORD006559,CUST2253,2026-07-08,408.48,Grocery
ORD011408,CUST2479,2026-02-20,2797.2,Home & Kitchen
ORD001384,CUST1213,2026-07-06,599.11,Beauty
ORD008289,CUST2346,2026-09-18,609.36,Grocery
ORD004120,CUST1967,2026-08-24,8336.77,Electronics
ORD006867,CUST2269,2026-08-27,2994.25,Home & Kitchen
ORD007580,CUST2306,2026-08-25,3428.91,Home & Kitchen
ORD006553,CUST2252,2026-09-20,3009.47,Home & Kitchen
ORD010877,CUST2461,2026-07-11,2417.02,Home & Kitchen
ORD008159,CUST2339,2026-03-03,12198.12,Electronics
ORD005146,CUST2086,2026-09-16,1804.36,Fashion
ORD005471,CUST2124,2026-08-10,1894.25,Home & Kitchen
ORD007911,CUST2324,2026-07-29,1972.07,Fashion
ORD003449,CUST1886,2026-03-01,432.7,Fashion
ORD001587,CUST1278,2026-06-25,1313.79,Fashion
ORD011758,CUST2491,2026-08-31,5142.77,Home & Kitchen
ORD000435,CUST0435,2026-01-17,629.85,Grocery
ORD005652,CUST2144,2026-09-30,9911.83,Electronics
ORD001689,CUST1313,2026-04-04,1164.24,Fashion
ORD011620,CUST2487,2026-06-26,4271.63,Electronics
ORD001979,CUST1410,2026-03-31,706.71,Home & Kitchen
ORD003524,CUST1895,2026-09-28,4991.87,Home & Kitchen
ORD011736,CUST2490,2026-09-21,1675.82,Home & Kitchen
ORD010527,CUST2448,2026-09-17,2168.54,Home & Kitchen
ORD004618,CUST2026,2026-06-22,1557.71,Home & Kitchen
ORD003035,CUST1760,2026-09-26,9544.58,Electronics
ORD004920,CUST2059,2026-09-09,1015.9,Fashion
ORD002319,CUST1523,2026-01-29,573.01,Grocery
ORD006327,CUST2226,2026-08-28,7702.67,Electronics
ORD001409,CUST1221,2026-06-24,3219.36,Home & Kitchen
ORD003316,CUST1858,2026-08-03,818.96,Grocery
ORD002334,CUST1529,2026-01-10,1069.25,Fashion
ORD005336,CUST2108,2026-05-29,1863.96,Home & Kitchen
ORD011117,CUST2469,2026-09-24,1886.17,Home & Kitchen
ORD001167,CUST1141,2026-03-05,660.07,Fashion
ORD010273,CUST2440,2026-08-09,7175.39,Electronics
ORD009726,CUST2420,2026-08-27,3093.78,Home & Kitchen
ORD005071,CUST2077,2026-08-28,634.25,Grocery
ORD011854,CUST2494,2026-06-06,653.11,Grocery
ORD005282,CUST2102,2026-04-15,604.2,Grocery
ORD011356,CUST2477,2026-07-25,3281.27,Home & Kitchen
ORD011119,CUST2469,2026-09-27,736.57,Fashion
ORD005009,CUST2069,2026-07-21,1201.36,Fashion
ORD009013,CUST2384,2026-08-23,1019.06,Fashion
ORD009718,CUST2420,2026-07-28,2282.78,Electronics
ORD002716,CUST1654,2026-09-01,506.77,Grocery
ORD000108,CUST0108,2026-07-18,700.44,Beauty
ORD002743,CUST1663,2026-06-26,624.47,Beauty
ORD003953,CUST1947,2026-09-03,1127.14,Home & Kitchen
ORD005355,CUST2111,2026-06-15,767.93,Grocery
ORD007615,CUST2308,2026-08-07,919.66,Fashion
ORD003910,CUST1942,2026-09-12,735.38,Grocery
ORD000972,CUST0972,2026-06-27,1081.52,Beauty
ORD011911,CUST2495,2026-09-26,4061.07,Home & Kitchen
ORD010253,CUST2439,2026-09-06,2597.87,Home & Kitchen
ORD011969,CUST2497,2026-09-20,10071.35,Electronics
ORD000218,CUST0218,2026-07-03,923.59,Fashion
ORD010816,CUST2459,2026-09-16,2073.18,Home & Kitchen
ORD011800,CUST2492,2026-09-23,251.93,Grocery
ORD005590,CUST2138,2026-07-03,408.12,Fashion
ORD011921,CUST2496,2026-09-28,1554.1,Fashion
ORD005567,CUST2135,2026-09-27,437.51,Fashion
ORD001419,CUST1223,2026-08-31,551.4,Grocery
ORD000511,CUST0511,2026-05-04,965.8,Fashion
ORD007747,CUST2315,2026-09-21,8898.35,Electronics
ORD005278,CUST2101,2026-08-29,795.36,Fashion
ORD006836,CUST2267,2026-06-22,897.76,Grocery
ORD011916,CUST2496,2026-09-28,781.43,Fashion
ORD000574,CUST0574,2026-08-09,478.58,Fashion
ORD005260,CUST2099,2026-08-07,292.5,Fashion
ORD000040,CUST0040,2026-07-12,2165.32,Home & Kitchen
ORD003248,CUST1833,2026-09-12,392.45,Beauty
ORD008615,CUST2363,2026-09-29,707.77,Fashion
ORD008356,CUST2351,2026-06-07,675.75,Fashion
ORD006930,CUST2272,2026-08-24,328.51,Grocery
ORD001596,CUST1281,2026-09-06,2455.18,Home & Kitchen
ORD007732,CUST2314,2026-09-30,6227.5,Home & Kitchen
ORD005408,CUST2117,2026-05-14,5822.95,Electronics
ORD007945,CUST2326,2026-09-16,907.37,Fashion
ORD004216,CUST1978,2026-03-07,639.87,Grocery
ORD006326,CUST2226,2026-08-27,2792.29,Home & Kitchen
ORD006513,CUST2249,2026-08-07,331.75,Grocery
ORD005951,CUST2180,2026-09-28,2234.29,Fashion
ORD002586,CUST1611,2026-05-19,661.38,Beauty
ORD008219,CUST2342,2026-09-03,11757.53,Electronics
ORD000347,CUST0347,2026-08-15,481.78,Beauty
ORD002440,CUST1564,2026-09-30,904.3,Beauty
ORD007314,CUST2292,2026-06-23,433.42,Grocery
ORD005201,CUST2092,2026-09-26,307.21,Grocery
ORD008588,CUST2362,2026-07-19,313.82,Grocery
ORD005968,CUST2183,2026-07-08,3168.48,Fashion
ORD007061,CUST2280,2026-04-11,5741.77,Electronics
ORD002634,CUST1627,2026-04-20,904.54,Beauty
ORD010472,CUST2446,2026-09-14,970.06,Beauty
ORD003239,CUST1830,2026-02-25,9151.31,Electronics
ORD011410,CUST2479,2026-03-01,1292.1,Home & Kitchen
ORD002089,CUST1445,2026-09-29,1056.61,Fashion
ORD007539,CUST2304,2026-08-22,1210.03,Fashion
ORD008886,CUST2377,2026-08-21,9265.93,Electronics
ORD011486,CUST2481,2026-08-01,13455.32,Electronics
ORD004334,CUST1991,2026-09-05,3460.76,Home & Kitchen
ORD011493,CUST2481,2026-09-13,333.41,Grocery
ORD004924,CUST2060,2026-07-04,12866.84,Electronics
ORD004100,CUST1965,2026-08-13,498.57,Grocery
ORD003781,CUST1926,2026-08-17,1763.7,Home & Kitchen
ORD007378,CUST2295,2026-09-17,13132.69,Electronics
ORD001003,CUST1003,2026-09-02,538.63,Grocery
ORD009374,CUST2403,2026-08-17,7574.48,Electronics
ORD005382,CUST2113,2026-07-03,769.06,Grocery
ORD008994,CUST2383,2026-08-04,1962.54,Home & Kitchen
ORD005698,CUST2150,2026-06-21,679.44,Fashion
ORD004848,CUST2051,2026-08-30,2778.06,Fashion
ORD007160,CUST2285,2026-07-13,563.51,Grocery
ORD006632,CUST2256,2026-09-30,3076.38,Home & Kitchen
ORD003699,CUST1917,2026-06-18,1936.34,Fashion
ORD000178,CUST0178,2026-03-05,1834.39,Beauty
ORD001484,CUST1244,2026-05-30,300.38,Fashion
ORD006897,CUST2270,2026-09-14,893.53,Grocery
ORD008362,CUST2351,2026-08-05,1377.56,Home & Kitchen
ORD003899,CUST1941,2026-05-23,317.26,Fashion
ORD010719,CUST2455,2026-08-13,759.42,Grocery
ORD007925,CUST2325,2026-08-08,1488.76,Home & Kitchen
ORD005921,CUST2176,2026-09-01,3731.61,Home & Kitchen
ORD006555,CUST2253,2026-06-24,6122.76,Home & Kitchen
ORD011688,CUST2489,2026-08-01,3719.45,Electronics
ORD007950,CUST2326,2026-09-26,3546.41,Electronics
ORD000458,CUST0458,2026-09-29,956.63,Beauty
ORD003521,CUST1895,2026-09-28,635.75,Beauty
ORD012035,CUST2499,2026-07-31,952.46,Fashion
ORD007640,CUST2310,2026-07-29,614.54,Grocery
ORD007955,CUST2327,2026-09-06,2386.4,Home & Kitchen
ORD003412,CUST1882,2026-08-04,496.06,Grocery
ORD003083,CUST1776,2026-07-05,461.41,Grocery
ORD003650,CUST1910,2026-08-22,6876.01,Electronics
ORD001454,CUST1236,2026-08-29,1374.78,Home & Kitchen
ORD008762,CUST2371,2026-09-26,523.01,Grocery
ORD009533,CUST2411,2026-07-15,1520.12,Beauty
ORD002981,CUST1743,2026-06-21,3788.55,Electronics
ORD010334,CUST2442,2026-07-03,7696.15,Electronics
ORD005299,CUST2104,2026-02-21,975.29,Fashion
ORD000813,CUST0813,2026-07-19,609.4,Grocery
ORD006683,CUST2259,2026-09-18,361.34,Grocery
ORD002358,CUST1537,2026-07-26,1196.13,Beauty
ORD010488,CUST2447,2026-09-09,224.25,Grocery
ORD005640,CUST2143,2026-05-15,5156.62,Home & Kitchen
ORD004526,CUST2016,2026-04-13,1059.93,Beauty
ORD004683,CUST2033,2026-07-13,13816.33,Electronics
ORD001865,CUST1375,2026-08-12,331.11,Fashion
ORD010111,CUST2434,2026-06-12,3561.97,Home & Kitchen
ORD002076,CUST1442,2026-08-10,830.64,Home & Kitchen
ORD010193,CUST2437,2026-09-20,15718.49,Electronics
ORD005014,CUST2070,2026-09-08,592.71,Grocery
ORD011255,CUST2474,2026-04-10,3032.71,Home & Kitchen
ORD002944,CUST1730,2026-09-18,967.68,Grocery
ORD011184,CUST2472,2026-09-20,2092.29,Home & Kitchen
ORD001884,CUST1381,2026-03-08,1123.84,Grocery
ORD011494,CUST2481,2026-09-14,339.81,Fashion
ORD002272,CUST1506,2026-06-12,407.15,Beauty
ORD001348,CUST1199,2026-09-22,545.7,Grocery
ORD000304,CUST0304,2026-04-18,698.65,Home & Kitchen
ORD003245,CUST1832,2026-08-16,10121.15,Electronics
ORD009245,CUST2397,2026-08-20,3533.48,Home & Kitchen
ORD003622,CUST1907,2026-05-19,3964.37,Electronics
ORD009538,CUST2411,2026-08-14,3102.35,Home & Kitchen
ORD009974,CUST2430,2026-05-15,3794.42,Home & Kitchen
ORD000211,CUST0211,2026-08-01,394.4,Grocery
ORD011083,CUST2468,2026-09-13,385.45,Grocery
ORD008006,CUST2329,2026-09-25,1908.33,Home & Kitchen
ORD000652,CUST0652,2026-08-05,1428.66,Beauty
ORD010087,CUST2433,2026-08-22,2929.61,Fashion
ORD009674,CUST2418,2026-07-14,368.08,Beauty
ORD010215,CUST2438,2026-07-29,1925.23,Beauty
ORD011891,CUST2495,2026-09-12,2468.07,Home & Kitchen
ORD002219,CUST1490,2026-08-08,18318.2,Electronics
ORD011045,CUST2467,2026-07-05,9105.47,Electronics
ORD001189,CUST1147,2026-09-30,708.8,Fashion
ORD006876,CUST2269,2026-09-23,1471.54,Home & Kitchen
ORD001262,CUST1170,2026-07-11,1727.91,Fashion
ORD005861,CUST2169,2026-06-03,1236.15,Fashion
ORD011557,CUST2484,2026-08-26,8132.07,Electronics
ORD002326,CUST1526,2026-06-06,2828.22,Fashion
ORD004220,CUST1978,2026-04-17,1512.35,Home & Kitchen
ORD008109,CUST2336,2026-05-25,9837.09,Electronics
ORD006194,CUST2211,2026-08-18,13726.31,Electronics
ORD003089,CUST1777,2026-09-17,916.38,Beauty
ORD002532,CUST1594,2026-01-31,2036.21,Fashion
ORD009786,CUST2423,2026-09-07,3190.07,Home & Kitchen
ORD000971,CUST0971,2026-07-28,3149.72,Home & Kitchen
ORD008189,CUST2340,2026-09-23,3660.15,Home & Kitchen
ORD009684,CUST2418,2026-08-28,6427.52,Electronics
ORD005915,CUST2176,2026-07-11,574.56,Beauty
ORD004316,CUST1990,2026-08-07,7648.58,Electronics
ORD003275,CUST1842,2026-09-27,790.35,Fashion
ORD002936,CUST1727,2026-09-07,784.25,Beauty
ORD000399,CUST0399,2026-01-12,4127.38,Electronics
ORD010825,CUST2459,2026-09-30,1318.0,Fashion
ORD007650,CUST2310,2026-08-30,4374.68,Electronics
ORD000322,CUST0322,2026-02-17,1265.47,Beauty
ORD002155,CUST1468,2026-09-09,268.41,Fashion
ORD002021,CUST1424,2026-06-24,5044.45,Home & Kitchen
ORD001321,CUST1192,2026-09-20,840.54,Beauty
ORD005091,CUST2079,2026-09-28,614.51,Fashion
ORD004664,CUST2031,2026-08-19,3421.98,Home & Kitchen
ORD003845,CUST1935,2026-03-22,2615.52,Home & Kitchen
ORD002474,CUST1575,2026-08-16,1411.67,Fashion
ORD002860,CUST1703,2026-01-29,747.08,Grocery
ORD011067,CUST2467,2026-08-22,793.7,Beauty
ORD002103,CUST1451,2026-09-24,7460.32,Electronics
ORD005413,CUST2117,2026-06-29,4361.09,Electronics
ORD012041,CUST2499,2026-09-15,678.29,Fashion
ORD002880,CUST1709,2026-09-30,13082.39,Electronics
ORD007371,CUST2295,2026-08-28,4334.98,Electronics
ORD005023,CUST2070,2026-09-24,342.28,Grocery
ORD011165,CUST2471,2026-08-25,729.3,Fashion
ORD000765,CUST0765,2026-06-16,2102.23,Fashion
ORD006533,CUST2251,2026-08-01,6591.03,Electronics
ORD002251,CUST1499,2026-09-13,195.77,Grocery
ORD004475,CUST2010,2026-09-26,1132.51,Beauty
ORD003801,CUST1929,2026-05-09,3339.7,Fashion
ORD001011,CUST1011,2026-08-16,455.4,Grocery
ORD008388,CUST2352,2026-09-26,415.68,Grocery
ORD011757,CUST2491,2026-08-29,10770.56,Electronics
ORD009732,CUST2420,2026-09-08,460.16,Grocery
ORD004191,CUST1975,2026-08-12,469.27,Fashion
ORD006884,CUST2270,2026-04-16,1095.45,Fashion
ORD009432,CUST2406,2026-06-06,9460.0,Electronics
ORD007212,CUST2287,2026-09-04,613.81,Grocery
ORD006118,CUST2203,2026-09-03,520.55,Fashion
ORD000474,CUST0474,2026-07-09,9238.24,Electronics
ORD004092,CUST1964,2026-09-06,7091.59,Home & Kitchen
ORD000896,CUST0896,2026-08-23,971.48,Grocery
ORD011449,CUST2480,2026-08-23,576.85,Grocery
ORD004901,CUST2057,2026-09-21,5803.14,Electronics
ORD010399,CUST2444,2026-09-22,783.33,Beauty
ORD004711,CUST2036,2026-08-11,447.94,Grocery
ORD011526,CUST2483,2026-09-18,2410.74,Home & Kitchen
ORD004774,CUST2044,2026-06-04,11199.85,Electronics
ORD010403,CUST2444,2026-09-30,5645.81,Electronics
ORD004123,CUST1968,2026-05-23,763.41,Grocery
ORD003071,CUST1772,2026-07-09,8815.74,Home & Kitchen
ORD011552,CUST2484,2026-07-30,2610.86,Home & Kitchen
ORD004795,CUST2046,2026-06-23,4735.68,Electronics
ORD011872,CUST2494,2026-08-28,947.79,Grocery
ORD000938,CUST0938,2026-08-06,1799.8,Fashion
ORD006367,CUST2231,2026-04-26,2749.3,Home & Kitchen
ORD009424,CUST2405,2026-09-30,610.9,Home & Kitchen
ORD003060,CUST1768,2026-09-01,5517.28,Electronics
ORD005304,CUST2104,2026-05-09,828.74,Grocery
ORD000252,CUST0252,2026-01-20,1295.8,Fashion
ORD004833,CUST2050,2026-09-10,2073.68,Home & Kitchen
ORD010307,CUST2441,2026-08-05,4838.57,Electronics
ORD001023,CUST1023,2026-09-05,292.26,Beauty
ORD011572,CUST2485,2026-03-27,222.11,Grocery
ORD011709,CUST2490,2026-06-08,6788.99,Electronics
ORD005285,CUST2102,2026-08-01,9157.11,Electronics
ORD009387,CUST2404,2026-04-29,2089.88,Fashion
ORD001794,CUST1350,2026-09-15,4261.52,Electronics
ORD008300,CUST2347,2026-09-26,3000.62,Electronics
ORD000968,CUST0968,2026-09-30,7809.39,Electronics
ORD001394,CUST1216,2026-04-11,554.15,Fashion
ORD002756,CUST1668,2026-05-10,1062.42,Home & Kitchen
ORD002010,CUST1421,2026-03-30,1182.49,Home & Kitchen
ORD010789,CUST2458,2026-09-04,1509.16,Home & Kitchen
ORD010465,CUST2446,2026-08-24,327.29,Grocery
ORD010921,CUST2462,2026-09-29,2020.3,Home & Kitchen
ORD008423,CUST2354,2026-07-05,395.42,Grocery
ORD007693,CUST2312,2026-09-03,1092.64,Fashion
ORD005964,CUST2182,2026-09-11,13167.81,Electronics
ORD003116,CUST1785,2026-09-14,1260.96,Fashion
ORD004113,CUST1966,2026-09-15,20235.26,Electronics
ORD008340,CUST2350,2026-09-02,468.33,Grocery
ORD004908,CUST2058,2026-09-30,1111.1,Grocery
ORD010270,CUST2440,2026-08-02,623.96,Grocery
ORD002639,CUST1628,2026-09-19,3562.59,Home & Kitchen
ORD004961,CUST2064,2026-08-29,786.56,Grocery
ORD010585,CUST2451,2026-07-09,6950.35,Electronics
ORD003681,CUST1915,2026-06-07,3009.2,Electronics
ORD001356,CUST1202,2026-09-01,509.74,Grocery
ORD006102,CUST2201,2026-08-24,5655.05,Electronics
ORD008987,CUST2383,2026-07-17,408.81,Grocery
ORD002992,CUST1746,2026-09-08,2762.5,Home & Kitchen
ORD011728,CUST2490,2026-08-30,19133.16,Electronics
ORD004217,CUST1978,2026-03-17,3462.33,Electronics
ORD004203,CUST1976,2026-09-13,460.9,Beauty
ORD010998,CUST2465,2026-08-26,3580.52,Fashion
ORD002217,CUST1490,2026-07-11,1445.05,Fashion
ORD009342,CUST2401,2026-09-27,5098.16,Electronics
ORD001154,CUST1137,2026-06-10,349.91,Grocery
ORD006342,CUST2228,2026-06-17,963.26,Grocery
ORD011277,CUST2474,2026-09-05,6965.5,Electronics
ORD006862,CUST2268,2026-09-11,1066.27,Beauty
ORD009428,CUST2406,2026-04-29,2775.05,Home & Kitchen
ORD000933,CUST0933,2026-01-13,2583.6,Home & Kitchen
ORD002110,CUST1453,2026-01-16,668.31,Grocery
ORD004527,CUST2016,2026-04-16,678.9,Grocery
ORD008626,CUST2364,2026-09-30,817.27,Grocery
ORD006655,CUST2258,2026-09-18,981.9,Beauty
ORD008376,CUST2352,2026-07-22,848.49,Grocery
ORD010080,CUST2433,2026-07-19,230.95,Fashion
ORD001684,CUST1310,2026-06-18,728.42,Beauty
ORD007272,CUST2290,2026-09-13,2771.61,Home & Kitchen
ORD003315,CUST1858,2026-04-19,9183.12,Electronics
ORD011214,CUST2473,2026-05-15,542.12,Grocery
ORD006936,CUST2273,2026-08-04,7297.75,Electronics
ORD009531,CUST2411,2026-07-13,14396.15,Electronics
ORD002920,CUST1722,2026-09-25,2852.73,Home & Kitchen
ORD000249,CUST0249,2026-06-06,976.99,Grocery
ORD010362,CUST2443,2026-09-23,1625.81,Electronics
ORD009248,CUST2397,2026-08-30,1828.81,Home & Kitchen
ORD008695,CUST2367,2026-09-27,748.55,Fashion
ORD004699,CUST2035,2026-08-30,967.1,Fashion
ORD011926,CUST2496,2026-09-29,23900.84,Electronics
ORD006400,CUST2235,2026-08-07,887.9,Fashion
ORD005502,CUST2127,2026-09-08,1708.75,Beauty
ORD000563,CUST0563,2026-08-03,2679.74,Beauty
ORD003785,CUST1927,2026-04-19,1187.25,Beauty
ORD005981,CUST2184,2026-07-29,3439.49,Electronics
ORD008438,CUST2355,2026-04-24,9240.14,Electronics
ORD007714,CUST2314,2026-08-23,3247.71,Home & Kitchen
ORD008641,CUST2365,2026-08-19,1471.2,Grocery
ORD010778,CUST2458,2026-07-18,4920.57,Electronics
ORD000915,CUST0915,2026-07-18,1247.14,Beauty
ORD007045,CUST2279,2026-05-31,2083.17,Home & Kitchen
ORD010128,CUST2434,2026-09-13,542.89,Beauty
ORD008974,CUST2382,2026-09-26,834.69,Beauty
ORD001499,CUST1249,2026-06-10,517.11,Beauty
ORD008569,CUST2361,2026-09-27,514.37,Fashion
ORD008859,CUST2376,2026-09-11,12270.57,Electronics
ORD007591,CUST2307,2026-09-12,1716.34,Home & Kitchen
ORD005363,CUST2111,2026-09-13,3448.91,Electronics
ORD004460,CUST2009,2026-09-30,1059.41,Grocery
ORD006006,CUST2187,2026-09-12,535.62,Fashion
ORD009869,CUST2427,2026-07-02,1161.67,Fashion
ORD000863,CUST0863,2026-05-31,448.16,Grocery
ORD001517,CUST1254,2026-09-29,682.58,Grocery
ORD007860,CUST2321,2026-08-05,8402.07,Electronics
ORD004914,CUST2059,2026-07-14,884.87,Fashion
ORD008551,CUST2360,2026-09-14,475.79,Grocery
ORD003593,CUST1903,2026-08-10,1494.54,Home & Kitchen
ORD000593,CUST0593,2026-02-01,447.33,Grocery
ORD007804,CUST2318,2026-09-23,968.26,Fashion
ORD003430,CUST1883,2026-09-13,665.58,Grocery
ORD003446,CUST1885,2026-09-21,4085.06,Home & Kitchen
ORD003423,CUST1883,2026-03-17,860.04,Beauty
ORD001666,CUST1305,2026-06-28,944.84,Beauty
ORD011512,CUST2482,2026-09-07,1115.84,Grocery
ORD000181,CUST0181,2026-02-02,603.83,Grocery
ORD003828,CUST1933,2026-08-23,5085.16,Electronics
ORD004094,CUST1965,2026-04-27,2369.01,Home & Kitchen
ORD006303,CUST2223,2026-07-22,4017.62,Electronics
ORD005564,CUST2134,2026-09-30,3651.87,Electronics
ORD009570,CUST2413,2026-06-29,883.02,Beauty
ORD010153,CUST2436,2026-06-20,594.95,Fashion
ORD000034,CUST0034,2026-07-29,2391.17,Fashion
ORD009266,CUST2398,2026-04-02,855.96,Fashion
ORD005762,CUST2157,2026-02-18,443.24,Grocery
ORD009255,CUST2397,2026-09-13,2290.19,Home & Kitchen
ORD009327,CUST2400,2026-09-27,868.75,Grocery
ORD002686,CUST1643,2026-09-25,2697.35,Home & Kitchen
ORD003690,CUST1916,2026-06-02,4494.65,Electronics
ORD006748,CUST2262,2026-09-21,317.42,Grocery
ORD005644,CUST2143,2026-08-17,1361.43,Grocery
ORD005523,CUST2130,2026-05-20,868.38,Home & Kitchen
ORD009011,CUST2384,2026-08-01,7297.07,Electronics
ORD006065,CUST2196,2026-02-15,9993.53,Electronics
ORD011824,CUST2493,2026-09-29,746.58,Grocery
ORD005114,CUST2082,2026-02-01,2452.23,Home & Kitchen
ORD009384,CUST2403,2026-09-15,4276.05,Home & Kitchen
ORD001211,CUST1155,2026-06-23,3231.15,Fashion
ORD009510,CUST2410,2026-06-19,337.29,Grocery
ORD007117,CUST2282,2026-09-28,666.0,Grocery
ORD011193,CUST2472,2026-09-23,4003.79,Electronics
ORD007466,CUST2300,2026-09-13,1640.68,Home & Kitchen
ORD005707,CUST2150,2026-09-06,2987.08,Home & Kitchen
ORD004095,CUST1965,2026-05-24,637.06,Beauty
ORD005148,CUST2086,2026-09-30,409.68,Beauty
ORD000901,CUST0901,2026-01-06,2230.61,Home & Kitchen
ORD008365,CUST2351,2026-08-26,242.46,Grocery
ORD004731,CUST2038,2026-09-06,507.22,Grocery
ORD008524,CUST2359,2026-09-06,10985.46,Electronics
ORD008420,CUST2354,2026-05-27,14643.87,Electronics
ORD004227,CUST1979,2026-06-20,765.17,Fashion
ORD010492,CUST2447,2026-09-20,10883.44,Home & Kitchen
ORD010456,CUST2446,2026-07-23,5220.46,Electronics
ORD007587,CUST2307,2026-09-05,5289.23,Home & Kitchen
ORD004097,CUST1965,2026-06-14,5754.35,Home & Kitchen
ORD009391,CUST2404,2026-07-05,1114.72,Fashion
ORD001176,CUST1143,2026-09-04,1267.34,Beauty
ORD011773,CUST2492,2026-09-05,5067.01,Electronics
ORD000093,CUST0093,2026-01-19,5933.98,Fashion
ORD009413,CUST2405,2026-09-26,787.55,Grocery
ORD002407,CUST1554,2026-07-20,625.03,Fashion
ORD003995,CUST1953,2026-08-01,3227.29,Fashion
ORD008143,CUST2338,2026-09-18,2031.94,Beauty
ORD004149,CUST1970,2026-08-12,609.13,Fashion
ORD001644,CUST1298,2026-06-23,4551.51,Electronics
ORD002772,CUST1673,2026-07-25,464.96,Beauty
ORD010093,CUST2433,2026-09-01,6312.64,Home & Kitchen
ORD002814,CUST1686,2026-09-11,2538.07,Home & Kitchen
ORD003373,CUST1876,2026-09-08,2148.03,Home & Kitchen
ORD002817,CUST1687,2026-03-21,435.98,Grocery
ORD010799,CUST2459,2026-08-27,4367.55,Home & Kitchen
ORD010350,CUST2443,2026-08-28,6810.81,Electronics
ORD004202,CUST1976,2026-08-29,740.84,Fashion
ORD003435,CUST1884,2026-08-02,1201.51,Fashion
ORD008361,CUST2351,2026-07-25,3544.52,Electronics
ORD004953,CUST2063,2026-09-08,1550.34,Home & Kitchen
ORD008682,CUST2367,2026-06-18,1288.46,Grocery
ORD001808,CUST1355,2026-05-11,1100.05,Grocery
ORD002228,CUST1493,2026-07-03,1934.37,Beauty
ORD007947,CUST2326,2026-09-18,6947.57,Home & Kitchen
ORD003413,CUST1882,2026-08-12,5674.85,Electronics
ORD007691,CUST2312,2026-09-02,1778.72,Home & Kitchen
ORD003465,CUST1887,2026-08-15,595.05,Grocery
ORD002408,CUST1554,2026-07-21,678.61,Home & Kitchen
ORD010613,CUST2451,2026-09-29,796.15,Grocery
ORD006511,CUST2249,2026-08-04,793.25,Grocery
ORD002128,CUST1459,2026-04-01,13623.97,Electronics
ORD000409,CUST0409,2026-03-21,3784.73,Electronics
ORD009096,CUST2389,2026-09-01,10002.84,Electronics
ORD011129,CUST2470,2026-04-28,5655.91,Home & Kitchen
ORD010167,CUST2436,2026-08-21,4122.71,Electronics
ORD004673,CUST2031,2026-09-25,2530.64,Fashion
ORD009100,CUST2389,2026-09-15,1294.33,Fashion
ORD001054,CUST1054,2026-01-24,16448.53,Electronics
ORD010835,CUST2460,2026-08-29,529.09,Fashion
ORD006866,CUST2269,2026-08-22,762.93,Grocery
ORD005665,CUST2146,2026-09-17,2317.95,Home & Kitchen
ORD005329,CUST2107,2026-09-07,2023.32,Fashion
ORD007200,CUST2286,2026-09-22,9399.73,Electronics
ORD001698,CUST1315,2026-07-09,873.11,Fashion
ORD001531,CUST1258,2026-09-01,2375.21,Fashion
ORD003786,CUST1927,2026-05-04,3056.44,Home & Kitchen
ORD002460,CUST1570,2026-09-19,540.13,Home & Kitchen
ORD007614,CUST2308,2026-08-04,7973.18,Electronics
ORD001435,CUST1229,2026-05-18,1956.81,Home & Kitchen
ORD003942,CUST1946,2026-08-18,2315.86,Fashion
ORD004270,CUST1984,2026-09-27,670.41,Fashion
ORD005119,CUST2082,2026-07-08,5363.25,Electronics
ORD002770,CUST1672,2026-09-07,807.78,Fashion
ORD010666,CUST2454,2026-09-10,4456.33,Electronics
ORD011050,CUST2467,2026-07-17,10083.34,Electronics
ORD010243,CUST2439,2026-07-04,5609.8,Electronics
ORD001693,CUST1314,2026-09-13,1095.86,Fashion
ORD001744,CUST1332,2026-04-03,745.52,Grocery
ORD001627,CUST1292,2026-08-06,889.57,Fashion
ORD001069,CUST1069,2026-06-07,5448.3,Fashion
ORD011939,CUST2496,2026-09-30,430.34,Grocery
ORD003972,CUST1950,2026-09-13,7719.02,Electronics
ORD009053,CUST2387,2026-07-17,517.19,Grocery
ORD000331,CUST0331,2026-04-11,11639.72,Electronics
ORD008370,CUST2352,2026-07-07,9143.34,Electronics
ORD010461,CUST2446,2026-08-07,8318.2,Electronics
ORD009694,CUST2419,2026-06-24,488.79,Grocery
ORD004640,CUST2029,2026-03-22,5232.06,Home & Kitchen
ORD002614,CUST1621,2026-09-04,982.92,Fashion
ORD002761,CUST1670,2026-09-11,2497.84,Home & Kitchen
ORD010480,CUST2447,2026-08-18,433.3,Grocery
ORD005823,CUST2164,2026-09-08,1599.14,Home & Kitchen
ORD000042,CUST0042,2026-06-09,1358.48,Fashion
ORD007846,CUST2320,2026-09-30,1966.74,Home & Kitchen
ORD011061,CUST2467,2026-08-12,6476.31,Electronics
ORD010453,CUST2446,2026-07-17,1796.39,Home & Kitchen
ORD000319,CUST0319,2026-02-19,1454.84,Beauty
ORD002311,CUST1520,2026-07-19,737.34,Fashion
ORD001955,CUST1402,2026-09-30,4833.57,Home & Kitchen
ORD002475,CUST1575,2026-08-27,5763.9,Home & Kitchen
ORD002715,CUST1654,2026-03-08,2192.57,Home & Kitchen
ORD006927,CUST2272,2026-07-12,956.41,Home & Kitchen
ORD010784,CUST2458,2026-08-11,9409.31,Electronics
ORD005663,CUST2146,2026-09-01,6240.34,Electronics
ORD002488,CUST1579,2026-09-13,9673.99,Electronics
ORD002583,CUST1610,2026-07-31,1852.44,Fashion
ORD010742,CUST2456,2026-09-17,480.23,Grocery
ORD008418,CUST2354,2026-05-24,411.19,Fashion
ORD006441,CUST2240,2026-04-11,4931.75,Electronics
ORD000086,CUST0086,2026-07-04,3094.0,Fashion
ORD008202,CUST2341,2026-08-07,855.07,Fashion
ORD003756,CUST1923,2026-08-17,1180.33,Fashion
ORD001036,CUST1036,2026-05-23,580.61,Beauty
ORD009604,CUST2414,2026-06-20,981.9,Home & Kitchen
ORD001719,CUST1322,2026-09-13,2275.34,Beauty
ORD011710,CUST2490,2026-06-08,720.68,Grocery
ORD003747,CUST1922,2026-09-20,527.61,Beauty
ORD005182,CUST2090,2026-06-11,4721.28,Electronics
ORD005881,CUST2171,2026-09-12,2038.55,Home & Kitchen
ORD003618,CUST1906,2026-09-27,1400.62,Fashion
ORD003509,CUST1893,2026-09-28,746.76,Beauty
ORD006875,CUST2269,2026-09-21,497.62,Grocery
ORD009058,CUST2387,2026-09-01,698.41,Beauty
ORD008635,CUST2365,2026-06-06,1308.89,Fashion
ORD008160,CUST2339,2026-03-17,2847.27,Home & Kitchen
ORD008060,CUST2333,2026-03-13,7303.84,Electronics
ORD005551,CUST2133,2026-07-28,5581.15,Electronics
ORD011121,CUST2469,2026-09-28,615.29,Fashion
ORD010857,CUST2460,2026-09-25,6334.13,Electronics
ORD009569,CUST2413,2026-06-25,465.46,Beauty
ORD009891,CUST2427,2026-09-05,7726.91,Electronics
ORD000899,CUST0899,2026-04-01,2373.1,Fashion
ORD004845,CUST2051,2026-07-02,1401.02,Fashion
ORD008292,CUST2347,2026-08-30,1578.96,Home & Kitchen
ORD000959,CUST0959,2026-07-08,514.08,Beauty
ORD006320,CUST2226,2026-07-30,666.14,Beauty
ORD006423,CUST2237,2026-09-30,419.44,Grocery
ORD000466,CUST0466,2026-02-08,1312.64,Beauty
ORD011910,CUST2495,2026-09-26,1156.41,Fashion
ORD007453,CUST2299,2026-09-28,14231.76,Electronics
ORD006110,CUST2202,2026-07-03,3516.17,Electronics
ORD006910,CUST2271,2026-08-17,2118.42,Home & Kitchen
ORD002626,CUST1624,2026-09-24,2169.11,Home & Kitchen
ORD000869,CUST0869,2026-09-06,1884.07,Beauty
ORD006146,CUST2206,2026-07-15,560.26,Grocery
ORD009506,CUST2410,2026-04-20,1071.16,Fashion
ORD007364,CUST2294,2026-09-28,439.59,Fashion
ORD010861,CUST2460,2026-09-30,4836.46,Home & Kitchen
ORD005468,CUST2124,2026-07-23,1069.08,Fashion
ORD005512,CUST2129,2026-09-24,1675.68,Fashion
ORD010432,CUST2445,2026-09-16,1383.81,Home & Kitchen
ORD004029,CUST1956,2026-09-29,2515.78,Home & Kitchen
ORD004902,CUST2058,2026-09-26,499.12,Fashion
ORD010991,CUST2465,2026-07-29,12121.33,Electronics
ORD003049,CUST1765,2026-09-28,961.85,Home & Kitchen
ORD004439,CUST2006,2026-09-18,2876.85,Home & Kitchen
ORD010439,CUST2446,2026-05-29,874.46,Grocery
ORD007050,CUST2279,2026-08-06,1242.87,Beauty
ORD005479,CUST2125,2026-06-24,476.27,Grocery
ORD006183,CUST2210,2026-08-14,359.26,Grocery
ORD003273,CUST1842,2026-08-20,503.12,Grocery
ORD005712,CUST2151,2026-05-22,5240.52,Electronics
ORD008884,CUST2377,2026-07-31,493.78,Grocery
ORD011281,CUST2474,2026-09-18,4145.72,Electronics
ORD005187,CUST2091,2026-06-18,508.03,Grocery
ORD004588,CUST2022,2026-09-14,359.61,Grocery
ORD001112,CUST1112,2026-04-22,2009.14,Fashion
ORD009470,CUST2408,2026-07-20,5597.1,Electronics
ORD007999,CUST2329,2026-09-16,212.14,Fashion
ORD007334,CUST2293,2026-09-26,435.42,Grocery
ORD002620,CUST1623,2026-09-09,1049.9,Fashion
ORD008488,CUST2357,2026-07-14,952.76,Fashion
ORD001740,CUST1331,2026-02-25,1760.17,Fashion
ORD001179,CUST1145,2026-02-24,2603.18,Fashion
ORD010940,CUST2463,2026-08-31,4428.03,Electronics
ORD003406,CUST1881,2026-07-20,4115.38,Home & Kitchen
ORD004056,CUST1960,2026-09-24,1571.74,Fashion
ORD002202,CUST1485,2026-09-29,2278.62,Home & Kitchen
ORD011861,CUST2494,2026-06-25,706.96,Beauty
ORD002352,CUST1535,2026-09-12,6597.98,Electronics
ORD005101,CUST2080,2026-09-15,411.54,Grocery
ORD006815,CUST2266,2026-05-24,6331.7,Electronics
ORD004672,CUST2031,2026-09-13,1259.27,Beauty
ORD001745,CUST1332,2026-05-19,661.73,Grocery
ORD004075,CUST1963,2026-09-17,596.08,Grocery
ORD008573,CUST2361,2026-09-28,1855.07,Home & Kitchen
ORD007189,CUST2286,2026-06-30,353.29,Grocery
ORD003061,CUST1769,2026-02-17,10717.69,Electronics
ORD009355,CUST2402,2026-07-01,4922.77,Electronics
ORD011300,CUST2475,2026-08-23,2458.92,Home & Kitchen
ORD002993,CUST1746,2026-09-29,506.71,Grocery
ORD010576,CUST2450,2026-09-28,474.45,Grocery
ORD000544,CUST0544,2026-02-09,1198.85,Home & Kitchen
ORD011079,CUST2467,2026-09-30,282.26,Grocery
ORD001784,CUST1346,2026-09-29,1626.32,Beauty
ORD003489,CUST1891,2026-03-11,2025.69,Home & Kitchen
ORD008094,CUST2335,2026-09-02,245.19,Fashion
ORD004990,CUST2067,2026-07-27,1825.64,Home & Kitchen
ORD005012,CUST2069,2026-08-25,2339.79,Fashion
ORD001615,CUST1287,2026-09-09,11317.31,Electronics
ORD003209,CUST1820,2026-08-25,541.98,Grocery
ORD002445,CUST1566,2026-08-30,838.43,Grocery
ORD009021,CUST2385,2026-05-14,4290.94,Electronics
ORD008876,CUST2377,2026-06-29,3052.38,Fashion
ORD010728,CUST2455,2026-09-04,9921.97,Electronics
ORD011124,CUST2469,2026-09-29,3151.89,Electronics
ORD005953,CUST2181,2026-09-17,11856.77,Electronics
ORD007901,CUST2323,2026-09-29,1829.8,Beauty
ORD000734,CUST0734,2026-06-06,1515.66,Beauty
ORD002271,CUST1506,2026-05-19,357.64,Grocery
ORD008310,CUST2348,2026-05-07,13258.74,Electronics
ORD003132,CUST1791,2026-05-23,358.64,Grocery
ORD008181,CUST2340,2026-09-03,5823.0,Electronics
ORD001276,CUST1175,2026-09-25,301.61,Grocery
ORD010923,CUST2462,2026-09-30,855.27,Fashion
ORD001324,CUST1192,2026-09-27,2303.6,Fashion
ORD005466,CUST2124,2026-07-21,790.03,Grocery
ORD001458,CUST1237,2026-04-25,1343.99,Fashion
ORD012045,CUST2500,2026-08-11,4320.27,Electronics
ORD006570,CUST2253,2026-09-17,1100.06,Fashion
ORD004280,CUST1986,2026-08-24,2726.04,Home & Kitchen
ORD005157,CUST2087,2026-09-19,6334.9,Electronics
ORD002381,CUST1545,2026-08-11,1060.66,Grocery
ORD002338,CUST1530,2026-08-15,1255.48,Home & Kitchen
ORD002778,CUST1675,2026-08-02,426.8,Beauty
ORD008389,CUST2353,2026-03-14,764.51,Grocery
ORD005028,CUST2071,2026-08-25,977.3,Fashion
ORD010398,CUST2444,2026-09-21,1654.69,Fashion
ORD005937,CUST2178,2026-09-14,172.35,Grocery
ORD004239,CUST1981,2026-08-10,7225.8,Electronics
ORD010395,CUST2444,2026-08-20,1427.3,Home & Kitchen
ORD000903,CUST0903,2026-03-06,459.88,Grocery
ORD009162,CUST2393,2026-07-07,2489.76,Home & Kitchen
ORD004395,CUST2000,2026-09-09,8263.2,Electronics
ORD006129,CUST2205,2026-06-14,696.28,Fashion
ORD000494,CUST0494,2026-08-25,464.94,Grocery
ORD007056,CUST2279,2026-09-08,8110.79,Electronics
ORD006085,CUST2199,2026-07-06,879.44,Beauty
ORD007285,CUST2291,2026-05-03,8363.6,Electronics
ORD003353,CUST1871,2026-02-04,701.44,Grocery
ORD005965,CUST2182,2026-09-13,2400.76,Home & Kitchen
ORD005578,CUST2137,2026-03-18,506.08,Fashion
ORD007014,CUST2277,2026-09-10,2824.91,Home & Kitchen
ORD006444,CUST2240,2026-06-04,8882.59,Electronics
ORD000151,CUST0151,2026-05-31,504.87,Grocery
ORD010212,CUST2438,2026-07-18,10239.95,Electronics
ORD006378,CUST2232,2026-09-29,4476.35,Home & Kitchen
ORD004875,CUST2054,2026-03-19,1357.25,Home & Kitchen
ORD008413,CUST2354,2026-04-10,2047.84,Home & Kitchen
ORD005961,CUST2182,2026-08-30,632.46,Fashion
ORD011315,CUST2475,2026-09-19,490.91,Fashion
ORD002702,CUST1649,2026-08-20,1235.23,Fashion
ORD003474,CUST1889,2026-05-24,548.18,Grocery
ORD004813,CUST2047,2026-09-22,1106.56,Grocery
ORD002453,CUST1568,2026-08-05,6787.76,Electronics
ORD007309,CUST2292,2026-05-14,2057.94,Home & Kitchen
ORD000709,CUST0709,2026-08-12,867.78,Beauty
ORD007503,CUST2302,2026-09-26,257.72,Grocery
ORD002974,CUST1740,2026-09-26,998.91,Home & Kitchen
ORD010338,CUST2442,2026-09-10,662.09,Grocery
ORD005280,CUST2102,2026-03-15,875.49,Fashion
ORD008616,CUST2364,2026-09-29,464.26,Fashion
ORD003530,CUST1896,2026-05-06,1296.96,Home & Kitchen
ORD006422,CUST2237,2026-09-24,598.29,Grocery
ORD005141,CUST2085,2026-07-16,980.33,Grocery
ORD000036,CUST0036,2026-04-08,6188.72,Electronics
ORD007664,CUST2311,2026-07-03,6795.05,Electronics
ORD011594,CUST2486,2026-07-11,5700.58,Electronics
ORD006455,CUST2241,2026-07-24,16174.64,Electronics
ORD001826,CUST1361,2026-06-07,2658.61,Home & Kitchen
ORD010592,CUST2451,2026-07-19,16024.69,Electronics
ORD004607,CUST2025,2026-09-11,1743.43,Fashion
ORD010406,CUST2445,2026-06-23,1145.05,Fashion
ORD000429,CUST0429,2026-02-08,1997.4,Fashion
ORD011672,CUST2488,2026-09-30,30726.18,Electronics
ORD009183,CUST2393,2026-09-27,2517.76,Electronics
ORD007501,CUST2302,2026-09-25,635.06,Grocery
ORD007412,CUST2297,2026-07-15,3715.55,Fashion
ORD007221,CUST2288,2026-08-02,2257.68,Fashion
ORD006686,CUST2259,2026-09-21,1351.62,Home & Kitchen
ORD007516,CUST2303,2026-05-13,483.37,Fashion
ORD001580,CUST1276,2026-04-17,2383.02,Home & Kitchen
ORD002612,CUST1620,2026-07-30,2210.52,Home & Kitchen
ORD008571,CUST2361,2026-09-27,438.14,Grocery
ORD003533,CUST1896,2026-06-18,785.26,Fashion
ORD005406,CUST2117,2026-02-21,583.55,Grocery
ORD009402,CUST2404,2026-09-19,800.62,Home & Kitchen
ORD002560,CUST1602,2026-09-19,446.59,Beauty
ORD009576,CUST2413,2026-08-07,1545.96,Fashion
ORD011648,CUST2488,2026-08-29,4784.85,Electronics
ORD000705,CUST0705,2026-04-28,1400.18,Fashion
ORD005973,CUST2183,2026-08-22,276.99,Fashion
ORD010120,CUST2434,2026-08-10,244.59,Grocery
ORD005836,CUST2166,2026-08-30,799.05,Grocery
ORD010122,CUST2434,2026-08-16,5319.71,Electronics
ORD004408,CUST2003,2026-09-08,2183.71,Fashion
ORD000609,CUST0609,2026-05-24,259.6,Grocery
ORD002022,CUST1424,2026-07-07,4171.06,Electronics
ORD007372,CUST2295,2026-08-28,3490.01,Home & Kitchen
ORD002086,CUST1445,2026-09-21,1078.52,Beauty
ORD010276,CUST2440,2026-08-16,699.37,Fashion
ORD011985,CUST2498,2026-07-14,1487.6,Beauty
ORD009238,CUST2396,2026-08-24,356.07,Grocery
ORD001369,CUST1207,2026-07-18,4870.08,Electronics
ORD009672,CUST2417,2026-09-21,7377.58,Electronics
ORD004368,CUST1997,2026-09-30,8006.69,Electronics
ORD000759,CUST0759,2026-03-17,2293.02,Fashion
ORD005884,CUST2172,2026-03-19,7670.13,Electronics
ORD008282,CUST2346,2026-08-10,1885.5,Home & Kitchen
ORD007086,CUST2281,2026-05-27,1943.69,Beauty
ORD011618,CUST2487,2026-05-16,461.5,Beauty
ORD011984,CUST2498,2026-07-08,605.89,Fashion
ORD005373,CUST2112,2026-08-24,570.02,Fashion
ORD006998,CUST2276,2026-08-28,812.64,Grocery
ORD001618,CUST1289,2026-07-01,1172.69,Home & Kitchen
ORD000400,CUST0400,2026-06-07,602.62,Fashion
ORD000931,CUST0931,2026-03-11,992.21,Fashion
ORD011585,CUST2485,2026-07-20,5121.57,Electronics
ORD000543,CUST0543,2026-03-31,532.74,Grocery
ORD009943,CUST2429,2026-09-22,5138.38,Home & Kitchen
ORD004314,CUST1989,2026-09-21,17331.01,Electronics
ORD001624,CUST1291,2026-04-08,840.01,Fashion
ORD010285,CUST2441,2026-02-24,583.59,Beauty
ORD011228,CUST2473,2026-07-14,3030.22,Home & Kitchen
ORD001767,CUST1340,2026-09-07,6709.6,Home & Kitchen
ORD002184,CUST1479,2026-07-06,1817.0,Home & Kitchen
ORD008253,CUST2344,2026-08-18,7262.13,Electronics
ORD008152,CUST2338,2026-09-28,9512.19,Electronics
ORD011178,CUST2471,2026-09-23,781.15,Beauty
ORD000368,CUST0368,2026-03-01,5916.65,Fashion
ORD003483,CUST1890,2026-04-05,2752.31,Home & Kitchen
ORD008971,CUST2382,2026-09-24,275.32,Grocery
ORD005088,CUST2079,2026-09-22,362.48,Grocery
ORD009747,CUST2421,2026-08-31,335.47,Beauty
ORD003614,CUST1906,2026-09-20,10739.19,Electronics
ORD008909,CUST2379,2026-09-28,1694.02,Home & Kitchen
ORD008248,CUST2344,2026-08-02,2304.62,Home & Kitchen
ORD000064,CUST0064,2026-03-30,3084.67,Fashion
ORD010927,CUST2463,2026-08-15,580.8,Grocery
ORD002246,CUST1498,2026-08-26,1426.04,Home & Kitchen
ORD000135,CUST0135,2026-08-28,1191.47,Fashion
ORD006124,CUST2204,2026-01-01,606.62,Fashion
ORD008782,CUST2372,2026-09-20,9910.32,Electronics
ORD005480,CUST2125,2026-07-02,2883.37,Fashion
ORD004748,CUST2040,2026-09-26,4942.88,Home & Kitchen
ORD006471,CUST2243,2026-06-11,1543.15,Beauty
ORD011209,CUST2472,2026-09-29,1862.17,Fashion
ORD007900,CUST2323,2026-09-28,716.75,Grocery
ORD008732,CUST2369,2026-08-25,381.92,Grocery
ORD008914,CUST2379,2026-09-29,1643.83,Home & Kitchen
ORD004112,CUST1966,2026-09-06,728.31,Fashion
ORD000428,CUST0428,2026-04-23,1071.57,Fashion
ORD009991,CUST2430,2026-08-02,365.02,Beauty
ORD005112,CUST2081,2026-09-23,2303.22,Home & Kitchen
ORD010078,CUST2433,2026-07-11,28238.73,Electronics
ORD001733,CUST1328,2026-09-19,13336.36,Electronics
ORD005596,CUST2138,2026-09-22,9276.0,Electronics
ORD006885,CUST2270,2026-04-20,9816.29,Electronics
ORD002146,CUST1465,2026-08-31,1328.65,Grocery
ORD003207,CUST1820,2026-06-21,2588.49,Home & Kitchen
ORD002949,CUST1732,2026-09-01,735.25,Beauty
ORD000677,CUST0677,2026-08-17,440.39,Grocery
ORD007043,CUST2279,2026-04-28,328.67,Grocery
ORD007403,CUST2296,2026-09-26,1776.39,Home & Kitchen
ORD006965,CUST2274,2026-09-06,880.74,Fashion
ORD008761,CUST2371,2026-09-26,523.12,Grocery
ORD009809,CUST2424,2026-09-05,1836.81,Fashion
ORD009419,CUST2405,2026-09-29,8913.49,Electronics
ORD003856,CUST1935,2026-09-15,776.56,Fashion
ORD009343,CUST2401,2026-09-28,495.32,Fashion
ORD009852,CUST2426,2026-08-19,3603.99,Electronics
ORD005269,CUST2100,2026-08-24,3937.53,Home & Kitchen
ORD009189,CUST2394,2026-08-18,473.3,Grocery
ORD005647,CUST2144,2026-03-14,447.85,Grocery
ORD010496,CUST2447,2026-09-26,453.29,Grocery
ORD004668,CUST2031,2026-08-21,1053.49,Beauty
ORD005767,CUST2157,2026-07-01,2526.76,Home & Kitchen
ORD003469,CUST1888,2026-08-20,3933.73,Electronics
ORD002349,CUST1534,2026-09-07,4937.6,Fashion
ORD006780,CUST2264,2026-07-13,3184.19,Electronics
ORD010554,CUST2450,2026-09-22,4402.09,Electronics
ORD000741,CUST0741,2026-08-09,764.4,Beauty
ORD000001,CUST0001,2026-08-14,1720.33,Fashion
ORD001422,CUST1225,2026-06-16,2642.28,Fashion
ORD006087,CUST2199,2026-07-30,2645.44,Home & Kitchen
ORD002589,CUST1612,2026-09-27,596.98,Beauty
ORD007515,CUST2303,2026-04-19,2318.84,Home & Kitchen
ORD010865,CUST2461,2026-05-28,3558.47,Home & Kitchen
ORD002302,CUST1516,2026-09-25,1399.45,Home & Kitchen
ORD010706,CUST2455,2026-06-22,2184.48,Fashion
ORD002590,CUST1612,2026-09-28,1222.47,Home & Kitchen
ORD012030,CUST2499,2026-06-23,920.17,Fashion
ORD005129,CUST2083,2026-08-26,769.2,Beauty
ORD003903,CUST1941,2026-07-03,557.37,Grocery
ORD005822,CUST2164,2026-09-04,1365.96,Fashion
ORD009911,CUST2428,2026-05-28,3219.13,Home & Kitchen
ORD006404,CUST2235,2026-08-30,979.95,Beauty
ORD006335,CUST2227,2026-08-06,778.06,Fashion
ORD008192,CUST2340,2026-09-27,532.44,Grocery
ORD006642,CUST2257,2026-09-19,2061.53,Home & Kitchen
ORD006108,CUST2202,2026-04-13,9497.63,Electronics
ORD002679,CUST1641,2026-06-24,345.98,Grocery
ORD007079,CUST2281,2026-05-02,11932.95,Electronics
ORD005827,CUST2165,2026-05-22,751.84,Fashion
ORD009386,CUST2403,2026-09-25,992.5,Grocery
ORD003858,CUST1936,2026-05-24,1583.51,Home & Kitchen
ORD003306,CUST1855,2026-06-07,470.28,Grocery
ORD008547,CUST2360,2026-08-30,627.49,Beauty
ORD001594,CUST1280,2026-06-12,889.73,Grocery
ORD003195,CUST1815,2026-01-16,1267.94,Fashion
ORD001651,CUST1301,2026-08-02,1277.59,Fashion
ORD005231,CUST2096,2026-07-03,1660.2,Fashion
ORD000217,CUST0217,2026-05-01,663.39,Beauty
ORD004541,CUST2017,2026-09-13,1132.26,Grocery
ORD010524,CUST2448,2026-08-31,12496.23,Electronics
ORD000922,CUST0922,2026-02-11,912.3,Grocery
ORD000867,CUST0867,2026-04-08,3713.7,Home & Kitchen
ORD005332,CUST2108,2026-04-04,1534.76,Home & Kitchen
ORD003672,CUST1913,2026-09-03,247.98,Grocery
ORD000018,CUST0018,2026-07-21,479.21,Grocery
ORD004675,CUST2032,2026-01-31,675.13,Grocery
ORD007423,CUST2298,2026-04-13,831.0,Grocery
ORD002378,CUST1544,2026-07-22,1527.56,Home & Kitchen
ORD010088,CUST2433,2026-08-26,11265.12,Electronics
ORD006557,CUST2253,2026-06-27,9695.21,Electronics
ORD005020,CUST2070,2026-09-20,3008.56,Home & Kitchen
ORD004505,CUST2013,2026-09-20,18612.96,Electronics
ORD001497,CUST1248,2026-09-21,911.14,Beauty
ORD003095,CUST1779,2026-09-22,6680.33,Electronics
ORD004321,CUST1990,2026-09-08,3584.19,Fashion
ORD006713,CUST2260,2026-09-30,1044.94,Grocery
ORD008383,CUST2352,2026-08-29,590.03,Grocery
ORD003027,CUST1758,2026-07-31,10980.25,Electronics
ORD000796,CUST0796,2026-06-25,3330.24,Home & Kitchen
ORD006054,CUST2194,2026-08-03,3252.64,Home & Kitchen
ORD011254,CUST2474,2026-04-07,4149.62,Electronics
ORD005993,CUST2185,2026-09-08,6148.55,Electronics
ORD002681,CUST1641,2026-09-29,1703.14,Home & Kitchen
ORD005774,CUST2158,2026-09-15,845.68,Beauty
ORD006561,CUST2253,2026-08-03,4773.82,Electronics
ORD011810,CUST2493,2026-09-28,1535.05,Grocery
ORD009498,CUST2409,2026-09-16,1795.04,Home & Kitchen
ORD000533,CUST0533,2026-05-24,1113.29,Fashion
ORD004803,CUST2047,2026-05-24,3991.12,Home & Kitchen
ORD011947,CUST2497,2026-07-31,1390.84,Beauty
ORD003106,CUST1782,2026-09-02,478.02,Beauty
ORD003044,CUST1763,2026-08-07,1633.77,Home & Kitchen
ORD005744,CUST2154,2026-09-24,2491.2,Home & Kitchen
ORD011076,CUST2467,2026-09-25,351.01,Grocery
ORD006740,CUST2262,2026-08-30,601.95,Grocery
ORD004554,CUST2018,2026-09-22,344.06,Grocery
ORD000684,CUST0684,2026-02-06,1459.66,Fashion
ORD007869,CUST2322,2026-03-23,2486.28,Home & Kitchen
ORD005621,CUST2141,2026-08-19,1190.76,Fashion
ORD007175,CUST2285,2026-08-29,6297.17,Electronics
ORD000578,CUST0578,2026-07-31,214.83,Grocery
ORD011217,CUST2473,2026-06-02,265.74,Beauty
ORD011270,CUST2474,2026-07-09,8408.98,Electronics
ORD005962,CUST2182,2026-09-06,421.38,Grocery
ORD003707,CUST1918,2026-05-14,6605.78,Electronics
ORD002808,CUST1684,2026-09-14,1440.92,Fashion
ORD006922,CUST2271,2026-09-27,589.72,Grocery
ORD000762,CUST0762,2026-01-19,13132.38,Electronics
ORD010140,CUST2435,2026-04-21,10007.71,Electronics
ORD002390,CUST1548,2026-09-15,438.79,Grocery
ORD009756,CUST2421,2026-09-24,7724.62,Electronics
ORD004036,CUST1957,2026-09-20,4979.27,Home & Kitchen
ORD002255,CUST1501,2026-01-31,1712.48,Fashion
ORD004509,CUST2014,2026-08-19,3331.49,Fashion
ORD006665,CUST2258,2026-09-26,404.79,Fashion
ORD001796,CUST1351,2026-07-06,357.23,Beauty
ORD010082,CUST2433,2026-07-20,4071.19,Electronics
ORD007667,CUST2311,2026-07-07,615.62,Grocery
ORD007153,CUST2284,2026-08-14,1852.88,Home & Kitchen
ORD005212,CUST2094,2026-09-27,1753.97,Fashion
ORD010822,CUST2459,2026-09-27,416.25,Grocery
ORD002391,CUST1548,2026-09-20,763.7,Fashion
ORD003170,CUST1805,2026-07-12,5463.69,Electronics
ORD008834,CUST2374,2026-08-30,2509.26,Fashion
ORD002997,CUST1747,2026-09-19,701.68,Beauty
ORD011619,CUST2487,2026-06-06,18621.05,Electronics
ORD007749,CUST2316,2026-04-04,14858.82,Electronics
ORD011069,CUST2467,2026-09-06,2666.44,Beauty
ORD010066,CUST2432,2026-09-08,10222.1,Electronics
ORD011669,CUST2488,2026-09-27,300.89,Beauty
ORD008675,CUST2367,2026-04-10,753.25,Fashion
ORD002035,CUST1429,2026-02-06,472.59,Grocery
ORD001042,CUST1042,2026-09-02,1090.77,Fashion
ORD003950,CUST1947,2026-07-27,9663.34,Electronics
ORD007073,CUST2280,2026-08-25,6506.7,Electronics
ORD004148,CUST1970,2026-08-08,955.3,Fashion
ORD000174,CUST0174,2026-09-22,1009.73,Beauty
ORD007144,CUST2284,2026-06-01,3044.28,Home & Kitchen
ORD000170,CUST0170,2026-04-27,1922.4,Fashion
ORD004563,CUST2019,2026-08-09,2351.43,Fashion
ORD008924,CUST2380,2026-07-19,7648.84,Electronics
ORD008847,CUST2375,2026-08-24,387.14,Grocery
ORD012029,CUST2499,2026-06-18,249.58,Grocery
ORD006914,CUST2271,2026-09-07,1122.01,Fashion
ORD001273,CUST1174,2026-07-20,3992.5,Electronics
ORD002890,CUST1712,2026-07-09,1654.02,Fashion
ORD000961,CUST0961,2026-05-21,1529.35,Fashion
ORD008168,CUST2339,2026-08-06,1613.96,Home & Kitchen
ORD003028,CUST1759,2026-05-06,470.21,Fashion
ORD009501,CUST2409,2026-09-27,859.07,Fashion
ORD000884,CUST0884,2026-08-21,1228.55,Beauty
ORD003929,CUST1944,2026-09-02,695.83,Beauty
ORD006148,CUST2206,2026-07-24,2847.95,Home & Kitchen
ORD004254,CUST1983,2026-04-20,2044.88,Home & Kitchen
ORD000800,CUST0800,2026-09-25,1462.94,Fashion
ORD008255,CUST2344,2026-08-22,1209.33,Fashion
ORD007782,CUST2317,2026-08-15,511.38,Grocery
ORD007628,CUST2309,2026-06-19,772.48,Grocery
ORD007584,CUST2306,2026-09-18,3135.64,Home & Kitchen
ORD006099,CUST2200,2026-09-10,4706.59,Electronics
ORD002956,CUST1734,2026-06-19,1189.77,Home & Kitchen
ORD008460,CUST2356,2026-08-11,8118.44,Electronics
ORD005139,CUST2085,2026-06-13,2736.05,Home & Kitchen
ORD008640,CUST2365,2026-08-07,346.42,Grocery
ORD004366,CUST1997,2026-08-31,1094.63,Beauty
ORD009181,CUST2393,2026-09-26,5098.23,Home & Kitchen
ORD007839,CUST2320,2026-09-17,675.01,Grocery
ORD007064,CUST2280,2026-05-28,5111.25,Electronics
ORD004986,CUST2066,2026-09-09,1446.53,Home & Kitchen
ORD010008,CUST2431,2026-07-29,3092.42,Fashion
ORD001161,CUST1139,2026-09-14,741.87,Fashion
ORD001480,CUST1243,2026-09-01,2376.59,Home & Kitchen
ORD005490,CUST2126,2026-06-22,1204.11,Home & Kitchen
ORD009692,CUST2419,2026-06-23,606.19,Grocery
ORD007262,CUST2290,2026-08-06,1070.86,Fashion
ORD009713,CUST2419,2026-09-15,1418.09,Home & Kitchen
ORD002389,CUST1548,2026-06-11,1530.03,Fashion
ORD008910,CUST2379,2026-09-28,1511.22,Fashion
ORD009388,CUST2404,2026-05-19,508.4,Grocery
ORD000587,CUST0587,2026-08-15,525.13,Grocery
ORD009237,CUST2396,2026-08-20,4703.08,Home & Kitchen
ORD002190,CUST1481,2026-07-28,589.64,Grocery
ORD009977,CUST2430,2026-05-29,5278.5,Electronics
ORD003892,CUST1940,2026-08-08,661.3,Fashion
ORD008869,CUST2376,2026-09-30,505.19,Home & Kitchen
ORD010890,CUST2461,2026-09-11,880.65,Grocery
ORD008031,CUST2331,2026-08-07,3081.2,Home & Kitchen
ORD002928,CUST1725,2026-08-01,2189.44,Fashion
ORD002652,CUST1632,2026-09-28,1342.19,Home & Kitchen
ORD001148,CUST1135,2026-05-18,446.87,Grocery
ORD005158,CUST2087,2026-09-21,6433.43,Home & Kitchen
ORD004829,CUST2049,2026-09-13,6254.4,Home & Kitchen
ORD011371,CUST2477,2026-09-28,6454.05,Electronics
ORD007583,CUST2306,2026-09-14,4050.96,Fashion
ORD010337,CUST2442,2026-09-01,370.1,Grocery
ORD007377,CUST2295,2026-09-15,2210.46,Fashion
ORD011588,CUST2485,2026-09-02,2002.31,Fashion
ORD002616,CUST1621,2026-09-10,1147.61,Fashion
ORD010179,CUST2437,2026-09-03,598.27,Grocery
ORD005642,CUST2143,2026-05-30,4190.31,Home & Kitchen
ORD011286,CUST2475,2026-07-24,9445.74,Electronics
ORD011515,CUST2482,2026-09-17,2356.59,Home & Kitchen
ORD010838,CUST2460,2026-08-31,1891.05,Beauty
ORD008451,CUST2355,2026-09-07,5901.55,Electronics
ORD008799,CUST2372,2026-09-29,753.15,Fashion
ORD011713,CUST2490,2026-06-27,4136.94,Electronics
ORD001502,CUST1249,2026-09-03,276.94,Beauty
ORD010250,CUST2439,2026-08-12,1708.54,Home & Kitchen
ORD007151,CUST2284,2026-08-04,1634.95,Home & Kitchen
ORD006062,CUST2195,2026-08-09,1706.69,Beauty
ORD006572,CUST2253,2026-09-25,1141.01,Home & Kitchen
ORD006828,CUST2267,2026-03-05,304.45,Fashion
ORD000104,CUST0104,2026-05-06,900.44,Fashion
ORD010595,CUST2451,2026-07-25,1256.65,Fashion
ORD008848,CUST2375,2026-09-06,143.71,Beauty
ORD006463,CUST2242,2026-08-30,1152.68,Beauty
ORD004116,CUST1967,2026-03-09,337.63,Grocery
ORD011780,CUST2492,2026-09-09,1359.69,Home & Kitchen
ORD003835,CUST1934,2026-07-21,2805.46,Home & Kitchen
ORD011670,CUST2488,2026-09-27,6849.88,Electronics
ORD010199,CUST2437,2026-09-26,1987.48,Home & Kitchen
ORD004329,CUST1991,2026-06-09,1125.27,Home & Kitchen
ORD004090,CUST1964,2026-08-12,790.43,Grocery
ORD002597,CUST1615,2026-09-19,691.01,Grocery
ORD003814,CUST1931,2026-09-29,3605.23,Electronics
ORD003112,CUST1784,2026-09-30,2565.64,Home & Kitchen
ORD009488,CUST2409,2026-07-13,489.15,Beauty
ORD000292,CUST0292,2026-09-18,3844.12,Home & Kitchen
ORD006058,CUST2194,2026-09-04,1928.7,Beauty
ORD003725,CUST1920,2026-05-15,3975.23,Home & Kitchen
ORD006072,CUST2197,2026-07-17,2565.81,Fashion
ORD005220,CUST2094,2026-09-30,7786.82,Electronics
ORD002676,CUST1640,2026-08-19,1046.86,Beauty
ORD011204,CUST2472,2026-09-28,4834.65,Electronics
ORD009216,CUST2396,2026-02-13,189.51,Grocery
ORD002373,CUST1542,2026-09-24,4170.93,Electronics
ORD011302,CUST2475,2026-08-27,5302.49,Electronics
ORD011601,CUST2486,2026-08-10,2448.25,Home & Kitchen
ORD004383,CUST1999,2026-09-13,7998.45,Electronics
ORD002665,CUST1636,2026-09-12,4926.81,Electronics
ORD009780,CUST2423,2026-08-13,2601.91,Home & Kitchen
ORD010416,CUST2445,2026-08-01,1142.43,Home & Kitchen
ORD003651,CUST1910,2026-09-05,4639.74,Electronics
ORD007796,CUST2318,2026-09-13,8907.83,Electronics
ORD007976,CUST2328,2026-08-20,1420.59,Home & Kitchen
ORD008262,CUST2344,2026-09-19,4896.57,Home & Kitchen
ORD008815,CUST2373,2026-08-18,1244.04,Fashion
ORD001792,CUST1350,2026-08-29,598.55,Grocery
ORD011104,CUST2468,2026-09-29,20792.63,Home & Kitchen
ORD000579,CUST0579,2026-06-19,1945.51,Home & Kitchen
ORD004396,CUST2001,2026-03-29,2183.85,Home & Kitchen
ORD001512,CUST1252,2026-09-27,1228.1,Fashion
ORD011224,CUST2473,2026-07-04,2117.59,Fashion
ORD009356,CUST2402,2026-07-06,5792.81,Electronics
ORD009749,CUST2421,2026-09-07,297.79,Beauty
ORD002291,CUST1512,2026-09-24,6157.5,Home & Kitchen
ORD002237,CUST1496,2026-06-05,744.28,Fashion
ORD009598,CUST2414,2026-05-19,597.56,Grocery
ORD011090,CUST2468,2026-09-18,3118.26,Home & Kitchen
ORD009472,CUST2408,2026-07-26,2107.04,Fashion
ORD005325,CUST2107,2026-03-23,560.77,Grocery
ORD006979,CUST2275,2026-08-17,2442.53,Fashion
ORD004514,CUST2014,2026-09-10,14613.79,Electronics
ORD003324,CUST1860,2026-05-05,6615.31,Electronics
ORD010110,CUST2434,2026-06-03,3441.09,Home & Kitchen
ORD011482,CUST2481,2026-07-11,5340.51,Electronics
ORD000622,CUST0622,2026-04-08,1406.37,Fashion
ORD005585,CUST2137,2026-08-24,3621.93,Electronics
ORD003434,CUST1884,2026-07-31,539.66,Fashion
ORD009893,CUST2427,2026-09-12,18974.01,Electronics
ORD009931,CUST2428,2026-08-27,867.1,Fashion
ORD001954,CUST1402,2026-09-30,1583.37,Home & Kitchen
ORD010664,CUST2453,2026-09-23,16246.83,Home & Kitchen
ORD006467,CUST2242,2026-09-09,522.69,Fashion
ORD009469,CUST2407,2026-09-30,577.65,Fashion
ORD000266,CUST0266,2026-02-19,569.02,Fashion
ORD000834,CUST0834,2026-08-28,537.36,Fashion
ORD010026,CUST2431,2026-09-10,4545.98,Home & Kitchen
ORD007250,CUST2289,2026-06-26,247.97,Grocery
ORD007282,CUST2291,2026-03-14,766.72,Grocery
ORD001286,CUST1179,2026-08-08,940.59,Fashion
ORD001609,CUST1286,2026-07-04,255.71,Grocery
ORD004251,CUST1982,2026-08-24,1832.22,Fashion
ORD004809,CUST2047,2026-08-29,692.6,Grocery
ORD010958,CUST2463,2026-09-25,514.61,Fashion
ORD008978,CUST2382,2026-09-28,424.55,Beauty
ORD006432,CUST2238,2026-09-12,3732.83,Fashion
ORD006015,CUST2188,2026-08-31,11407.06,Electronics
ORD010176,CUST2437,2026-08-29,329.89,Beauty
ORD008458,CUST2356,2026-07-27,803.23,Grocery
ORD008851,CUST2375,2026-09-17,938.83,Beauty
ORD003018,CUST1755,2026-07-30,1421.52,Fashion
ORD011645,CUST2488,2026-08-25,3130.19,Home & Kitchen
ORD010932,CUST2463,2026-08-18,2004.34,Home & Kitchen
ORD001397,CUST1217,2026-08-19,354.83,Grocery
ORD000260,CUST0260,2026-08-23,1609.66,Fashion
ORD006192,CUST2211,2026-07-30,581.79,Beauty
ORD005338,CUST2108,2026-08-01,2100.69,Home & Kitchen
ORD001982,CUST1411,2026-08-19,917.37,Beauty
ORD003400,CUST1880,2026-08-12,729.07,Grocery
ORD002070,CUST1440,2026-04-25,782.22,Fashion
ORD000757,CUST0757,2026-04-28,376.38,Grocery
ORD001202,CUST1151,2026-09-16,7759.59,Electronics
ORD006609,CUST2256,2026-07-07,1256.44,Home & Kitchen
ORD006281,CUST2221,2026-09-15,4893.45,Electronics
ORD004140,CUST1969,2026-08-16,1270.76,Grocery
ORD004458,CUST2008,2026-09-29,301.93,Grocery
ORD001670,CUST1306,2026-04-04,2113.54,Fashion
ORD009644,CUST2416,2026-07-30,1052.64,Home & Kitchen
ORD006953,CUST2274,2026-05-19,9868.21,Electronics
ORD005813,CUST2163,2026-09-29,1154.38,Fashion
ORD002392,CUST1549,2026-06-08,1540.43,Fashion
ORD010383,CUST2444,2026-07-02,1316.48,Fashion
ORD000695,CUST0695,2026-01-17,4356.72,Home & Kitchen
ORD010283,CUST2440,2026-09-15,6484.93,Electronics
ORD010262,CUST2440,2026-06-18,2328.11,Home & Kitchen
ORD002577,CUST1607,2026-08-27,685.86,Grocery
ORD007635,CUST2309,2026-08-26,4003.52,Home & Kitchen
ORD007634,CUST2309,2026-08-22,660.15,Beauty
ORD003644,CUST1909,2026-08-29,2256.47,Home & Kitchen
ORD002874,CUST1708,2026-07-31,1011.51,Beauty
ORD004820,CUST2048,2026-07-09,2639.16,Home & Kitchen
ORD003069,CUST1772,2026-03-11,376.33,Beauty
ORD003853,CUST1935,2026-07-10,1603.4,Fashion
ORD002020,CUST1424,2026-06-06,5163.59,Electronics
ORD003647,CUST1910,2026-07-26,559.07,Grocery
ORD002955,CUST1734,2026-04-03,3576.51,Home & Kitchen
ORD005494,CUST2126,2026-09-13,844.64,Home & Kitchen
ORD008297,CUST2347,2026-09-15,507.73,Fashion
ORD003500,CUST1892,2026-09-21,3209.68,Home & Kitchen
ORD002994,CUST1747,2026-07-29,1881.12,Beauty
ORD006498,CUST2247,2026-08-25,5929.37,Home & Kitchen
ORD010311,CUST2441,2026-08-17,4899.64,Electronics
ORD006931,CUST2272,2026-09-01,363.09,Beauty
ORD007493,CUST2302,2026-09-10,1153.34,Grocery
ORD004304,CUST1988,2026-09-27,1405.29,Fashion
ORD004976,CUST2065,2026-07-18,12719.35,Electronics
ORD007303,CUST2292,2026-02-15,2229.92,Home & Kitchen
ORD005911,CUST2175,2026-09-20,418.01,Grocery
ORD004851,CUST2052,2026-09-14,797.3,Fashion
ORD004085,CUST1964,2026-06-27,4548.52,Electronics
ORD011904,CUST2495,2026-09-23,5246.4,Electronics
ORD009594,CUST2414,2026-04-26,317.16,Grocery
ORD001238,CUST1163,2026-09-28,5200.61,Electronics
ORD009813,CUST2424,2026-09-23,434.11,Grocery
ORD010978,CUST2464,2026-07-15,2002.97,Beauty
ORD003502,CUST1892,2026-09-24,1348.9,Beauty
ORD009020,CUST2385,2026-04-29,3065.94,Home & Kitchen
ORD008865,CUST2376,2026-09-26,872.81,Fashion
ORD004707,CUST2035,2026-09-30,5132.91,Electronics
ORD006324,CUST2226,2026-08-19,473.03,Grocery
ORD008507,CUST2358,2026-06-19,512.25,Beauty
ORD002056,CUST1435,2026-07-30,922.3,Fashion
ORD010644,CUST2453,2026-06-12,1188.29,Grocery
ORD007909,CUST2324,2026-07-06,487.62,Grocery
ORD002047,CUST1432,2026-09-27,3742.39,Home & Kitchen
ORD000820,CUST0820,2026-09-03,486.73,Grocery
ORD009394,CUST2404,2026-08-05,6567.26,Home & Kitchen
ORD009249,CUST2397,2026-09-01,449.03,Grocery
ORD002615,CUST1621,2026-09-09,1619.55,Home & Kitchen
ORD004715,CUST2036,2026-09-19,694.56,Beauty
ORD008371,CUST2352,2026-07-08,11038.29,Electronics
ORD009486,CUST2408,2026-09-30,5146.99,Electronics
ORD009403,CUST2404,2026-09-29,1383.06,Fashion
ORD001671,CUST1306,2026-08-31,586.39,Fashion
ORD010903,CUST2462,2026-09-17,8943.43,Electronics
ORD001062,CUST1062,2026-02-13,13806.4,Electronics
ORD006009,CUST2188,2026-07-23,1211.64,Fashion
ORD002885,CUST1711,2026-09-29,2335.04,Home & Kitchen
ORD001255,CUST1168,2026-03-13,1670.39,Fashion
ORD000953,CUST0953,2026-03-22,852.09,Fashion
ORD001845,CUST1367,2026-09-13,931.17,Grocery
ORD010987,CUST2464,2026-09-23,542.53,Fashion
ORD003574,CUST1901,2026-04-09,1018.81,Home & Kitchen
ORD005946,CUST2180,2026-07-21,2537.13,Home & Kitchen
ORD001119,CUST1119,2026-09-03,1035.17,Beauty
ORD008693,CUST2367,2026-09-11,5777.42,Home & Kitchen
ORD009969,CUST2429,2026-09-30,9018.32,Home & Kitchen
ORD008619,CUST2364,2026-09-29,1060.18,Fashion
ORD008216,CUST2342,2026-08-26,5017.41,Home & Kitchen
ORD010512,CUST2448,2026-08-06,922.62,Fashion
ORD010574,CUST2450,2026-09-27,479.76,Grocery
ORD011893,CUST2495,2026-09-15,1312.69,Grocery
ORD010516,CUST2448,2026-08-14,1384.93,Fashion
ORD003376,CUST1876,2026-09-23,1043.66,Fashion
ORD004293,CUST1987,2026-09-15,6682.15,Home & Kitchen
ORD010380,CUST2444,2026-06-06,4608.12,Home & Kitchen
ORD011531,CUST2483,2026-09-23,992.82,Fashion
ORD009600,CUST2414,2026-05-27,3523.19,Fashion
ORD004631,CUST2027,2026-08-11,2402.04,Fashion
ORD011628,CUST2487,2026-08-05,644.9,Beauty
ORD008627,CUST2364,2026-09-30,1048.47,Fashion
ORD008542,CUST2360,2026-08-20,3676.57,Home & Kitchen
ORD010225,CUST2438,2026-09-07,3110.68,Home & Kitchen
ORD004895,CUST2057,2026-03-12,6528.41,Electronics
ORD004955,CUST2064,2026-07-29,435.69,Fashion
ORD009081,CUST2388,2026-09-20,556.19,Grocery
ORD001057,CUST1057,2026-07-29,586.52,Grocery
ORD001147,CUST1134,2026-06-15,1556.62,Fashion
ORD004864,CUST2053,2026-09-21,1181.27,Home & Kitchen
ORD012081,CUST2500,2026-09-29,6335.46,Electronics
ORD003548,CUST1898,2026-09-07,1354.2,Fashion
ORD009138,CUST2392,2026-09-21,14268.98,Electronics
ORD006283,CUST2221,2026-09-19,405.78,Grocery
ORD011742,CUST2491,2026-07-05,7461.0,Electronics
ORD000009,CUST0009,2026-08-15,1509.28,Fashion
ORD007259,CUST2290,2026-08-03,2383.32,Home & Kitchen
ORD006063,CUST2195,2026-08-18,539.09,Grocery
ORD007110,CUST2282,2026-09-12,1504.79,Home & Kitchen
ORD003885,CUST1939,2026-08-27,971.49,Fashion
ORD000097,CUST0097,2026-09-15,11657.67,Electronics
ORD001460,CUST1238,2026-03-28,3369.92,Electronics
ORD001083,CUST1083,2026-07-04,820.49,Grocery
ORD000427,CUST0427,2026-06-01,407.42,Grocery
ORD004234,CUST1980,2026-08-27,3307.56,Home & Kitchen
ORD003287,CUST1847,2026-09-10,668.49,Grocery
ORD004897,CUST2057,2026-04-30,4339.66,Electronics
ORD010870,CUST2461,2026-06-19,6534.17,Electronics
ORD006863,CUST2268,2026-09-16,1333.89,Fashion
ORD003234,CUST1828,2026-09-21,1069.79,Fashion
ORD004386,CUST1999,2026-09-25,821.52,Home & Kitchen
ORD005461,CUST2123,2026-07-05,2196.71,Home & Kitchen
ORD010602,CUST2451,2026-08-10,6471.4,Electronics
ORD005719,CUST2152,2026-07-18,1371.75,Fashion
ORD000980,CUST0980,2026-03-02,5262.77,Electronics
ORD010510,CUST2448,2026-08-04,4265.44,Home & Kitchen
ORD001043,CUST1043,2026-07-05,2056.62,Fashion
ORD008724,CUST2369,2026-08-01,5552.14,Electronics
ORD011721,CUST2490,2026-08-06,6338.56,Electronics
ORD002847,CUST1698,2026-05-22,753.38,Grocery
ORD003354,CUST1871,2026-02-09,845.79,Fashion
ORD001593,CUST1279,2026-09-30,387.61,Grocery
ORD009393,CUST2404,2026-08-03,1340.68,Fashion
ORD003188,CUST1812,2026-01-06,1319.88,Home & Kitchen
ORD003140,CUST1794,2026-09-13,3935.99,Home & Kitchen
ORD004636,CUST2028,2026-04-23,1822.84,Home & Kitchen
ORD007958,CUST2327,2026-09-09,3922.36,Home & Kitchen
ORD007090,CUST2281,2026-07-06,5400.57,Home & Kitchen
ORD000583,CUST0583,2026-09-15,1577.78,Fashion
ORD011717,CUST2490,2026-07-18,2151.25,Home & Kitchen
ORD005497,CUST2127,2026-07-06,1053.64,Home & Kitchen
ORD004919,CUST2059,2026-09-08,17438.99,Electronics
ORD006957,CUST2274,2026-07-14,1436.62,Home & Kitchen
ORD011901,CUST2495,2026-09-21,5027.39,Electronics
ORD011003,CUST2465,2026-09-08,8704.61,Electronics
ORD000004,CUST0004,2026-05-29,1748.78,Fashion
ORD010421,CUST2445,2026-08-08,5685.38,Electronics
ORD000411,CUST0411,2026-09-02,715.23,Fashion
ORD009631,CUST2415,2026-09-07,798.79,Beauty
ORD009878,CUST2427,2026-07-26,4866.08,Electronics
ORD001924,CUST1392,2026-09-19,1863.18,Fashion
ORD011342,CUST2476,2026-09-30,2025.71,Beauty
ORD002484,CUST1578,2026-07-26,1004.41,Grocery
ORD010783,CUST2458,2026-07-31,5891.05,Electronics
ORD000264,CUST0264,2026-08-04,1087.46,Grocery
ORD005171,CUST2088,2026-09-16,377.15,Grocery
ORD000440,CUST0440,2026-03-03,232.37,Grocery
ORD003843,CUST1934,2026-09-21,25248.14,Electronics
ORD010394,CUST2444,2026-08-20,4970.39,Fashion
ORD004602,CUST2024,2026-08-06,2909.69,Home & Kitchen
ORD004719,CUST2037,2026-07-20,9628.83,Electronics
ORD001108,CUST1108,2026-08-14,874.53,Fashion
ORD010504,CUST2448,2026-07-19,11822.89,Electronics
ORD007941,CUST2326,2026-09-09,640.5,Grocery
ORD007761,CUST2316,2026-06-26,6827.89,Electronics
ORD000089,CUST0089,2026-02-15,6417.64,Electronics
ORD010195,CUST2437,2026-09-21,2749.9,Home & Kitchen
ORD004793,CUST2046,2026-03-23,1644.18,Home & Kitchen
ORD003155,CUST1800,2026-08-26,2897.32,Fashion
ORD008935,CUST2380,2026-09-05,3404.53,Home & Kitchen
ORD009563,CUST2412,2026-09-11,519.98,Fashion
ORD001769,CUST1341,2026-06-19,2840.89,Home & Kitchen
ORD004353,CUST1995,2026-08-17,8684.13,Home & Kitchen
ORD001044,CUST1044,2026-03-12,1258.5,Fashion
ORD005072,CUST2077,2026-08-31,5015.98,Electronics
ORD000275,CUST0275,2026-06-24,1376.87,Fashion
ORD001282,CUST1177,2026-09-25,441.09,Grocery
ORD003839,CUST1934,2026-08-17,776.55,Beauty
ORD002129,CUST1459,2026-08-15,1118.73,Fashion
ORD004190,CUST1975,2026-07-10,470.59,Grocery
ORD011988,CUST2498,2026-07-28,19642.43,Electronics
ORD005047,CUST2074,2026-08-27,1375.36,Home & Kitchen
ORD006674,CUST2259,2026-08-27,2155.52,Electronics
ORD010828,CUST2460,2026-08-22,9335.94,Electronics
ORD006704,CUST2260,2026-07-30,2053.85,Home & Kitchen
ORD009699,CUST2419,2026-07-04,1323.01,Home & Kitchen
ORD004880,CUST2054,2026-07-08,4342.06,Fashion
ORD010326,CUST2442,2026-05-10,4870.99,Electronics
ORD011659,CUST2488,2026-09-13,8676.24,Electronics
ORD000416,CUST0416,2026-08-31,912.53,Grocery
ORD010518,CUST2448,2026-08-15,790.63,Home & Kitchen
ORD011877,CUST2494,2026-09-22,5233.4,Electronics
ORD007646,CUST2310,2026-08-13,1031.97,Beauty
ORD011909,CUST2495,2026-09-25,2555.08,Home & Kitchen
ORD006631,CUST2256,2026-09-30,392.94,Fashion
ORD003426,CUST1883,2026-07-06,547.67,Fashion
ORD008532,CUST2359,2026-09-15,551.76,Grocery
ORD011576,CUST2485,2026-04-30,1355.83,Beauty
ORD007287,CUST2291,2026-05-14,8872.99,Electronics
ORD000711,CUST0711,2026-04-19,328.96,Beauty
ORD011399,CUST2478,2026-08-29,9623.24,Electronics
ORD011565,CUST2484,2026-09-21,4860.5,Electronics
ORD005262,CUST2099,2026-08-08,475.85,Grocery
ORD000408,CUST0408,2026-07-02,628.97,Fashion
ORD009160,CUST2393,2026-06-29,5511.53,Electronics
ORD005025,CUST2071,2026-03-25,1909.53,Home & Kitchen
ORD009941,CUST2429,2026-09-22,10932.66,Electronics
ORD007765,CUST2316,2026-07-13,1528.21,Home & Kitchen
ORD005577,CUST2136,2026-08-17,565.08,Beauty
ORD003959,CUST1948,2026-09-26,3288.26,Electronics
ORD011937,CUST2496,2026-09-30,15617.58,Electronics
ORD011879,CUST2494,2026-09-28,887.06,Fashion
ORD005860,CUST2168,2026-09-28,734.29,Fashion
ORD008234,CUST2343,2026-09-19,2587.71,Fashion
ORD002617,CUST1622,2026-07-26,3095.88,Fashion
ORD005938,CUST2178,2026-09-23,1423.63,Home & Kitchen
ORD003134,CUST1792,2026-07-31,1058.21,Fashion
ORD009547,CUST2412,2026-04-26,919.99,Fashion
ORD007135,CUST2283,2026-09-27,8644.91,Electronics
ORD006516,CUST2249,2026-08-14,6224.69,Electronics
ORD007946,CUST2326,2026-09-17,2278.95,Electronics
ORD008531,CUST2359,2026-09-14,2568.82,Home & Kitchen
ORD011336,CUST2476,2026-09-17,6242.05,Electronics
ORD004339,CUST1992,2026-08-20,975.09,Fashion
ORD001524,CUST1256,2026-08-13,6543.75,Electronics
ORD003127,CUST1789,2026-03-21,939.31,Fashion
ORD007922,CUST2325,2026-08-01,309.57,Beauty
ORD004873,CUST2054,2026-01-17,326.35,Grocery
ORD001111,CUST1111,2026-06-06,435.78,Grocery
ORD009918,CUST2428,2026-07-01,2541.39,Electronics
ORD001407,CUST1220,2026-06-04,1627.47,Beauty
ORD008294,CUST2347,2026-09-06,1851.79,Home & Kitchen
ORD005606,CUST2139,2026-08-29,999.8,Fashion
ORD006497,CUST2247,2026-08-17,770.14,Grocery
ORD004050,CUST1959,2026-09-26,2630.61,Home & Kitchen
ORD011022,CUST2466,2026-06-23,6968.11,Electronics
ORD005715,CUST2151,2026-06-12,5403.1,Electronics
ORD004499,CUST2013,2026-08-17,555.15,Beauty
ORD010549,CUST2449,2026-09-07,490.67,Fashion
ORD009702,CUST2419,2026-07-20,294.95,Grocery
ORD008820,CUST2373,2026-09-30,3099.39,Electronics
ORD009608,CUST2414,2026-08-03,3226.83,Home & Kitchen
ORD006228,CUST2216,2026-06-29,506.59,Fashion
ORD011125,CUST2469,2026-09-29,8023.28,Electronics
ORD011335,CUST2476,2026-09-15,979.94,Home & Kitchen
ORD009345,CUST2401,2026-09-29,3694.24,Home & Kitchen
ORD010364,CUST2444,2026-03-02,828.55,Fashion
ORD000634,CUST0634,2026-09-11,2745.68,Home & Kitchen
ORD004309,CUST1989,2026-05-07,9400.01,Electronics
ORD010570,CUST2450,2026-09-26,1012.23,Home & Kitchen
ORD005524,CUST2130,2026-07-23,1369.56,Fashion
ORD005641,CUST2143,2026-05-24,1214.65,Fashion
ORD008179,CUST2340,2026-08-30,9194.58,Electronics
ORD008414,CUST2354,2026-04-17,688.92,Grocery
ORD009098,CUST2389,2026-09-03,8653.18,Electronics
ORD000132,CUST0132,2026-05-31,1427.65,Fashion
ORD010743,CUST2456,2026-09-17,533.21,Grocery
ORD000456,CUST0456,2026-09-04,395.78,Grocery
ORD002341,CUST1531,2026-04-08,681.65,Grocery
ORD009508,CUST2410,2026-06-06,1258.58,Home & Kitchen
ORD005628,CUST2141,2026-09-27,1397.31,Fashion
ORD010952,CUST2463,2026-09-16,463.23,Fashion
ORD000775,CUST0775,2026-09-04,1963.74,Fashion
ORD009471,CUST2408,2026-07-23,2832.76,Electronics
ORD000312,CUST0312,2026-03-10,1530.5,Fashion
ORD011836,CUST2493,2026-09-30,442.31,Grocery
ORD008116,CUST2336,2026-08-12,355.64,Grocery
ORD010781,CUST2458,2026-07-24,606.3,Grocery
ORD009005,CUST2384,2026-03-20,478.19,Grocery
ORD010722,CUST2455,2026-08-25,28528.54,Electronics
ORD000470,CUST0470,2026-09-25,172.98,Grocery
ORD003066,CUST1771,2026-06-09,1516.15,Fashion
ORD001351,CUST1200,2026-09-10,896.23,Beauty
ORD011818,CUST2493,2026-09-29,12168.19,Electronics
ORD010908,CUST2462,2026-09-22,7294.22,Electronics
ORD010192,CUST2437,2026-09-19,427.7,Beauty
ORD011021,CUST2466,2026-06-17,12972.03,Electronics
ORD000248,CUST0248,2026-04-05,279.1,Fashion
ORD000994,CUST0994,2026-08-26,620.32,Home & Kitchen
ORD000737,CUST0737,2026-05-20,1340.8,Fashion
ORD008499,CUST2358,2026-04-05,14272.29,Electronics
ORD005318,CUST2106,2026-08-24,1972.6,Home & Kitchen
ORD008305,CUST2348,2026-03-01,2006.14,Home & Kitchen
ORD003992,CUST1952,2026-09-10,3321.49,Home & Kitchen
ORD008472,CUST2356,2026-09-24,686.79,Grocery
ORD004340,CUST1992,2026-09-15,8890.45,Electronics
ORD000564,CUST0564,2026-05-02,1118.02,Grocery
ORD001906,CUST1387,2026-09-07,505.07,Grocery
ORD001723,CUST1324,2026-09-30,1587.48,Fashion
ORD004844,CUST2051,2026-06-28,620.49,Grocery
ORD006033,CUST2191,2026-06-05,1012.66,Fashion
ORD004688,CUST2033,2026-09-16,2128.08,Home & Kitchen
ORD001577,CUST1275,2026-09-13,1332.63,Fashion
ORD000074,CUST0074,2026-09-22,722.3,Fashion
ORD006563,CUST2253,2026-08-14,693.78,Grocery
ORD006105,CUST2201,2026-09-11,978.76,Grocery
ORD006250,CUST2218,2026-07-18,2629.77,Home & Kitchen
ORD002895,CUST1714,2026-08-17,752.47,Beauty
ORD002958,CUST1735,2026-07-30,343.29,Grocery
ORD004263,CUST1984,2026-08-04,1646.65,Fashion
ORD009897,CUST2427,2026-09-19,1630.44,Home & Kitchen
ORD007840,CUST2320,2026-09-18,17506.62,Electronics
ORD008577,CUST2361,2026-09-29,6449.22,Electronics
ORD000080,CUST0080,2026-08-19,994.66,Fashion
ORD007745,CUST2315,2026-09-19,969.34,Grocery
ORD003563,CUST1899,2026-09-18,6440.11,Electronics
ORD007978,CUST2328,2026-08-31,1858.63,Home & Kitchen
ORD000797,CUST0797,2026-08-10,449.17,Beauty
ORD008614,CUST2363,2026-08-17,475.2,Grocery
ORD002003,CUST1419,2026-02-27,802.36,Fashion
ORD008774,CUST2371,2026-09-29,645.2,Beauty
ORD003860,CUST1936,2026-06-27,5759.66,Electronics
ORD006832,CUST2267,2026-04-03,3592.34,Home & Kitchen
ORD010804,CUST2459,2026-08-31,821.19,Grocery
ORD008723,CUST2369,2026-07-31,806.78,Home & Kitchen
ORD007311,CUST2292,2026-05-28,6510.99,Electronics
ORD008880,CUST2377,2026-07-10,792.27,Beauty
ORD006725,CUST2261,2026-05-18,275.74,Grocery
ORD003575,CUST1901,2026-05-14,5683.97,Electronics
ORD007803,CUST2318,2026-09-22,868.21,Grocery
ORD007891,CUST2323,2026-09-24,1722.61,Home & Kitchen
ORD011096,CUST2468,2026-09-22,13521.29,Electronics
ORD006154,CUST2207,2026-09-11,1481.18,Fashion
ORD001905,CUST1387,2026-05-09,2749.81,Home & Kitchen
ORD000334,CUST0334,2026-08-04,1985.91,Home & Kitchen
ORD002961,CUST1736,2026-09-29,690.47,Beauty
ORD010411,CUST2445,2026-07-25,7226.76,Electronics
ORD007523,CUST2303,2026-07-08,874.99,Grocery
ORD011154,CUST2471,2026-08-09,12798.29,Electronics
ORD001085,CUST1085,2026-06-19,1418.53,Fashion
ORD004129,CUST1968,2026-08-20,462.35,Fashion
ORD001473,CUST1241,2026-06-16,2758.35,Home & Kitchen
ORD000451,CUST0451,2026-07-10,11893.33,Electronics
ORD001852,CUST1370,2026-01-29,559.09,Grocery
ORD006038,CUST2192,2026-07-28,4494.44,Electronics
ORD005197,CUST2092,2026-07-10,4067.78,Home & Kitchen
ORD010494,CUST2447,2026-09-22,18422.9,Electronics
ORD011524,CUST2483,2026-09-17,5341.34,Electronics
ORD000294,CUST0294,2026-03-04,250.94,Grocery
ORD001251,CUST1167,2026-03-19,9206.35,Electronics
ORD001146,CUST1134,2026-04-17,545.75,Beauty
ORD002520,CUST1590,2026-05-17,1802.95,Home & Kitchen
ORD004790,CUST2045,2026-09-03,603.55,Beauty
ORD004352,CUST1994,2026-09-29,404.59,Beauty
ORD002289,CUST1511,2026-09-18,628.87,Grocery
ORD002185,CUST1479,2026-08-25,352.23,Grocery
ORD007404,CUST2296,2026-09-29,4968.41,Electronics
ORD004685,CUST2033,2026-08-18,435.97,Grocery
ORD008377,CUST2352,2026-08-10,1116.03,Fashion
ORD006483,CUST2245,2026-09-11,547.77,Grocery
ORD010792,CUST2458,2026-09-12,11085.28,Electronics
ORD000853,CUST0853,2026-08-09,1072.36,Beauty
ORD001495,CUST1247,2026-09-20,9473.91,Electronics
ORD002933,CUST1726,2026-08-21,373.91,Beauty
ORD008032,CUST2331,2026-08-12,8637.86,Electronics
ORD001942,CUST1397,2026-06-18,887.68,Beauty
ORD010221,CUST2438,2026-08-10,1240.82,Grocery
ORD002518,CUST1589,2026-07-30,438.36,Grocery
ORD001806,CUST1354,2026-09-09,286.89,Grocery
ORD005528,CUST2131,2026-04-09,4768.66,Home & Kitchen
ORD009286,CUST2399,2026-05-03,19070.86,Electronics
ORD011062,CUST2467,2026-08-12,3952.48,Home & Kitchen
ORD002755,CUST1668,2026-04-05,1713.58,Fashion
ORD007111,CUST2282,2026-09-19,347.74,Grocery
ORD000189,CUST0189,2026-08-30,2830.5,Home & Kitchen
ORD001124,CUST1124,2026-01-31,908.78,Fashion
ORD011718,CUST2490,2026-07-19,14203.59,Electronics
ORD002145,CUST1464,2026-08-22,861.78,Beauty
ORD006682,CUST2259,2026-09-16,350.6,Grocery
ORD012073,CUST2500,2026-09-21,6275.06,Home & Kitchen
ORD010581,CUST2451,2026-06-22,498.78,Fashion
ORD002499,CUST1583,2026-07-17,1861.07,Home & Kitchen
ORD002523,CUST1591,2026-07-03,6906.75,Electronics
ORD009984,CUST2430,2026-06-29,9254.49,Electronics
ORD005917,CUST2176,2026-07-12,4251.47,Home & Kitchen
ORD001595,CUST1280,2026-09-19,1323.32,Fashion
ORD008636,CUST2365,2026-06-11,2082.08,Fashion
ORD002656,CUST1634,2026-05-31,439.73,Grocery
ORD000501,CUST0501,2026-07-12,504.56,Grocery
ORD002367,CUST1540,2026-03-31,613.12,Fashion
ORD000291,CUST0291,2026-07-01,1961.37,Fashion
ORD006086,CUST2199,2026-07-17,13602.92,Electronics
ORD008775,CUST2371,2026-09-30,5806.51,Electronics
ORD003438,CUST1884,2026-09-08,1856.02,Home & Kitchen
ORD005200,CUST2092,2026-09-14,3010.19,Home & Kitchen
ORD008726,CUST2369,2026-08-06,1335.39,Fashion
ORD002216,CUST1489,2026-07-23,348.25,Fashion
ORD008913,CUST2379,2026-09-29,1770.09,Fashion
ORD005077,CUST2078,2026-08-04,4214.33,Electronics
ORD010313,CUST2441,2026-08-26,947.6,Home & Kitchen
ORD004697,CUST2034,2026-09-13,623.63,Beauty
ORD000591,CUST0591,2026-03-01,1486.16,Fashion
ORD003782,CUST1926,2026-08-30,4332.32,Home & Kitchen
ORD011617,CUST2487,2026-05-02,3796.73,Grocery
ORD011656,CUST2488,2026-09-09,16088.56,Electronics
ORD006915,CUST2271,2026-09-08,2507.72,Home & Kitchen
ORD002964,CUST1737,2026-09-22,1269.05,Beauty
ORD005906,CUST2174,2026-07-16,2176.93,Home & Kitchen
ORD007048,CUST2279,2026-07-01,4165.83,Electronics
ORD001092,CUST1092,2026-06-05,5453.49,Electronics
ORD011179,CUST2471,2026-09-25,1632.55,Home & Kitchen
ORD010811,CUST2459,2026-09-12,5025.19,Electronics
ORD005124,CUST2083,2026-05-23,2009.95,Home & Kitchen
ORD004606,CUST2024,2026-09-28,1034.71,Beauty
ORD000778,CUST0778,2026-01-28,558.36,Beauty
ORD009491,CUST2409,2026-07-26,654.82,Fashion
ORD000300,CUST0300,2026-06-10,1088.56,Fashion
ORD010791,CUST2458,2026-09-07,7223.16,Electronics
ORD010156,CUST2436,2026-07-08,5617.49,Electronics
ORD001091,CUST1091,2026-09-24,280.17,Grocery
ORD001972,CUST1407,2026-08-27,472.66,Fashion
ORD001195,CUST1149,2026-09-26,1624.43,Home & Kitchen
ORD008242,CUST2343,2026-09-24,7679.12,Electronics
ORD011420,CUST2479,2026-05-27,6827.78,Electronics
ORD008804,CUST2373,2026-07-01,3563.71,Fashion
ORD008450,CUST2355,2026-09-07,470.86,Beauty
ORD007361,CUST2294,2026-09-23,3429.61,Home & Kitchen
ORD007081,CUST2281,2026-05-09,2291.45,Home & Kitchen
ORD001114,CUST1114,2026-07-28,608.46,Grocery
ORD006743,CUST2262,2026-09-11,1340.15,Home & Kitchen
ORD011182,CUST2471,2026-09-28,7527.35,Beauty
ORD009989,CUST2430,2026-07-25,6756.04,Electronics
ORD009479,CUST2408,2026-09-16,1047.03,Home & Kitchen
ORD005810,CUST2163,2026-09-26,1424.32,Fashion
ORD004503,CUST2013,2026-09-04,2338.78,Fashion
ORD008403,CUST2353,2026-09-11,665.79,Grocery
ORD003291,CUST1849,2026-07-18,3054.72,Electronics
ORD000566,CUST0566,2026-09-05,721.11,Fashion
ORD009679,CUST2418,2026-08-02,2955.69,Electronics
ORD001804,CUST1354,2026-09-06,1168.99,Beauty
ORD002985,CUST1744,2026-09-10,7212.68,Electronics
ORD006803,CUST2265,2026-09-28,1045.44,Beauty
ORD001643,CUST1297,2026-06-24,466.69,Grocery
ORD003015,CUST1753,2026-08-26,2630.46,Home & Kitchen
ORD006348,CUST2229,2026-09-23,577.94,Beauty
ORD009490,CUST2409,2026-07-19,699.95,Fashion
ORD006373,CUST2231,2026-08-07,9940.45,Electronics
ORD000047,CUST0047,2026-06-07,3002.51,Home & Kitchen
ORD001150,CUST1135,2026-08-06,2061.34,Fashion
ORD004755,CUST2041,2026-08-06,625.28,Grocery
ORD008210,CUST2342,2026-08-07,1085.03,Grocery
ORD000766,CUST0766,2026-09-10,548.73,Beauty
ORD011305,CUST2475,2026-09-01,6455.33,Electronics
ORD003670,CUST1913,2026-03-16,1696.53,Home & Kitchen
ORD001567,CUST1272,2026-08-19,1036.56,Fashion
ORD010132,CUST2434,2026-09-26,15567.36,Electronics
ORD006508,CUST2248,2026-09-24,648.65,Grocery
ORD004258,CUST1983,2026-09-30,6684.98,Electronics
ORD006995,CUST2276,2026-07-24,2127.69,Home & Kitchen
ORD009867,CUST2427,2026-06-24,5416.88,Home & Kitchen
ORD010441,CUST2446,2026-06-02,1418.62,Home & Kitchen
ORD004246,CUST1982,2026-05-19,2162.56,Fashion
ORD005717,CUST2151,2026-09-15,1747.04,Fashion
ORD001012,CUST1012,2026-02-28,1252.87,Fashion
ORD008625,CUST2364,2026-09-30,1403.91,Beauty
ORD007345,CUST2293,2026-09-30,377.83,Grocery
ORD006111,CUST2202,2026-08-14,3398.38,Home & Kitchen
ORD011231,CUST2473,2026-07-23,843.95,Beauty
ORD002454,CUST1568,2026-09-23,678.93,Fashion
ORD002175,CUST1477,2026-08-20,13457.32,Electronics
ORD008770,CUST2371,2026-09-28,1128.59,Grocery
ORD007534,CUST2304,2026-08-07,3488.3,Home & Kitchen
ORD006162,CUST2208,2026-09-20,7544.95,Electronics
ORD010252,CUST2439,2026-09-05,1480.79,Home & Kitchen
ORD008397,CUST2353,2026-07-11,3100.44,Home & Kitchen
ORD010356,CUST2443,2026-09-18,2641.46,Home & Kitchen
ORD011023,CUST2466,2026-07-01,491.37,Grocery
ORD011692,CUST2489,2026-08-10,3173.36,Home & Kitchen
ORD001346,CUST1199,2026-07-06,767.76,Beauty
ORD001445,CUST1232,2026-09-09,11068.86,Home & Kitchen
ORD006522,CUST2249,2026-09-26,5122.28,Electronics
ORD008605,CUST2363,2026-03-22,698.69,Grocery
ORD000081,CUST0081,2026-07-07,2454.11,Beauty
ORD005504,CUST2127,2026-09-12,4357.59,Home & Kitchen
ORD002471,CUST1573,2026-07-11,2283.43,Home & Kitchen
ORD000336,CUST0336,2026-04-29,1705.05,Fashion
ORD003470,CUST1888,2026-08-27,1760.78,Beauty
ORD006244,CUST2217,2026-09-13,9944.68,Electronics
ORD004124,CUST1968,2026-06-05,352.5,Grocery
ORD001573,CUST1274,2026-08-30,884.65,Fashion
ORD008505,CUST2358,2026-05-26,3336.13,Home & Kitchen
ORD004041,CUST1958,2026-09-01,2226.0,Home & Kitchen
ORD004641,CUST2029,2026-03-25,1106.28,Fashion
ORD010317,CUST2441,2026-09-23,8482.57,Electronics
ORD001510,CUST1252,2026-09-12,1147.06,Fashion
ORD001897,CUST1385,2026-07-23,14550.38,Electronics
ORD004654,CUST2030,2026-08-31,9456.8,Electronics
ORD009676,CUST2418,2026-07-20,2146.51,Home & Kitchen
ORD010977,CUST2464,2026-06-26,3631.94,Electronics
ORD009542,CUST2411,2026-09-30,3086.68,Home & Kitchen
ORD001846,CUST1368,2026-08-11,698.18,Grocery
ORD000112,CUST0112,2026-02-04,785.66,Beauty
ORD000473,CUST0473,2026-08-16,732.79,Fashion
ORD009613,CUST2414,2026-09-04,568.74,Grocery
ORD010744,CUST2456,2026-09-17,5673.26,Electronics
ORD008399,CUST2353,2026-07-25,7201.01,Electronics
ORD005000,CUST2068,2026-09-24,348.48,Fashion
ORD010216,CUST2438,2026-08-02,3022.86,Home & Kitchen
ORD010052,CUST2432,2026-08-21,4381.07,Home & Kitchen
ORD001184,CUST1146,2026-09-20,1521.61,Fashion
ORD004345,CUST1993,2026-09-03,596.31,Grocery
ORD003466,CUST1887,2026-08-26,1033.62,Fashion
ORD003525,CUST1895,2026-09-29,1354.47,Beauty
ORD005514,CUST2129,2026-09-24,731.38,Grocery
ORD002109,CUST1452,2026-08-14,867.64,Fashion
ORD010941,CUST2463,2026-09-01,452.93,Beauty
ORD005505,CUST2127,2026-09-16,1534.84,Home & Kitchen
ORD006376,CUST2232,2026-09-26,521.59,Grocery
ORD004338,CUST1992,2026-07-20,1344.38,Beauty
ORD002610,CUST1620,2026-07-07,279.55,Grocery
ORD002760,CUST1669,2026-08-03,1413.72,Fashion
ORD011502,CUST2482,2026-08-02,380.73,Grocery
ORD011036,CUST2466,2026-08-22,10066.34,Electronics
ORD003004,CUST1750,2026-09-01,683.33,Grocery
ORD008945,CUST2381,2026-07-19,1723.52,Home & Kitchen
ORD002240,CUST1497,2026-02-08,2050.33,Home & Kitchen
ORD011634,CUST2487,2026-08-23,1175.01,Fashion
ORD004451,CUST2008,2026-09-13,805.39,Fashion
ORD010352,CUST2443,2026-09-04,2141.51,Home & Kitchen
ORD007054,CUST2279,2026-08-27,2009.32,Home & Kitchen
ORD005166,CUST2088,2026-08-17,3287.98,Fashion
ORD004481,CUST2011,2026-09-01,542.04,Grocery
ORD002685,CUST1642,2026-09-18,1017.32,Fashion
ORD001194,CUST1149,2026-04-23,2064.27,Home & Kitchen
ORD000046,CUST0046,2026-06-06,761.47,Grocery
ORD009736,CUST2420,2026-09-21,8710.58,Electronics
ORD009800,CUST2424,2026-07-19,1825.24,Home & Kitchen
ORD009808,CUST2424,2026-09-03,3676.22,Home & Kitchen
ORD001579,CUST1276,2026-03-17,11497.82,Electronics
ORD003003,CUST1750,2026-07-22,551.89,Beauty
ORD004886,CUST2055,2026-08-04,551.24,Grocery
ORD003313,CUST1857,2026-08-27,759.63,Grocery
ORD001585,CUST1277,2026-08-10,465.12,Fashion
ORD002317,CUST1522,2026-09-29,453.12,Grocery
ORD007347,CUST2294,2026-09-07,1767.34,Home & Kitchen
ORD010308,CUST2441,2026-08-06,1923.08,Home & Kitchen
ORD009287,CUST2399,2026-05-07,2256.93,Home & Kitchen
ORD006859,CUST2268,2026-08-28,22091.35,Electronics
ORD002865,CUST1705,2026-01-02,3577.05,Fashion
ORD011635,CUST2487,2026-08-26,640.79,Fashion
ORD000316,CUST0316,2026-09-18,610.5,Beauty
ORD010361,CUST2443,2026-09-22,2217.95,Electronics
ORD004404,CUST2002,2026-08-24,4816.96,Home & Kitchen
ORD006628,CUST2256,2026-09-17,12532.58,Electronics
ORD009435,CUST2406,2026-06-26,1376.91,Beauty
ORD007137,CUST2284,2026-04-16,4421.77,Electronics
ORD004047,CUST1959,2026-09-25,1479.84,Fashion
ORD007783,CUST2317,2026-08-16,8184.68,Electronics
ORD008501,CUST2358,2026-04-10,1470.41,Fashion
ORD005271,CUST2100,2026-09-22,4240.69,Home & Kitchen
ORD007226,CUST2288,2026-08-21,6939.82,Electronics
ORD005454,CUST2122,2026-09-25,5670.81,Home & Kitchen
ORD006436,CUST2239,2026-08-06,728.9,Grocery
ORD001072,CUST1072,2026-05-03,1345.15,Fashion
ORD008699,CUST2368,2026-07-16,11221.38,Electronics
ORD004656,CUST2030,2026-09-02,760.17,Beauty
ORD005683,CUST2148,2026-08-01,1371.36,Fashion
ORD010034,CUST2431,2026-09-22,1041.86,Grocery
ORD004318,CUST1990,2026-08-25,6964.9,Electronics
ORD000410,CUST0410,2026-05-22,1031.29,Fashion
ORD005096,CUST2080,2026-05-29,3022.4,Home & Kitchen
ORD003529,CUST1895,2026-09-30,1145.11,Fashion
ORD000577,CUST0577,2026-03-27,4171.47,Electronics
ORD008789,CUST2372,2026-09-24,795.78,Grocery
ORD009282,CUST2398,2026-09-25,3931.64,Electronics
ORD010531,CUST2449,2026-06-09,1100.9,Fashion
ORD000714,CUST0714,2026-08-20,358.2,Grocery
ORD002630,CUST1626,2026-07-14,862.37,Grocery
ORD002914,CUST1721,2026-09-28,1997.36,Fashion
ORD001088,CUST1088,2026-07-12,592.82,Fashion
ORD003329,CUST1862,2026-07-12,1985.52,Home & Kitchen
ORD011471,CUST2481,2026-02-15,1346.85,Fashion
ORD002253,CUST1500,2026-08-22,638.97,Grocery
ORD010237,CUST2439,2026-06-22,2020.27,Fashion
ORD001455,CUST1236,2026-09-19,3525.35,Electronics
ORD009116,CUST2390,2026-07-22,3277.67,Electronics
ORD010990,CUST2465,2026-07-28,2329.65,Grocery
ORD006819,CUST2266,2026-07-14,1456.91,Home & Kitchen
ORD000882,CUST0882,2026-03-25,777.5,Beauty
ORD001711,CUST1320,2026-09-17,779.25,Beauty
ORD003036,CUST1761,2026-03-21,1454.79,Home & Kitchen
ORD002609,CUST1619,2026-07-22,855.62,Fashion
ORD010378,CUST2444,2026-05-30,6542.63,Electronics
ORD008875,CUST2377,2026-06-07,985.34,Grocery
ORD008258,CUST2344,2026-08-31,5929.5,Electronics
ORD007119,CUST2283,2026-08-18,13218.15,Electronics
ORD008760,CUST2371,2026-09-25,2524.36,Home & Kitchen
ORD005667,CUST2146,2026-09-28,1695.59,Home & Kitchen
ORD011005,CUST2465,2026-09-12,4598.6,Home & Kitchen
ORD009823,CUST2425,2026-07-20,7540.92,Home & Kitchen
ORD009554,CUST2412,2026-07-26,834.85,Fashion
ORD002877,CUST1709,2026-08-28,1737.05,Beauty
ORD007229,CUST2288,2026-08-29,1966.54,Fashion
ORD001598,CUST1282,2026-02-17,523.03,Beauty
ORD006746,CUST2262,2026-09-16,2737.74,Fashion
ORD003617,CUST1906,2026-09-25,614.88,Grocery
ORD007970,CUST2328,2026-06-07,12210.45,Electronics
ORD008719,CUST2369,2026-07-19,496.99,Grocery
ORD010190,CUST2437,2026-09-17,3731.67,Home & Kitchen
ORD010896,CUST2461,2026-09-25,1748.53,Beauty
ORD001181,CUST1145,2026-05-20,6530.75,Electronics
ORD008544,CUST2360,2026-08-21,6206.3,Electronics
ORD001912,CUST1389,2026-05-06,2407.29,Fashion
ORD009250,CUST2397,2026-09-02,1807.84,Home & Kitchen
ORD007621,CUST2308,2026-08-30,1154.05,Fashion
ORD002215,CUST1489,2026-05-25,652.76,Beauty
ORD011624,CUST2487,2026-07-12,438.69,Grocery
ORD007076,CUST2280,2026-09-19,848.86,Fashion
ORD007248,CUST2289,2026-06-08,523.55,Grocery
ORD003422,CUST1883,2026-03-08,4517.58,Electronics
ORD006871,CUST2269,2026-09-09,6237.18,Electronics
ORD006224,CUST2215,2026-08-16,1825.54,Beauty
ORD006261,CUST2219,2026-09-20,2466.3,Fashion
ORD007256,CUST2289,2026-08-08,1496.55,Fashion
ORD002983,CUST1743,2026-08-03,669.86,Fashion
ORD010663,CUST2453,2026-09-22,3294.59,Home & Kitchen
ORD006635,CUST2257,2026-09-07,2165.81,Beauty
ORD005254,CUST2098,2026-08-27,6596.66,Electronics
ORD001692,CUST1313,2026-07-05,1190.2,Home & Kitchen
ORD004247,CUST1982,2026-05-24,2267.1,Home & Kitchen
ORD000124,CUST0124,2026-03-02,1997.99,Fashion
ORD007920,CUST2325,2026-07-22,10568.06,Electronics
ORD001953,CUST1402,2026-09-30,6503.81,Electronics
ORD010348,CUST2443,2026-08-24,445.02,Beauty
ORD005848,CUST2167,2026-09-07,6775.38,Electronics
ORD006833,CUST2267,2026-04-11,1563.41,Fashion
ORD008969,CUST2382,2026-09-22,611.33,Grocery
ORD004030,CUST1957,2026-08-14,2616.88,Home & Kitchen
ORD002456,CUST1569,2026-08-25,588.54,Grocery
ORD004296,CUST1987,2026-09-26,551.83,Fashion
ORD006201,CUST2212,2026-06-14,1199.41,Fashion
ORD003488,CUST1890,2026-09-20,726.69,Fashion
ORD004951,CUST2063,2026-08-28,358.89,Grocery
ORD011201,CUST2472,2026-09-27,2684.95,Home & Kitchen
ORD010081,CUST2433,2026-07-20,3572.25,Electronics
ORD005465,CUST2123,2026-09-24,6445.53,Electronics
ORD004703,CUST2035,2026-09-17,288.52,Grocery
ORD004598,CUST2023,2026-09-29,1266.77,Fashion
ORD002535,CUST1595,2026-07-10,500.7,Fashion
ORD001892,CUST1383,2026-09-29,1522.53,Grocery
ORD010909,CUST2462,2026-09-22,469.83,Grocery
ORD006852,CUST2268,2026-06-24,3567.2,Fashion
ORD000296,CUST0296,2026-08-10,574.35,Beauty
ORD004348,CUST1994,2026-09-22,1559.18,Beauty
ORD004418,CUST2004,2026-07-11,1364.13,Fashion
ORD004411,CUST2003,2026-09-14,2463.3,Home & Kitchen
ORD002418,CUST1557,2026-04-05,10000.16,Electronics
ORD001786,CUST1347,2026-06-11,5248.54,Electronics
ORD009283,CUST2399,2026-04-17,1839.7,Home & Kitchen
ORD000287,CUST0287,2026-08-20,14969.09,Electronics
ORD010477,CUST2447,2026-08-14,7066.19,Electronics
ORD012031,CUST2499,2026-07-13,487.59,Fashion
ORD001759,CUST1337,2026-01-03,1663.71,Home & Kitchen
ORD007948,CUST2326,2026-09-19,4450.49,Electronics
ORD001285,CUST1179,2026-06-14,966.39,Fashion
ORD006849,CUST2268,2026-05-28,7855.96,Electronics
ORD009775,CUST2423,2026-08-03,24104.76,Electronics
ORD010429,CUST2445,2026-09-14,1394.65,Fashion
ORD003296,CUST1851,2026-07-12,509.52,Fashion
ORD006078,CUST2198,2026-05-18,8906.24,Electronics
ORD008096,CUST2335,2026-09-06,1027.05,Fashion
ORD012013,CUST2499,2026-02-14,2635.9,Fashion
ORD011355,CUST2477,2026-07-21,1513.25,Home & Kitchen
ORD008879,CUST2377,2026-07-06,2355.74,Electronics
ORD000550,CUST0550,2026-01-15,1127.7,Fashion
ORD005612,CUST2140,2026-07-23,2924.03,Home & Kitchen
ORD002528,CUST1593,2026-01-25,707.26,Grocery
ORD004292,CUST1987,2026-09-03,3289.61,Home & Kitchen
ORD011248,CUST2474,2026-02-28,6690.88,Electronics
ORD007299,CUST2291,2026-09-08,9266.91,Electronics
ORD008087,CUST2334,2026-09-23,502.9,Grocery
ORD007304,CUST2292,2026-03-17,2633.11,Home & Kitchen
ORD005024,CUST2070,2026-09-25,13081.53,Electronics
ORD005546,CUST2133,2026-06-01,4893.68,Home & Kitchen
ORD011750,CUST2491,2026-08-07,3913.15,Electronics
ORD004725,CUST2037,2026-09-04,259.9,Grocery
ORD004388,CUST2000,2026-03-29,408.32,Grocery
ORD011973,CUST2497,2026-09-27,861.14,Fashion
ORD004099,CUST1965,2026-08-10,732.69,Beauty
ORD008102,CUST2335,2026-09-17,795.66,Fashion
ORD003147,CUST1797,2026-04-03,2256.33,Fashion
ORD004415,CUST2003,2026-09-21,1084.41,Beauty
ORD005741,CUST2154,2026-09-16,6538.48,Electronics
ORD005350,CUST2110,2026-07-04,4440.99,Home & Kitchen
ORD002930,CUST1726,2026-06-09,2044.26,Fashion
ORD009121,CUST2391,2026-08-18,842.4,Fashion
ORD004603,CUST2024,2026-08-30,11851.49,Electronics
ORD007173,CUST2285,2026-08-19,14911.21,Electronics
ORD001304,CUST1185,2026-09-21,4931.05,Home & Kitchen
ORD009574,CUST2413,2026-08-01,1110.43,Fashion
ORD006760,CUST2263,2026-09-03,1165.88,Fashion
ORD006052,CUST2193,2026-09-09,423.58,Grocery
ORD007809,CUST2318,2026-09-27,1272.96,Home & Kitchen
ORD004550,CUST2018,2026-07-28,1357.37,Beauty
ORD002875,CUST1708,2026-09-10,1891.52,Electronics
ORD009953,CUST2429,2026-09-27,331.58,Fashion
ORD011156,CUST2471,2026-08-17,658.12,Fashion
ORD007488,CUST2301,2026-09-18,12039.71,Electronics
ORD008264,CUST2345,2026-03-03,4167.66,Electronics
ORD008348,CUST2350,2026-09-18,731.64,Fashion
ORD009499,CUST2409,2026-09-17,2104.37,Home & Kitchen
ORD004210,CUST1977,2026-08-27,1989.72,Fashion
ORD005970,CUST2183,2026-07-28,8904.06,Electronics
ORD003974,CUST1950,2026-09-29,809.62,Fashion
ORD008188,CUST2340,2026-09-21,10887.76,Electronics
ORD006488,CUST2246,2026-06-22,573.63,Grocery
ORD006188,CUST2210,2026-09-28,1136.02,Fashion
ORD010552,CUST2449,2026-09-21,4487.55,Fashion
ORD005266,CUST2100,2026-07-28,1389.13,Fashion
ORD000468,CUST0468,2026-09-19,1364.74,Fashion
ORD008986,CUST2383,2026-07-10,852.77,Home & Kitchen
ORD005569,CUST2135,2026-09-28,803.99,Beauty
ORD011729,CUST2490,2026-09-01,6473.93,Electronics
ORD000107,CUST0107,2026-04-25,5836.97,Home & Kitchen
ORD011310,CUST2475,2026-09-05,1393.28,Home & Kitchen
ORD010671,CUST2454,2026-09-13,4969.79,Electronics
ORD003471,CUST1888,2026-09-15,5484.64,Electronics
ORD011441,CUST2480,2026-08-07,940.57,Fashion
ORD000412,CUST0412,2026-01-24,1310.95,Fashion
ORD009251,CUST2397,2026-09-05,2513.45,Fashion
ORD011622,CUST2487,2026-07-06,307.08,Grocery
ORD010218,CUST2438,2026-08-04,737.35,Grocery
ORD011925,CUST2496,2026-09-29,2971.51,Electronics
ORD010863,CUST2461,2026-05-17,650.83,Grocery
ORD006718,CUST2261,2026-04-14,1057.88,Grocery
ORD005099,CUST2080,2026-07-28,1547.14,Home & Kitchen
ORD005618,CUST2140,2026-09-14,2427.91,Home & Kitchen
ORD005782,CUST2159,2026-07-18,315.98,Fashion
ORD011181,CUST2471,2026-09-27,548.36,Grocery
ORD005862,CUST2169,2026-06-27,5280.87,Electronics
ORD006393,CUST2234,2026-08-28,1458.64,Fashion
ORD009602,CUST2414,2026-06-12,411.9,Grocery
ORD009549,CUST2412,2026-05-12,431.7,Grocery
ORD003300,CUST1852,2026-07-24,500.51,Grocery
ORD001863,CUST1374,2026-07-16,819.8,Fashion
ORD003161,CUST1802,2026-08-26,707.18,Grocery
ORD009119,CUST2390,2026-09-01,2879.38,Fashion
ORD004899,CUST2057,2026-05-25,4123.7,Electronics
ORD002361,CUST1538,2026-02-21,1624.61,Beauty
ORD007564,CUST2306,2026-04-08,7557.99,Electronics
ORD011691,CUST2489,2026-08-07,3359.01,Home & Kitchen
ORD009304,CUST2399,2026-09-09,910.34,Fashion
ORD000030,CUST0030,2026-06-11,1433.56,Fashion
ORD004522,CUST2015,2026-09-26,594.19,Beauty
ORD003220,CUST1823,2026-09-20,693.84,Beauty
ORD008226,CUST2343,2026-09-17,2096.24,Fashion
ORD000569,CUST0569,2026-07-07,407.32,Grocery
ORD005246,CUST2097,2026-09-16,4211.72,Home & Kitchen
ORD011533,CUST2483,2026-09-28,3699.26,Home & Kitchen
ORD001246,CUST1165,2026-09-20,703.02,Fashion
ORD011658,CUST2488,2026-09-10,8140.66,Electronics
ORD005613,CUST2140,2026-07-25,180.89,Grocery
ORD001459,CUST1237,2026-09-26,766.76,Fashion
ORD008510,CUST2358,2026-07-06,3685.48,Home & Kitchen
ORD001836,CUST1364,2026-06-20,1077.47,Beauty
ORD000317,CUST0317,2026-06-15,2242.04,Home & Kitchen
ORD000109,CUST0109,2026-07-13,1985.75,Fashion
ORD006696,CUST2260,2026-03-30,1299.76,Grocery
ORD007464,CUST2300,2026-09-02,1007.34,Fashion
ORD006509,CUST2248,2026-09-28,423.98,Grocery
ORD010723,CUST2455,2026-08-25,8315.42,Electronics
ORD005400,CUST2115,2026-08-01,720.9,Beauty
ORD003774,CUST1925,2026-08-12,1562.26,Home & Kitchen
ORD011815,CUST2493,2026-09-28,9726.75,Electronics
ORD010040,CUST2432,2026-07-30,9033.56,Electronics
ORD007663,CUST2311,2026-06-08,863.34,Fashion
ORD007677,CUST2311,2026-09-16,607.25,Grocery
ORD004484,CUST2011,2026-09-23,871.43,Fashion
ORD003743,CUST1922,2026-08-28,14647.91,Electronics
ORD005713,CUST2151,2026-06-01,11392.1,Electronics
ORD003205,CUST1819,2026-08-10,389.75,Beauty
ORD010999,CUST2465,2026-08-26,520.74,Grocery
ORD009781,CUST2423,2026-08-16,1087.42,Home & Kitchen
ORD003401,CUST1880,2026-08-24,2284.37,Home & Kitchen
ORD005004,CUST2069,2026-03-26,670.86,Fashion
ORD011002,CUST2465,2026-09-07,721.37,Fashion
ORD003985,CUST1951,2026-09-27,2451.38,Home & Kitchen
ORD000974,CUST0974,2026-03-31,2388.89,Electronics
ORD011014,CUST2466,2026-05-28,7162.01,Electronics
ORD007707,CUST2313,2026-08-29,3374.34,Home & Kitchen
ORD006970,CUST2275,2026-07-07,959.53,Home & Kitchen
ORD006923,CUST2272,2026-05-18,3101.82,Home & Kitchen
ORD010022,CUST2431,2026-09-01,8006.54,Electronics
ORD002710,CUST1652,2026-06-12,2778.27,Home & Kitchen
ORD005997,CUST2186,2026-09-23,1920.03,Home & Kitchen
ORD001375,CUST1208,2026-08-07,3328.4,Fashion
ORD011238,CUST2473,2026-08-22,6913.89,Home & Kitchen
ORD007307,CUST2292,2026-05-08,11612.13,Electronics
ORD003795,CUST1928,2026-07-27,810.84,Grocery
ORD005390,CUST2114,2026-09-30,10160.65,Electronics
ORD000011,CUST0011,2026-08-08,628.84,Beauty
ORD008863,CUST2376,2026-09-24,1185.0,Beauty
ORD003144,CUST1796,2026-03-21,1319.3,Fashion
ORD001427,CUST1227,2026-08-08,4916.4,Electronics
ORD011012,CUST2466,2026-05-22,4758.57,Electronics
ORD005966,CUST2182,2026-09-18,1703.04,Fashion
ORD009641,CUST2416,2026-07-15,6144.66,Electronics
ORD000719,CUST0719,2026-04-25,1628.54,Home & Kitchen
ORD005891,CUST2173,2026-08-28,8901.16,Electronics
ORD006779,CUST2264,2026-07-11,2384.13,Home & Kitchen
ORD005769,CUST2157,2026-08-10,1129.06,Beauty
ORD011173,CUST2471,2026-09-15,572.58,Grocery
ORD000736,CUST0736,2026-04-21,574.47,Fashion
ORD007912,CUST2324,2026-08-06,2250.82,Home & Kitchen
ORD007991,CUST2329,2026-09-05,699.84,Beauty
ORD005435,CUST2120,2026-08-13,5942.45,Electronics
ORD002537,CUST1595,2026-09-17,691.83,Beauty
ORD002141,CUST1463,2026-09-06,893.45,Fashion
ORD004342,CUST1992,2026-09-16,547.1,Beauty
ORD004830,CUST2049,2026-09-23,396.11,Grocery
ORD000910,CUST0910,2026-08-16,1193.57,Fashion
ORD008659,CUST2366,2026-06-02,7284.72,Electronics
ORD000497,CUST0497,2026-07-23,530.13,Beauty
ORD009218,CUST2396,2026-03-06,16463.52,Electronics
ORD006917,CUST2271,2026-09-12,5231.49,Electronics
ORD005380,CUST2113,2026-04-04,2890.08,Home & Kitchen
ORD008961,CUST2382,2026-09-16,5505.21,Electronics
ORD007442,CUST2299,2026-09-22,599.68,Grocery
ORD001207,CUST1153,2026-05-30,891.61,Beauty
ORD011621,CUST2487,2026-07-05,1108.41,Home & Kitchen
ORD009787,CUST2423,2026-09-08,2083.15,Home & Kitchen
ORD008257,CUST2344,2026-08-27,966.59,Fashion
ORD001196,CUST1150,2026-06-26,1764.23,Home & Kitchen
ORD006366,CUST2231,2026-03-28,8200.57,Home & Kitchen
ORD005498,CUST2127,2026-07-08,1645.94,Fashion
ORD008621,CUST2364,2026-09-29,1098.66,Grocery
ORD004881,CUST2054,2026-08-26,2522.0,Home & Kitchen
ORD006202,CUST2212,2026-06-25,2681.32,Home & Kitchen
ORD004869,CUST2053,2026-09-26,5317.68,Electronics
ORD006521,CUST2249,2026-09-05,818.46,Fashion
ORD000289,CUST0289,2026-05-09,524.62,Grocery
ORD002693,CUST1645,2026-09-25,904.68,Grocery
ORD006074,CUST2197,2026-09-12,1644.13,Home & Kitchen
ORD003778,CUST1925,2026-09-24,1571.29,Beauty
ORD008080,CUST2334,2026-09-09,4799.26,Electronics
ORD003350,CUST1870,2026-09-13,5040.32,Electronics
ORD000389,CUST0389,2026-06-12,1083.03,Grocery
ORD000837,CUST0837,2026-09-13,1334.95,Fashion
ORD009040,CUST2386,2026-06-06,1242.99,Grocery
ORD010144,CUST2435,2026-05-26,5813.53,Electronics
ORD000281,CUST0281,2026-09-23,2598.44,Fashion
ORD007927,CUST2325,2026-08-11,1975.84,Home & Kitchen
ORD010391,CUST2444,2026-08-05,6228.09,Electronics
ORD010594,CUST2451,2026-07-24,6613.65,Electronics
ORD005944,CUST2179,2026-09-08,5089.28,Home & Kitchen
ORD001113,CUST1113,2026-07-05,859.47,Fashion
ORD002496,CUST1583,2026-04-15,666.66,Beauty
ORD010851,CUST2460,2026-09-15,1370.1,Fashion
ORD010765,CUST2457,2026-06-14,5118.81,Electronics
ORD009925,CUST2428,2026-08-08,8096.74,Electronics
ORD008960,CUST2382,2026-09-13,2307.6,Home & Kitchen
ORD007093,CUST2281,2026-08-25,6023.97,Electronics
ORD006449,CUST2240,2026-07-16,987.18,Beauty
ORD000268,CUST0268,2026-01-02,18011.77,Electronics
ORD001599,CUST1282,2026-05-31,763.92,Grocery
ORD010633,CUST2452,2026-09-20,293.28,Grocery
ORD006031,CUST2190,2026-09-11,1026.75,Fashion
ORD008465,CUST2356,2026-09-01,9639.07,Electronics
ORD004784,CUST2045,2026-05-21,2226.79,Fashion
ORD005420,CUST2118,2026-08-22,27358.92,Electronics
ORD007535,CUST2304,2026-08-13,1152.95,Fashion
ORD005007,CUST2069,2026-07-02,1179.97,Home & Kitchen
ORD003939,CUST1945,2026-08-23,888.73,Fashion
ORD006650,CUST2257,2026-09-29,15566.13,Electronics
ORD001380,CUST1211,2026-02-15,744.45,Fashion
ORD009555,CUST2412,2026-07-30,1061.71,Home & Kitchen
ORD009521,CUST2410,2026-08-15,548.17,Grocery
ORD000417,CUST0417,2026-06-17,517.78,Beauty
ORD008696,CUST2368,2026-07-12,1531.48,Home & Kitchen
ORD009650,CUST2416,2026-08-30,13346.7,Electronics
ORD001963,CUST1404,2026-05-11,1105.32,Home & Kitchen
ORD000621,CUST0621,2026-09-28,1180.43,Beauty
ORD001704,CUST1317,2026-08-10,9320.02,Electronics
ORD006381,CUST2233,2026-09-22,745.64,Grocery
ORD003616,CUST1906,2026-09-24,1056.25,Fashion
ORD008172,CUST2339,2026-08-19,474.11,Beauty
ORD007916,CUST2324,2026-09-26,2423.76,Home & Kitchen
ORD006361,CUST2230,2026-03-10,1344.29,Beauty
ORD008727,CUST2369,2026-08-08,10440.13,Electronics
ORD010731,CUST2455,2026-09-13,14767.97,Electronics
ORD002517,CUST1589,2026-04-30,424.72,Grocery
ORD009278,CUST2398,2026-08-26,291.34,Fashion
ORD001191,CUST1148,2026-04-20,2307.5,Home & Kitchen
ORD009196,CUST2394,2026-09-19,1906.75,Home & Kitchen
ORD006096,CUST2200,2026-08-06,2791.85,Electronics
ORD011591,CUST2485,2026-09-11,3999.71,Electronics
ORD008455,CUST2356,2026-07-01,7951.88,Electronics
ORD006658,CUST2258,2026-09-19,1132.69,Home & Kitchen
ORD004128,CUST1968,2026-08-15,1753.65,Grocery
ORD006374,CUST2231,2026-08-10,464.89,Grocery
ORD001507,CUST1251,2026-07-10,1158.38,Fashion
ORD002999,CUST1748,2026-06-25,478.65,Beauty
ORD010466,CUST2446,2026-08-26,5867.8,Fashion
ORD007811,CUST2318,2026-09-30,2800.82,Home & Kitchen
ORD009859,CUST2426,2026-09-13,2279.76,Home & Kitchen
ORD008831,CUST2374,2026-08-27,1764.58,Beauty
ORD010039,CUST2432,2026-07-28,12705.73,Electronics
ORD011779,CUST2492,2026-09-08,6291.55,Electronics
ORD000795,CUST0795,2026-04-04,2700.57,Fashion
ORD000731,CUST0731,2026-04-24,3424.61,Home & Kitchen
ORD011278,CUST2474,2026-09-08,448.89,Grocery
ORD005035,CUST2072,2026-08-23,931.76,Fashion
ORD010462,CUST2446,2026-08-13,619.85,Grocery
ORD009963,CUST2429,2026-09-29,755.92,Fashion
ORD006955,CUST2274,2026-07-09,2061.59,Home & Kitchen
ORD001746,CUST1332,2026-08-18,449.22,Fashion
ORD003012,CUST1753,2026-03-18,1841.12,Fashion
ORD004689,CUST2033,2026-09-18,250.54,Beauty
ORD009007,CUST2384,2026-05-23,5096.96,Electronics
ORD011785,CUST2492,2026-09-11,7365.67,Home & Kitchen
ORD007965,CUST2327,2026-09-26,5922.06,Electronics
ORD001200,CUST1151,2026-07-09,1402.27,Fashion
ORD009744,CUST2421,2026-08-22,629.09,Grocery
ORD005834,CUST2166,2026-08-17,395.47,Grocery
ORD002819,CUST1687,2026-07-16,2002.9,Beauty
ORD005482,CUST2125,2026-08-01,1849.91,Beauty
ORD010051,CUST2432,2026-08-20,522.53,Grocery
ORD001890,CUST1382,2026-09-22,3027.1,Home & Kitchen
ORD009836,CUST2426,2026-06-13,3043.08,Home & Kitchen
ORD011698,CUST2489,2026-09-05,321.9,Grocery
ORD000033,CUST0033,2026-02-16,992.16,Beauty
ORD008145,CUST2338,2026-09-21,6865.76,Electronics
ORD007854,CUST2321,2026-04-17,415.01,Grocery
ORD003718,CUST1919,2026-05-28,953.05,Fashion
ORD004975,CUST2065,2026-07-13,1125.82,Beauty
ORD011241,CUST2473,2026-09-08,3522.76,Home & Kitchen
ORD007757,CUST2316,2026-06-16,776.07,Beauty
ORD009776,CUST2423,2026-08-07,699.29,Grocery
ORD007601,CUST2307,2026-09-25,1295.35,Home & Kitchen
ORD007655,CUST2310,2026-09-06,14456.93,Electronics
ORD005152,CUST2087,2026-09-07,1657.07,Home & Kitchen
ORD003038,CUST1761,2026-08-11,2697.05,Home & Kitchen
ORD006352,CUST2229,2026-09-24,4237.07,Home & Kitchen
ORD005903,CUST2174,2026-05-22,975.96,Beauty
ORD008920,CUST2380,2026-07-05,4111.53,Fashion
ORD003708,CUST1918,2026-05-22,646.96,Fashion
ORD004420,CUST2004,2026-07-22,401.0,Grocery
ORD001487,CUST1245,2026-06-01,493.36,Grocery
ORD000606,CUST0606,2026-09-15,4475.81,Home & Kitchen
ORD008496,CUST2357,2026-09-26,282.24,Grocery
ORD007975,CUST2328,2026-08-07,437.78,Fashion
ORD001534,CUST1259,2026-09-09,920.0,Fashion
ORD007078,CUST2281,2026-04-28,5045.78,Electronics
ORD002728,CUST1658,2026-09-30,1006.14,Fashion
ORD004027,CUST1956,2026-08-22,571.45,Grocery
ORD003603,CUST1905,2026-05-02,1577.79,Home & Kitchen
ORD008858,CUST2376,2026-09-10,2282.15,Beauty
ORD001331,CUST1195,2026-05-14,589.44,Fashion
ORD009988,CUST2430,2026-07-24,11495.91,Electronics
ORD000958,CUST0958,2026-02-26,2126.53,Beauty
ORD003685,CUST1915,2026-07-31,2282.73,Home & Kitchen
ORD005172,CUST2088,2026-09-22,5645.51,Electronics
ORD006747,CUST2262,2026-09-20,4685.99,Fashion
ORD007918,CUST2325,2026-07-13,8712.88,Electronics
ORD011873,CUST2494,2026-09-07,3003.71,Electronics
ORD001661,CUST1303,2026-09-05,2361.58,Home & Kitchen
ORD001027,CUST1027,2026-08-12,684.54,Grocery
ORD005501,CUST2127,2026-08-21,669.16,Beauty
ORD009367,CUST2403,2026-07-23,2608.5,Home & Kitchen
ORD001248,CUST1165,2026-09-30,6705.71,Electronics
ORD009459,CUST2407,2026-07-10,2695.26,Home & Kitchen
ORD000656,CUST0656,2026-08-06,2871.35,Fashion
ORD000624,CUST0624,2026-05-18,379.83,Grocery
ORD010202,CUST2438,2026-06-07,1697.59,Home & Kitchen
ORD009784,CUST2423,2026-08-25,708.97,Grocery
ORD002200,CUST1484,2026-03-04,1547.73,Home & Kitchen
ORD002792,CUST1680,2026-09-15,2781.21,Fashion
ORD005818,CUST2164,2026-07-10,400.33,Grocery
ORD004440,CUST2006,2026-09-24,1041.72,Fashion
ORD010499,CUST2448,2026-07-08,5953.37,Electronics
ORD009230,CUST2396,2026-07-17,575.01,Grocery
ORD007865,CUST2322,2026-02-11,1949.96,Home & Kitchen
ORD002752,CUST1666,2026-09-16,869.98,Fashion
ORD005821,CUST2164,2026-08-06,3213.51,Home & Kitchen
ORD009617,CUST2415,2026-04-19,914.42,Fashion
ORD004562,CUST2019,2026-07-24,1598.43,Fashion
ORD004542,CUST2017,2026-09-16,3890.06,Fashion
ORD001747,CUST1333,2026-08-16,496.54,Beauty
ORD009314,CUST2400,2026-09-05,746.11,Grocery
ORD005852,CUST2168,2026-09-02,3298.92,Home & Kitchen
ORD004360,CUST1996,2026-08-11,542.21,Grocery
ORD002458,CUST1569,2026-09-13,2286.18,Fashion
ORD004282,CUST1986,2026-08-28,3431.64,Home & Kitchen
ORD011473,CUST2481,2026-02-28,1675.38,Home & Kitchen
ORD000077,CUST0077,2026-09-24,1593.01,Home & Kitchen
ORD008482,CUST2357,2026-05-17,2744.32,Home & Kitchen
ORD009143,CUST2392,2026-09-22,2022.99,Fashion
ORD008048,CUST2332,2026-06-28,658.53,Grocery
ORD003871,CUST1937,2026-08-04,2124.1,Home & Kitchen
ORD006401,CUST2235,2026-08-13,219.94,Fashion
ORD008199,CUST2341,2026-07-04,1563.18,Fashion
ORD002261,CUST1503,2026-01-01,1089.51,Fashion
ORD001776,CUST1344,2026-06-29,7314.29,Electronics
ORD010355,CUST2443,2026-09-14,1643.48,Beauty
ORD000094,CUST0094,2026-04-01,2959.94,Home & Kitchen
ORD011429,CUST2479,2026-07-26,7306.88,Home & Kitchen
ORD008237,CUST2343,2026-09-20,321.55,Grocery
ORD004257,CUST1983,2026-09-27,2055.31,Home & Kitchen
ORD000715,CUST0715,2026-02-09,1386.13,Fashion
ORD001077,CUST1077,2026-06-08,4475.94,Electronics
ORD006435,CUST2239,2026-07-09,3163.47,Home & Kitchen
ORD006076,CUST2198,2026-04-24,492.85,Grocery
ORD002733,CUST1660,2026-04-22,2208.19,Fashion
ORD002016,CUST1423,2026-02-06,902.57,Fashion
ORD001886,CUST1381,2026-06-05,708.79,Grocery
ORD003636,CUST1908,2026-09-16,1896.95,Home & Kitchen
ORD006689,CUST2259,2026-09-30,699.0,Fashion
ORD005894,CUST2173,2026-09-07,9491.62,Electronics
ORD003099,CUST1780,2026-06-05,10818.0,Electronics
ORD001489,CUST1246,2026-09-29,592.79,Grocery
ORD009028,CUST2385,2026-07-14,5028.12,Home & Kitchen
ORD009448,CUST2407,2026-01-30,2434.96,Home & Kitchen
ORD011208,CUST2472,2026-09-29,14442.0,Electronics
ORD004808,CUST2047,2026-08-15,1312.73,Fashion
ORD003367,CUST1875,2026-08-18,6763.53,Electronics
ORD011463,CUST2480,2026-09-29,7048.61,Electronics
ORD011202,CUST2472,2026-09-28,622.31,Beauty
ORD001438,CUST1230,2026-08-15,5874.14,Electronics
ORD001234,CUST1162,2026-04-20,2452.29,Home & Kitchen
ORD000186,CUST0186,2026-08-29,506.9,Grocery
ORD005118,CUST2082,2026-05-29,383.72,Grocery
ORD002466,CUST1572,2026-08-27,1061.28,Fashion
ORD011579,CUST2485,2026-05-20,1396.17,Home & Kitchen
ORD004468,CUST2009,2026-09-30,11015.57,Electronics
ORD007154,CUST2284,2026-08-18,391.5,Grocery
ORD001298,CUST1182,2026-09-11,449.49,Beauty
ORD004485,CUST2011,2026-09-23,2909.96,Fashion
ORD004552,CUST2018,2026-08-13,350.8,Grocery
ORD011158,CUST2471,2026-08-18,9920.86,Electronics
ORD000450,CUST0450,2026-03-04,539.75,Grocery
ORD002975,CUST1740,2026-09-28,410.16,Beauty
ORD006022,CUST2189,2026-08-07,578.51,Grocery
ORD003101,CUST1780,2026-07-22,7824.58,Electronics
ORD008077,CUST2334,2026-09-05,1240.57,Fashion
ORD007069,CUST2280,2026-07-15,9577.96,Electronics
ORD000382,CUST0382,2026-03-01,1488.74,Home & Kitchen
ORD003265,CUST1840,2026-08-07,1055.84,Fashion
ORD001156,CUST1137,2026-09-16,869.83,Beauty
ORD004701,CUST2035,2026-08-31,2170.39,Home & Kitchen
ORD010265,CUST2440,2026-07-10,9729.08,Electronics
ORD011206,CUST2472,2026-09-28,35495.7,Electronics
ORD001729,CUST1327,2026-04-08,302.52,Grocery
ORD003520,CUST1895,2026-09-27,1210.0,Fashion
ORD008497,CUST2357,2026-09-27,1289.58,Fashion
ORD002426,CUST1559,2026-09-10,733.26,Beauty
ORD001254,CUST1168,2026-02-23,1271.82,Fashion
ORD005936,CUST2178,2026-09-12,1223.88,Beauty
ORD003266,CUST1840,2026-08-10,853.97,Grocery
ORD002504,CUST1585,2026-08-16,6748.29,Electronics
ORD009947,CUST2429,2026-09-26,287.21,Fashion
ORD009373,CUST2403,2026-08-05,894.38,Beauty
ORD007041,CUST2279,2026-04-10,282.71,Grocery
ORD009167,CUST2393,2026-08-01,6347.37,Electronics
ORD002699,CUST1648,2026-09-23,6983.26,Electronics
ORD004032,CUST1957,2026-09-03,581.08,Beauty
ORD003394,CUST1879,2026-09-07,1513.57,Fashion
ORD002192,CUST1482,2026-03-06,1647.24,Home & Kitchen
ORD003822,CUST1932,2026-09-27,1123.59,Grocery
ORD011480,CUST2481,2026-06-11,4506.03,Home & Kitchen
ORD005825,CUST2164,2026-09-26,2390.13,Fashion
ORD006150,CUST2207,2026-06-19,673.99,Grocery
ORD009482,CUST2408,2026-09-22,464.62,Grocery
ORD006460,CUST2241,2026-08-21,1147.3,Fashion
ORD010656,CUST2453,2026-09-10,9347.2,Fashion
ORD006888,CUST2270,2026-05-20,8234.48,Electronics
ORD000531,CUST0531,2026-07-24,507.7,Beauty
ORD007992,CUST2329,2026-09-07,3991.25,Electronics
ORD007096,CUST2281,2026-09-27,1459.87,Fashion
ORD011816,CUST2493,2026-09-28,7406.19,Electronics
ORD003182,CUST1809,2026-09-03,3985.56,Electronics
ORD004412,CUST2003,2026-09-15,699.64,Fashion
ORD005258,CUST2099,2026-06-09,224.73,Grocery
ORD011256,CUST2474,2026-04-25,9743.73,Electronics
ORD007269,CUST2290,2026-08-29,3535.43,Fashion
ORD011559,CUST2484,2026-08-28,5117.14,Electronics
ORD011950,CUST2497,2026-08-07,751.32,Fashion
ORD004827,CUST2049,2026-09-06,1647.96,Beauty
ORD008977,CUST2382,2026-09-28,15104.14,Electronics
ORD000145,CUST0145,2026-07-13,603.53,Beauty
ORD006602,CUST2255,2026-09-28,958.89,Fashion
ORD004768,CUST2043,2026-06-04,5009.51,Electronics
ORD006387,CUST2233,2026-09-28,829.01,Home & Kitchen
ORD011084,CUST2468,2026-09-14,10569.84,Electronics
ORD002493,CUST1581,2026-08-04,5831.62,Electronics
ORD007686,CUST2312,2026-07-03,2961.46,Home & Kitchen
ORD010336,CUST2442,2026-08-07,1159.58,Fashion
ORD007890,CUST2323,2026-09-23,910.24,Grocery
ORD010284,CUST2440,2026-09-17,7595.36,Home & Kitchen
ORD005467,CUST2124,2026-07-22,1853.56,Home & Kitchen
ORD003689,CUST1916,2026-03-18,867.34,Fashion
ORD009841,CUST2426,2026-07-02,4644.67,Electronics
ORD002821,CUST1688,2026-09-03,852.18,Beauty
ORD000789,CUST0789,2026-02-22,379.61,Grocery
ORD007150,CUST2284,2026-07-31,597.98,Beauty
ORD003464,CUST1887,2026-08-14,2111.46,Fashion
ORD002677,CUST1640,2026-08-24,776.91,Fashion
ORD003818,CUST1932,2026-09-17,488.19,Fashion
ORD004623,CUST2026,2026-09-18,1352.45,Fashion
ORD002031,CUST1428,2026-09-29,1739.31,Home & Kitchen
ORD009360,CUST2402,2026-08-09,3285.17,Electronics
ORD008212,CUST2342,2026-08-20,1891.94,Fashion
ORD006730,CUST2261,2026-07-29,9274.26,Electronics
ORD007339,CUST2293,2026-09-28,7130.25,Home & Kitchen
ORD008369,CUST2352,2026-07-03,570.95,Beauty
ORD000432,CUST0432,2026-09-16,3283.87,Home & Kitchen
ORD007543,CUST2304,2026-09-14,978.64,Fashion
ORD001781,CUST1346,2026-09-02,7095.28,Electronics
ORD011551,CUST2484,2026-07-18,7311.84,Home & Kitchen
ORD002803,CUST1683,2026-03-14,517.07,Grocery
ORD008597,CUST2362,2026-09-13,3159.37,Home & Kitchen
ORD000350,CUST0350,2026-09-12,1587.13,Fashion
ORD003545,CUST1897,2026-09-30,1940.55,Home & Kitchen
ORD006786,CUST2265,2026-09-04,5653.27,Electronics
ORD000043,CUST0043,2026-02-11,1772.46,Home & Kitchen
ORD002911,CUST1720,2026-08-05,1870.62,Fashion
ORD000982,CUST0982,2026-04-04,3656.54,Home & Kitchen
ORD002313,CUST1521,2026-09-22,1491.24,Beauty
ORD005251,CUST2098,2026-05-14,1962.86,Beauty
ORD005532,CUST2131,2026-08-28,267.23,Fashion
ORD005653,CUST2145,2026-02-25,537.69,Grocery
ORD005160,CUST2087,2026-09-29,13717.52,Electronics
ORD003888,CUST1939,2026-09-07,468.44,Grocery
ORD010674,CUST2454,2026-09-14,2689.55,Home & Kitchen
ORD005341,CUST2109,2026-03-03,8849.85,Electronics
ORD005045,CUST2074,2026-06-07,380.27,Grocery
ORD006886,CUST2270,2026-05-07,2145.98,Home & Kitchen
ORD004206,CUST1977,2026-07-20,5603.96,Electronics
ORD003108,CUST1783,2026-08-09,1919.94,Fashion
ORD000917,CUST0917,2026-05-28,639.14,Grocery
ORD005175,CUST2089,2026-09-16,457.82,Grocery
ORD006534,CUST2251,2026-08-19,501.76,Grocery
ORD008154,CUST2338,2026-09-28,316.03,Grocery
ORD008313,CUST2348,2026-06-04,2979.63,Electronics
ORD001617,CUST1288,2026-07-13,3722.97,Fashion
ORD004561,CUST2019,2026-06-22,915.31,Fashion
ORD002789,CUST1678,2026-08-24,878.22,Fashion
ORD009870,CUST2427,2026-07-04,888.41,Fashion
ORD007717,CUST2314,2026-08-30,979.25,Grocery
ORD001834,CUST1364,2026-02-25,971.24,Beauty
ORD006153,CUST2207,2026-09-02,1498.57,Home & Kitchen
ORD006659,CUST2258,2026-09-22,654.06,Beauty
ORD008733,CUST2369,2026-09-04,640.02,Beauty
ORD007780,CUST2317,2026-07-31,13391.98,Electronics
ORD008709,CUST2368,2026-09-10,954.82,Grocery
ORD000783,CUST0783,2026-08-27,14536.13,Electronics
ORD004639,CUST2029,2026-03-17,2227.23,Home & Kitchen
ORD001157,CUST1138,2026-01-01,2944.31,Home & Kitchen
ORD001537,CUST1260,2026-08-27,2495.06,Home & Kitchen
ORD004171,CUST1973,2026-05-24,7201.4,Electronics
ORD008894,CUST2378,2026-09-17,672.2,Grocery
ORD003932,CUST1944,2026-09-07,392.97,Beauty
ORD007475,CUST2301,2026-07-29,4185.89,Home & Kitchen
ORD010614,CUST2452,2026-08-20,3207.39,Electronics
ORD003859,CUST1936,2026-06-02,3128.87,Electronics
ORD002402,CUST1552,2026-07-26,428.58,Grocery
ORD009456,CUST2407,2026-06-10,2842.95,Home & Kitchen
ORD002910,CUST1719,2026-08-04,3498.27,Home & Kitchen
ORD009396,CUST2404,2026-09-01,4084.37,Electronics
ORD006439,CUST2239,2026-09-13,351.26,Grocery
ORD002153,CUST1467,2026-07-25,1383.87,Beauty
ORD003308,CUST1855,2026-08-27,3750.05,Electronics
ORD005693,CUST2149,2026-08-15,2054.33,Beauty
ORD008380,CUST2352,2026-08-20,1817.91,Fashion
ORD008177,CUST2339,2026-09-26,5812.94,Electronics
ORD008431,CUST2355,2026-01-28,3374.82,Home & Kitchen
ORD008561,CUST2361,2026-09-24,6441.99,Electronics
ORD003022,CUST1756,2026-09-17,1584.79,Fashion
ORD004773,CUST2044,2026-06-02,1493.19,Beauty
ORD006019,CUST2189,2026-03-25,800.55,Beauty
ORD003208,CUST1820,2026-08-13,1428.48,Fashion
ORD004769,CUST2043,2026-07-06,760.21,Fashion
ORD003911,CUST1942,2026-09-15,18794.59,Electronics
ORD007407,CUST2297,2026-02-18,6405.4,Electronics
ORD007604,CUST2307,2026-09-27,2265.76,Fashion
ORD008940,CUST2380,2026-09-30,3606.61,Home & Kitchen
ORD004093,CUST1965,2026-04-27,782.55,Grocery
ORD002929,CUST1725,2026-09-21,1309.12,Beauty
ORD004868,CUST2053,2026-09-26,604.7,Grocery
ORD001732,CUST1328,2026-07-21,714.51,Fashion
ORD007199,CUST2286,2026-09-15,377.19,Grocery
ORD011013,CUST2466,2026-05-25,3623.89,Electronics
ORD006428,CUST2238,2026-08-28,458.37,Grocery
ORD004008,CUST1954,2026-07-30,1907.8,Home & Kitchen
ORD001871,CUST1376,2026-09-02,532.2,Beauty
ORD009682,CUST2418,2026-08-24,5693.71,Electronics
ORD009640,CUST2416,2026-07-14,901.84,Grocery
ORD002212,CUST1488,2026-03-25,6174.21,Electronics
ORD010180,CUST2437,2026-09-03,2903.42,Electronics
ORD007247,CUST2289,2026-06-06,11467.78,Electronics
ORD004915,CUST2059,2026-08-08,10986.72,Electronics
ORD003370,CUST1876,2026-08-28,1560.02,Beauty
ORD012001,CUST2498,2026-09-11,1583.21,Fashion
ORD009067,CUST2387,2026-09-29,3621.6,Electronics
ORD008553,CUST2360,2026-09-22,1044.4,Beauty
ORD006322,CUST2226,2026-08-09,3434.84,Electronics
ORD002108,CUST1452,2026-06-21,955.02,Beauty
ORD005225,CUST2095,2026-09-28,4412.88,Home & Kitchen
ORD009153,CUST2392,2026-09-28,3622.47,Home & Kitchen
ORD008773,CUST2371,2026-09-28,1987.62,Home & Kitchen
ORD009962,CUST2429,2026-09-29,5943.23,Electronics
ORD000568,CUST0568,2026-04-17,285.43,Grocery
ORD006698,CUST2260,2026-05-07,8201.26,Electronics
ORD005397,CUST2115,2026-07-24,1583.08,Home & Kitchen
ORD002368,CUST1540,2026-08-21,4571.99,Home & Kitchen
ORD009306,CUST2399,2026-09-26,536.19,Grocery
ORD011707,CUST2490,2026-05-30,12692.51,Electronics
ORD008400,CUST2353,2026-08-13,3533.35,Home & Kitchen
ORD000441,CUST0441,2026-06-20,369.51,Beauty
ORD002019,CUST1423,2026-09-24,712.57,Beauty
ORD010181,CUST2437,2026-09-05,2284.05,Fashion
ORD008511,CUST2358,2026-07-12,561.66,Beauty
ORD005063,CUST2076,2026-09-23,6099.53,Electronics
ORD006487,CUST2245,2026-09-26,925.73,Beauty
ORD010800,CUST2459,2026-08-28,1884.79,Home & Kitchen
ORD004413,CUST2003,2026-09-15,517.84,Grocery
ORD007508,CUST2302,2026-09-30,3809.64,Electronics
ORD007683,CUST2312,2026-05-21,5495.36,Electronics
ORD001225,CUST1159,2026-09-20,2240.1,Home & Kitchen
ORD006434,CUST2239,2026-07-02,1554.05,Electronics
ORD002593,CUST1613,2026-09-15,1768.05,Fashion
ORD002754,CUST1667,2026-04-27,2198.34,Fashion
ORD010200,CUST2437,2026-09-26,855.08,Beauty
ORD004760,CUST2042,2026-01-27,456.07,Fashion
ORD005229,CUST2096,2026-06-14,1019.65,Fashion
ORD002692,CUST1645,2026-09-17,561.34,Grocery
ORD000037,CUST0037,2026-05-30,1423.19,Fashion
ORD004398,CUST2001,2026-08-11,1374.54,Fashion
ORD003823,CUST1932,2026-09-27,6847.73,Electronics
ORD002250,CUST1499,2026-04-17,2215.58,Fashion
ORD007338,CUST2293,2026-09-27,5509.05,Home & Kitchen
ORD007654,CUST2310,2026-09-02,785.14,Fashion
ORD005637,CUST2142,2026-09-27,6783.19,Electronics
ORD003001,CUST1749,2026-09-13,4426.77,Home & Kitchen
ORD011103,CUST2468,2026-09-28,489.45,Grocery
ORD003468,CUST1888,2026-08-14,1485.55,Fashion
ORD010994,CUST2465,2026-08-05,5415.15,Electronics
ORD006311,CUST2224,2026-07-02,1397.27,Grocery
ORD007753,CUST2316,2026-05-26,1278.89,Beauty
ORD005527,CUST2131,2026-03-20,451.99,Beauty
ORD008123,CUST2337,2026-06-08,2709.41,Home & Kitchen
ORD006958,CUST2274,2026-07-16,491.95,Grocery
ORD008461,CUST2356,2026-08-15,559.1,Fashion
ORD001361,CUST1204,2026-06-04,8287.22,Electronics
ORD005684,CUST2148,2026-08-16,461.08,Grocery
ORD006988,CUST2276,2026-05-02,703.02,Grocery
ORD000487,CUST0487,2026-09-18,651.37,Fashion
ORD010201,CUST2437,2026-09-28,889.69,Fashion
ORD005485,CUST2125,2026-09-29,8898.15,Electronics
ORD003232,CUST1827,2026-06-23,7380.5,Electronics
ORD007476,CUST2301,2026-08-01,1943.76,Home & Kitchen
ORD005303,CUST2104,2026-05-08,486.87,Grocery
ORD006180,CUST2209,2026-09-25,1755.42,Home & Kitchen
ORD000638,CUST0638,2026-03-25,14928.88,Electronics
ORD008901,CUST2378,2026-09-26,1490.84,Home & Kitchen
ORD008112,CUST2336,2026-06-24,14954.78,Electronics
ORD007293,CUST2291,2026-07-28,2545.14,Home & Kitchen
ORD004157,CUST1971,2026-09-18,1000.32,Beauty
ORD003442,CUST1885,2026-07-11,5993.81,Electronics
ORD003017,CUST1754,2026-08-25,1660.15,Home & Kitchen
ORD008050,CUST2332,2026-07-05,617.36,Grocery
ORD006818,CUST2266,2026-06-29,433.23,Grocery
ORD012049,CUST2500,2026-08-19,4392.07,Electronics
ORD003847,CUST1935,2026-05-06,525.48,Grocery
ORD009335,CUST2401,2026-09-19,1553.23,Fashion
ORD009623,CUST2415,2026-07-17,2268.17,Home & Kitchen
ORD000168,CUST0168,2026-06-09,1634.92,Fashion
ORD001916,CUST1390,2026-04-19,854.61,Grocery
ORD003046,CUST1764,2026-07-15,245.09,Beauty
ORD006825,CUST2267,2026-01-14,1414.86,Fashion
ORD011516,CUST2483,2026-09-13,1893.28,Fashion
ORD003131,CUST1791,2026-05-16,2030.34,Home & Kitchen
ORD010545,CUST2449,2026-08-11,10992.63,Electronics
ORD011605,CUST2486,2026-08-23,8241.84,Electronics
ORD010655,CUST2453,2026-08-31,5238.5,Electronics
ORD000802,CUST0802,2026-06-18,10877.52,Electronics
ORD002139,CUST1463,2026-08-24,5585.0,Electronics
ORD007188,CUST2286,2026-06-24,2105.32,Electronics
ORD003922,CUST1943,2026-09-29,557.0,Grocery
ORD000743,CUST0743,2026-04-16,4448.97,Electronics
ORD008583,CUST2362,2026-06-18,581.54,Beauty
ORD008130,CUST2337,2026-07-24,1758.17,Fashion
ORD005392,CUST2114,2026-09-30,3263.12,Home & Kitchen
ORD004416,CUST2003,2026-09-29,4398.36,Electronics
ORD006465,CUST2242,2026-09-02,2208.13,Home & Kitchen
ORD007741,CUST2315,2026-08-26,1698.24,Home & Kitchen
ORD011292,CUST2475,2026-08-01,457.05,Grocery
ORD010772,CUST2457,2026-08-09,418.31,Grocery
ORD008120,CUST2337,2026-05-19,672.44,Grocery
ORD011332,CUST2476,2026-09-12,6203.0,Electronics
ORD002848,CUST1698,2026-06-17,1455.76,Beauty
ORD005509,CUST2128,2026-08-01,1280.92,Home & Kitchen
ORD002479,CUST1576,2026-09-14,2002.33,Home & Kitchen
ORD000716,CUST0716,2026-01-18,1235.4,Fashion
ORD007519,CUST2303,2026-05-25,602.65,Beauty
ORD009073,CUST2388,2026-06-27,9982.43,Electronics
ORD007411,CUST2297,2026-05-21,13593.15,Electronics
ORD008743,CUST2370,2026-05-05,3579.25,Home & Kitchen
ORD004521,CUST2015,2026-09-24,3463.92,Fashion
ORD004783,CUST2045,2026-05-17,2035.49,Home & Kitchen
ORD002090,CUST1446,2026-09-04,716.02,Beauty
ORD005427,CUST2119,2026-04-06,7738.07,Electronics
ORD008794,CUST2372,2026-09-26,296.72,Grocery
ORD006903,CUST2271,2026-07-11,8660.57,Electronics
ORD004005,CUST1954,2026-03-19,5033.9,Electronics
ORD001835,CUST1364,2026-03-23,380.8,Grocery
ORD007592,CUST2307,2026-09-15,12010.65,Electronics
ORD009582,CUST2413,2026-09-16,868.94,Fashion
ORD010096,CUST2433,2026-09-06,1152.79,Beauty
ORD008808,CUST2373,2026-07-19,2413.84,Fashion
ORD007666,CUST2311,2026-07-06,7425.26,Electronics
ORD003895,CUST1940,2026-09-14,1460.95,Beauty
ORD012046,CUST2500,2026-08-11,14280.56,Electronics
ORD008396,CUST2353,2026-07-05,4015.83,Home & Kitchen
ORD002486,CUST1579,2026-07-22,391.87,Beauty
ORD007348,CUST2294,2026-09-09,3575.47,Home & Kitchen
ORD003356,CUST1871,2026-08-20,942.92,Grocery
ORD011931,CUST2496,2026-09-29,8932.07,Electronics
ORD003211,CUST1821,2026-05-22,6912.57,Electronics
ORD001887,CUST1382,2026-07-18,4325.56,Home & Kitchen
ORD000024,CUST0024,2026-05-18,460.98,Beauty
ORD004890,CUST2056,2026-07-07,556.03,Beauty
ORD010607,CUST2451,2026-09-03,4220.87,Electronics
ORD001310,CUST1187,2026-09-30,1612.26,Fashion
ORD005864,CUST2169,2026-08-13,320.29,Fashion
ORD000790,CUST0790,2026-03-29,1074.74,Fashion
ORD003223,CUST1824,2026-09-20,949.11,Home & Kitchen
ORD004739,CUST2039,2026-04-28,841.31,Home & Kitchen
ORD009618,CUST2415,2026-05-02,1746.73,Home & Kitchen
ORD005289,CUST2103,2026-06-10,751.75,Grocery
ORD002515,CUST1589,2026-04-07,1118.97,Fashion
ORD010259,CUST2440,2026-06-06,11321.02,Electronics
ORD006437,CUST2239,2026-08-13,1176.56,Grocery
ORD008494,CUST2357,2026-09-05,6173.89,Electronics
ORD008857,CUST2376,2026-09-09,2165.42,Fashion
ORD005724,CUST2153,2026-05-28,502.52,Fashion
ORD011111,CUST2469,2026-09-13,12596.48,Electronics
ORD006024,CUST2189,2026-09-14,745.77,Fashion
ORD001958,CUST1403,2026-03-06,919.2,Fashion
ORD003388,CUST1878,2026-09-24,1229.97,Home & Kitchen
ORD011534,CUST2483,2026-09-28,5544.38,Electronics
ORD005237,CUST2096,2026-08-10,2125.78,Electronics
ORD006926,CUST2272,2026-07-10,985.33,Grocery
ORD011443,CUST2480,2026-08-11,8227.22,Electronics
ORD006316,CUST2225,2026-08-23,441.37,Grocery
ORD001396,CUST1216,2026-09-25,2073.33,Fashion
ORD009080,CUST2388,2026-09-17,862.03,Grocery
ORD007326,CUST2293,2026-09-22,467.88,Grocery
ORD005550,CUST2133,2026-07-20,1321.99,Beauty
ORD012011,CUST2499,2026-01-22,658.76,Grocery
ORD009535,CUST2411,2026-07-25,1132.4,Beauty
ORD006391,CUST2234,2026-08-21,14903.0,Electronics
ORD006612,CUST2256,2026-07-19,2005.34,Fashion
ORD005529,CUST2131,2026-07-08,864.55,Grocery
ORD007105,CUST2282,2026-09-03,458.65,Grocery
ORD005710,CUST2151,2026-04-08,305.54,Beauty
ORD001227,CUST1160,2026-09-07,420.33,Grocery
ORD004025,CUST1956,2026-06-15,1758.08,Home & Kitchen
ORD005554,CUST2133,2026-08-18,2494.7,Home & Kitchen
ORD011837,CUST2493,2026-09-30,1218.85,Fashion
ORD003317,CUST1858,2026-08-08,3582.0,Home & Kitchen
ORD009731,CUST2420,2026-09-06,2386.93,Home & Kitchen
ORD010864,CUST2461,2026-05-25,17702.82,Electronics
ORD003834,CUST1933,2026-09-19,4839.71,Electronics
ORD007851,CUST2321,2026-03-21,933.29,Beauty
ORD004031,CUST1957,2026-09-01,633.67,Grocery
ORD001311,CUST1187,2026-09-30,439.93,Fashion
ORD005873,CUST2170,2026-08-25,827.35,Beauty
ORD003586,CUST1902,2026-08-29,598.96,Fashion
ORD009725,CUST2420,2026-08-19,2270.84,Electronics
ORD008559,CUST2361,2026-09-23,3197.74,Home & Kitchen
ORD004450,CUST2008,2026-09-10,3299.52,Fashion
ORD011917,CUST2496,2026-09-28,27702.16,Electronics
ORD003510,CUST1894,2026-07-08,2769.3,Home & Kitchen
ORD001823,CUST1360,2026-08-30,691.51,Fashion
ORD007016,CUST2277,2026-09-15,5657.06,Electronics
ORD001316,CUST1190,2026-07-09,693.63,Beauty
ORD005904,CUST2174,2026-05-29,9097.0,Electronics
ORD004048,CUST1959,2026-09-25,1224.61,Fashion
ORD002316,CUST1522,2026-09-28,2538.26,Home & Kitchen
ORD002827,CUST1690,2026-05-27,403.63,Grocery
ORD003594,CUST1903,2026-08-10,1100.87,Grocery
ORD010108,CUST2434,2026-05-26,388.01,Grocery
ORD002596,CUST1615,2026-09-17,557.21,Fashion
ORD009616,CUST2415,2026-04-16,8739.98,Electronics
ORD001340,CUST1197,2026-07-25,5221.84,Electronics
ORD009465,CUST2407,2026-08-10,3283.57,Electronics
ORD000739,CUST0739,2026-01-17,1272.14,Grocery
ORD000966,CUST0966,2026-05-30,2587.77,Fashion
ORD000253,CUST0253,2026-01-05,1779.71,Fashion
ORD004721,CUST2037,2026-08-04,1267.42,Grocery
ORD005377,CUST2112,2026-09-03,836.6,Grocery
ORD002099,CUST1449,2026-09-28,10104.3,Electronics
ORD009086,CUST2389,2026-07-28,440.21,Grocery
ORD000873,CUST0873,2026-09-08,634.29,Grocery
ORD003602,CUST1904,2026-09-20,775.5,Fashion
ORD004963,CUST2064,2026-09-10,1239.54,Fashion
ORD010541,CUST2449,2026-07-28,4745.81,Electronics
ORD003722,CUST1920,2026-02-01,824.4,Grocery
ORD011375,CUST2478,2026-06-27,3866.32,Electronics
ORD004442,CUST2007,2026-09-05,1625.55,Fashion
ORD010143,CUST2435,2026-05-13,2095.97,Home & Kitchen
ORD010159,CUST2436,2026-07-16,13464.02,Electronics
ORD004185,CUST1974,2026-09-29,1881.2,Home & Kitchen
ORD004533,CUST2016,2026-09-19,1725.07,Home & Kitchen
ORD009593,CUST2414,2026-04-17,567.51,Grocery
ORD007963,CUST2327,2026-09-19,966.51,Grocery
ORD005016,CUST2070,2026-09-15,988.93,Fashion
ORD004979,CUST2066,2026-06-29,1776.43,Home & Kitchen
ORD005588,CUST2138,2026-06-22,1649.84,Home & Kitchen
ORD010431,CUST2445,2026-09-15,1942.25,Fashion
ORD006822,CUST2266,2026-09-19,392.95,Grocery
ORD010099,CUST2433,2026-09-19,3465.18,Home & Kitchen
ORD010986,CUST2464,2026-09-18,3951.56,Electronics
ORD006614,CUST2256,2026-08-06,5299.89,Electronics
ORD011571,CUST2485,2026-03-26,6335.5,Home & Kitchen
ORD008114,CUST2336,2026-07-15,1980.81,Fashion
ORD004098,CUST1965,2026-07-21,527.2,Beauty
ORD011846,CUST2494,2026-04-25,11046.63,Electronics
ORD000448,CUST0448,2026-04-18,734.01,Beauty
ORD004620,CUST2026,2026-08-20,469.83,Grocery
ORD000057,CUST0057,2026-04-14,2391.36,Home & Kitchen
ORD010296,CUST2441,2026-05-05,3287.65,Home & Kitchen
ORD002856,CUST1702,2026-05-02,1154.19,Beauty
ORD003996,CUST1953,2026-08-23,486.7,Grocery
ORD002987,CUST1745,2026-07-13,361.95,Grocery
ORD000477,CUST0477,2026-03-28,6620.76,Electronics
ORD003746,CUST1922,2026-09-19,433.74,Grocery
ORD010793,CUST2458,2026-09-21,7386.2,Home & Kitchen
ORD007826,CUST2319,2026-09-05,1853.52,Home & Kitchen
ORD004823,CUST2048,2026-09-16,3167.31,Electronics
ORD005678,CUST2147,2026-08-09,3723.05,Home & Kitchen
ORD007736,CUST2315,2026-07-19,1150.17,Home & Kitchen
ORD012050,CUST2500,2026-08-20,13271.15,Electronics
ORD007468,CUST2300,2026-09-16,2442.2,Home & Kitchen
ORD000751,CUST0751,2026-06-26,1104.08,Fashion
ORD011536,CUST2484,2026-04-24,818.34,Fashion
ORD004846,CUST2051,2026-08-16,5996.01,Home & Kitchen
ORD000377,CUST0377,2026-01-22,351.1,Grocery
ORD002459,CUST1570,2026-09-17,1017.31,Fashion
ORD007021,CUST2278,2026-06-27,683.29,Beauty
ORD011949,CUST2497,2026-08-05,7513.65,Electronics
ORD011823,CUST2493,2026-09-29,3517.65,Electronics
ORD003425,CUST1883,2026-05-16,1413.89,Fashion
ORD004437,CUST2006,2026-08-14,2345.01,Home & Kitchen
ORD010747,CUST2456,2026-09-20,929.7,Fashion
ORD012066,CUST2500,2026-09-15,817.85,Grocery
ORD004709,CUST2036,2026-06-03,850.77,Grocery
ORD003117,CUST1786,2026-05-26,1022.24,Fashion
ORD007625,CUST2308,2026-09-25,788.34,Beauty
ORD002401,CUST1552,2026-07-17,2529.13,Home & Kitchen
ORD005274,CUST2101,2026-06-14,1868.85,Fashion
ORD008373,CUST2352,2026-07-15,4782.66,Electronics
ORD010982,CUST2464,2026-08-16,6171.55,Electronics
ORD007506,CUST2302,2026-09-29,501.39,Grocery
ORD005021,CUST2070,2026-09-22,1978.55,Home & Kitchen
ORD011508,CUST2482,2026-08-12,1477.11,Home & Kitchen
ORD007798,CUST2318,2026-09-14,624.46,Beauty
ORD009451,CUST2407,2026-04-20,12776.88,Electronics
ORD005749,CUST2155,2026-09-06,470.5,Grocery
ORD005722,CUST2152,2026-09-16,764.6,Grocery
ORD004510,CUST2014,2026-08-25,2308.67,Fashion
ORD004192,CUST1975,2026-08-23,2348.83,Home & Kitchen
ORD000228,CUST0228,2026-04-12,346.25,Beauty
ORD009294,CUST2399,2026-06-26,1011.26,Fashion
ORD002318,CUST1522,2026-09-29,3223.68,Home & Kitchen
ORD003289,CUST1848,2026-09-28,1672.28,Home & Kitchen
ORD004419,CUST2004,2026-07-20,1596.57,Home & Kitchen
ORD005313,CUST2105,2026-09-26,3812.99,Home & Kitchen
ORD002649,CUST1632,2026-06-08,2560.9,Fashion
ORD001509,CUST1252,2026-09-10,1327.45,Fashion
ORD006093,CUST2200,2026-07-24,670.86,Grocery
ORD011273,CUST2474,2026-07-25,16849.28,Electronics
ORD001685,CUST1311,2026-06-19,3810.27,Home & Kitchen
ORD000500,CUST0500,2026-08-08,2153.88,Fashion
ORD006840,CUST2267,2026-07-29,591.16,Beauty
ORD001700,CUST1316,2026-07-16,2945.09,Fashion
ORD001878,CUST1379,2026-08-20,436.12,Grocery
ORD007934,CUST2326,2026-08-19,950.91,Grocery
ORD000514,CUST0514,2026-05-26,330.8,Fashion
ORD009892,CUST2427,2026-09-11,9946.47,Electronics
ORD003380,CUST1877,2026-09-03,262.05,Grocery
ORD002705,CUST1650,2026-09-03,8048.95,Electronics
ORD008026,CUST2330,2026-09-02,874.53,Grocery
ORD006380,CUST2232,2026-09-30,630.73,Beauty
ORD007986,CUST2329,2026-08-31,8053.89,Electronics
ORD007329,CUST2293,2026-09-24,1094.05,Fashion
ORD003990,CUST1952,2026-05-24,301.94,Grocery
ORD009806,CUST2424,2026-08-03,3250.59,Home & Kitchen
ORD007880,CUST2322,2026-08-10,4243.76,Fashion
ORD000475,CUST0475,2026-03-18,1098.09,Beauty
ORD005786,CUST2160,2026-08-15,866.82,Grocery
ORD009089,CUST2389,2026-08-13,12562.7,Electronics
ORD008014,CUST2330,2026-06-05,1209.23,Home & Kitchen
ORD011362,CUST2477,2026-09-04,1192.94,Home & Kitchen
ORD007443,CUST2299,2026-09-23,1472.15,Home & Kitchen
ORD002917,CUST1722,2026-05-01,3193.57,Home & Kitchen
ORD003405,CUST1881,2026-07-13,698.07,Grocery
ORD004430,CUST2005,2026-08-28,6239.55,Electronics
ORD000481,CUST0481,2026-09-03,1609.94,Beauty
ORD009914,CUST2428,2026-06-05,11779.57,Electronics
ORD011577,CUST2485,2026-05-06,8907.97,Electronics
ORD010679,CUST2454,2026-09-18,1865.07,Home & Kitchen
ORD002578,CUST1608,2026-08-29,1514.13,Beauty
ORD010931,CUST2463,2026-08-16,1816.65,Home & Kitchen
ORD005545,CUST2133,2026-05-30,516.95,Grocery
ORD003571,CUST1900,2026-09-20,1172.23,Beauty
ORD003998,CUST1953,2026-09-01,665.17,Fashion
ORD010173,CUST2436,2026-09-26,2299.67,Fashion
ORD006873,CUST2269,2026-09-14,4314.09,Electronics
ORD011520,CUST2483,2026-09-14,921.91,Grocery
ORD007701,CUST2313,2026-07-20,2515.65,Fashion
ORD011370,CUST2477,2026-09-28,12966.21,Electronics
ORD001350,CUST1200,2026-07-29,1115.83,Beauty
ORD007775,CUST2317,2026-07-10,935.0,Fashion
ORD004692,CUST2034,2026-06-02,6799.29,Home & Kitchen
ORD011164,CUST2471,2026-08-23,218.6,Grocery
ORD008951,CUST2381,2026-08-24,838.37,Fashion
ORD002923,CUST1723,2026-08-30,477.46,Grocery
ORD008814,CUST2373,2026-08-15,833.47,Beauty
ORD007024,CUST2278,2026-07-06,8943.01,Electronics
ORD001607,CUST1285,2026-03-13,5238.77,Electronics
ORD011768,CUST2492,2026-08-31,839.85,Grocery
ORD003032,CUST1760,2026-06-14,742.34,Beauty
ORD002763,CUST1670,2026-09-21,2539.45,Home & Kitchen
ORD006569,CUST2253,2026-09-14,2309.72,Home & Kitchen
ORD010109,CUST2434,2026-05-29,4054.96,Home & Kitchen
ORD003149,CUST1797,2026-08-15,2655.71,Home & Kitchen
ORD007465,CUST2300,2026-09-12,1542.1,Fashion
ORD001660,CUST1303,2026-08-04,758.17,Grocery
ORD005932,CUST2178,2026-09-05,486.98,Grocery
ORD009938,CUST2428,2026-09-22,15031.82,Electronics
ORD001447,CUST1233,2026-08-08,840.94,Fashion
ORD007797,CUST2318,2026-09-13,759.35,Beauty
ORD001021,CUST1021,2026-08-12,780.53,Fashion
ORD000706,CUST0706,2026-01-11,1206.01,Fashion
ORD009724,CUST2420,2026-08-18,3485.61,Electronics
ORD001867,CUST1375,2026-09-18,542.69,Grocery
ORD005994,CUST2186,2026-08-16,933.77,Grocery
ORD010260,CUST2440,2026-06-14,4316.71,Electronics
ORD007696,CUST2313,2026-05-26,503.63,Beauty
ORD002123,CUST1458,2026-06-14,895.03,Grocery
ORD002575,CUST1607,2026-08-07,738.57,Beauty
ORD009764,CUST2422,2026-08-11,8627.86,Electronics
ORD001922,CUST1392,2026-08-06,4422.6,Electronics
ORD002957,CUST1734,2026-07-28,605.02,Fashion
ORD006913,CUST2271,2026-08-29,2207.6,Home & Kitchen
ORD006637,CUST2257,2026-09-12,14455.42,Electronics
ORD007937,CUST2326,2026-08-22,4066.73,Home & Kitchen
ORD010691,CUST2454,2026-09-23,1810.42,Fashion
ORD001420,CUST1224,2026-06-28,403.1,Grocery
ORD008949,CUST2381,2026-08-13,7727.19,Electronics
ORD003956,CUST1948,2026-09-20,330.0,Grocery
ORD011226,CUST2473,2026-07-06,2635.55,Home & Kitchen
ORD002026,CUST1426,2026-07-19,514.55,Grocery
ORD000595,CUST0595,2026-04-15,4228.47,Home & Kitchen
ORD001559,CUST1268,2026-08-21,235.94,Fashion
ORD004195,CUST1976,2026-05-10,546.65,Grocery
ORD004630,CUST2027,2026-08-07,3091.29,Electronics
ORD010324,CUST2442,2026-04-28,4407.34,Electronics
ORD008368,CUST2352,2026-06-24,4641.02,Fashion
ORD006106,CUST2201,2026-09-12,2797.16,Home & Kitchen
ORD011933,CUST2496,2026-09-29,11972.93,Electronics
ORD002059,CUST1436,2026-09-10,1077.06,Fashion
ORD004177,CUST1973,2026-09-14,676.87,Beauty
ORD003283,CUST1845,2026-09-29,556.96,Beauty
ORD004478,CUST2011,2026-08-21,367.35,Grocery
ORD004732,CUST2038,2026-09-10,658.61,Grocery
ORD011578,CUST2485,2026-05-15,4305.16,Electronics
ORD003777,CUST1925,2026-09-01,2023.31,Beauty
ORD006999,CUST2276,2026-09-01,18265.83,Electronics
ORD009104,CUST2390,2026-04-03,564.59,Fashion
ORD004078,CUST1963,2026-09-21,374.92,Grocery
ORD005548,CUST2133,2026-06-29,325.86,Fashion
ORD007149,CUST2284,2026-06-23,506.1,Grocery
ORD011431,CUST2479,2026-08-03,9265.94,Electronics
ORD000536,CUST0536,2026-06-29,965.71,Beauty
ORD010130,CUST2434,2026-09-20,7051.81,Electronics
ORD000293,CUST0293,2026-05-09,1105.87,Fashion
ORD002837,CUST1694,2026-05-17,663.22,Home & Kitchen
ORD004534,CUST2017,2026-06-28,385.3,Grocery
ORD010689,CUST2454,2026-09-22,2419.0,Electronics
ORD002871,CUST1707,2026-09-14,1956.09,Home & Kitchen
ORD005010,CUST2069,2026-07-25,17418.08,Electronics
ORD010331,CUST2442,2026-06-12,9184.51,Electronics
ORD009118,CUST2390,2026-08-25,735.16,Fashion
ORD008518,CUST2358,2026-09-09,1176.25,Fashion
ORD007276,CUST2290,2026-09-17,580.8,Grocery
ORD009666,CUST2417,2026-08-30,901.69,Grocery
ORD008395,CUST2353,2026-06-26,2157.36,Home & Kitchen
ORD001319,CUST1191,2026-02-05,696.92,Fashion
ORD007697,CUST2313,2026-05-29,1647.23,Fashion
ORD010537,CUST2449,2026-07-06,16329.32,Electronics
ORD004106,CUST1966,2026-07-03,1075.65,Fashion
ORD010895,CUST2461,2026-09-23,8113.54,Electronics
ORD005043,CUST2073,2026-08-07,1173.23,Grocery
ORD006673,CUST2259,2026-08-26,1015.33,Home & Kitchen
ORD004863,CUST2053,2026-09-21,4282.64,Electronics
ORD006552,CUST2252,2026-09-20,15429.84,Electronics
ORD005858,CUST2168,2026-09-26,2214.28,Home & Kitchen
ORD007996,CUST2329,2026-09-15,647.15,Beauty
ORD002229,CUST1493,2026-07-14,775.5,Grocery
ORD005688,CUST2149,2026-05-09,3019.91,Fashion
ORD006030,CUST2190,2026-08-14,798.56,Fashion
ORD005863,CUST2169,2026-08-01,801.59,Fashion
ORD009857,CUST2426,2026-09-04,5475.55,Electronics
ORD009961,CUST2429,2026-09-29,1083.96,Fashion
ORD008678,CUST2367,2026-05-15,592.38,Beauty
ORD003648,CUST1910,2026-08-11,1337.32,Home & Kitchen
ORD000357,CUST0357,2026-06-08,401.45,Grocery
ORD011996,CUST2498,2026-08-23,6399.26,Electronics
ORD005478,CUST2125,2026-06-06,335.68,Grocery
ORD003541,CUST1897,2026-08-08,1971.63,Home & Kitchen
ORD010061,CUST2432,2026-08-30,601.82,Grocery
ORD000838,CUST0838,2026-09-11,827.36,Beauty
ORD005752,CUST2156,2026-04-04,308.35,Fashion
ORD000267,CUST0267,2026-03-08,1272.42,Home & Kitchen
ORD007389,CUST2296,2026-09-12,1610.48,Home & Kitchen
ORD002007,CUST1420,2026-05-05,572.3,Fashion
ORD009492,CUST2409,2026-07-31,1183.94,Home & Kitchen
ORD011334,CUST2476,2026-09-12,13301.28,Electronics
ORD008759,CUST2371,2026-09-24,4508.32,Electronics
ORD002363,CUST1538,2026-04-07,560.89,Grocery
ORD009738,CUST2420,2026-09-22,2733.43,Home & Kitchen
ORD011981,CUST2498,2026-06-23,4359.83,Fashion
ORD009942,CUST2429,2026-09-22,7200.3,Electronics
ORD009256,CUST2397,2026-09-14,262.33,Grocery
ORD009461,CUST2407,2026-07-14,4848.22,Electronics
ORD002900,CUST1715,2026-09-28,2742.93,Fashion
ORD001891,CUST1383,2026-09-08,167.48,Fashion
ORD007355,CUST2294,2026-09-15,563.85,Grocery
ORD000158,CUST0158,2026-07-14,665.13,Fashion
ORD007554,CUST2305,2026-09-06,2505.19,Home & Kitchen
ORD000128,CUST0128,2026-08-02,1071.76,Beauty
ORD005442,CUST2120,2026-09-17,499.53,Beauty
ORD010878,CUST2461,2026-07-18,536.1,Beauty
ORD001442,CUST1231,2026-09-09,620.5,Grocery
ORD006754,CUST2262,2026-09-28,7407.92,Electronics
ORD011227,CUST2473,2026-07-07,6533.23,Electronics
ORD002749,CUST1665,2026-09-16,2880.93,Home & Kitchen
ORD005368,CUST2112,2026-07-28,461.61,Grocery
ORD008515,CUST2358,2026-08-16,12894.04,Electronics
ORD009026,CUST2385,2026-07-03,996.61,Fashion
ORD006499,CUST2247,2026-08-28,3779.19,Home & Kitchen
ORD003062,CUST1769,2026-03-11,414.59,Grocery
ORD009625,CUST2415,2026-07-19,6531.48,Electronics
ORD009246,CUST2397,2026-08-26,11327.11,Electronics
ORD008328,CUST2349,2026-09-22,7001.55,Electronics
ORD010116,CUST2434,2026-07-23,1711.59,Fashion
ORD001058,CUST1058,2026-06-25,8277.71,Electronics
ORD001964,CUST1404,2026-09-19,4184.81,Electronics
ORD003126,CUST1788,2026-09-18,2227.91,Home & Kitchen
ORD003609,CUST1905,2026-08-08,1683.87,Home & Kitchen
ORD004402,CUST2002,2026-06-22,322.2,Grocery
ORD001128,CUST1126,2026-09-28,556.95,Grocery
ORD006664,CUST2258,2026-09-24,720.8,Beauty
ORD009526,CUST2410,2026-09-19,921.7,Grocery
ORD009936,CUST2428,2026-09-20,739.14,Grocery
ORD004169,CUST1973,2026-05-13,1657.86,Fashion
ORD009622,CUST2415,2026-06-30,1303.16,Home & Kitchen
ORD010677,CUST2454,2026-09-17,7060.64,Home & Kitchen
ORD004885,CUST2055,2026-07-26,505.14,Grocery
ORD007815,CUST2319,2026-04-04,10438.66,Electronics
ORD001544,CUST1263,2026-09-26,7583.48,Electronics
ORD003264,CUST1839,2026-07-31,645.49,Grocery
ORD006075,CUST2198,2026-04-14,530.37,Beauty
ORD005169,CUST2088,2026-09-09,617.23,Grocery
ORD007581,CUST2306,2026-09-02,7341.84,Electronics
ORD002269,CUST1505,2026-07-15,723.86,Beauty
ORD007268,CUST2290,2026-08-21,4669.42,Electronics
ORD008030,CUST2330,2026-09-29,4795.71,Electronics
ORD000133,CUST0133,2026-09-14,309.48,Grocery
ORD003652,CUST1911,2026-07-27,12657.8,Electronics
ORD008766,CUST2371,2026-09-27,5951.71,Home & Kitchen
ORD009446,CUST2407,2026-01-17,616.0,Grocery
ORD000604,CUST0604,2026-06-18,977.45,Grocery
ORD004193,CUST1975,2026-09-07,791.94,Fashion
ORD008055,CUST2332,2026-08-23,592.02,Fashion
ORD008595,CUST2362,2026-09-03,6906.17,Electronics
ORD000394,CUST0394,2026-07-18,1171.88,Fashion
ORD011044,CUST2467,2026-07-04,2440.98,Home & Kitchen
ORD008575,CUST2361,2026-09-29,320.02,Fashion
ORD009198,CUST2395,2026-03-07,760.19,Grocery
ORD009927,CUST2428,2026-08-10,13816.71,Electronics
ORD010867,CUST2461,2026-06-03,2934.57,Beauty
ORD005764,CUST2157,2026-04-17,1980.28,Fashion
ORD010680,CUST2454,2026-09-19,4483.59,Electronics
ORD003493,CUST1891,2026-08-15,392.36,Beauty
ORD009630,CUST2415,2026-09-01,735.25,Fashion
ORD005362,CUST2111,2026-08-24,797.4,Beauty
ORD005844,CUST2167,2026-07-18,835.01,Fashion
ORD000182,CUST0182,2026-06-03,623.49,Fashion
ORD002278,CUST1508,2026-09-04,768.36,Fashion
ORD009091,CUST2389,2026-08-20,3885.88,Home & Kitchen
ORD003235,CUST1828,2026-09-22,5571.49,Electronics
ORD008013,CUST2330,2026-06-01,12245.31,Electronics
ORD011346,CUST2477,2026-04-09,1671.44,Beauty
ORD003897,CUST1941,2026-04-26,6501.18,Electronics
ORD008324,CUST2349,2026-09-20,642.69,Beauty
ORD009172,CUST2393,2026-08-28,1097.94,Fashion
ORD007742,CUST2315,2026-08-30,9973.77,Electronics
ORD000402,CUST0402,2026-05-11,1408.79,Fashion
ORD003686,CUST1915,2026-09-11,3126.18,Electronics
ORD011558,CUST2484,2026-08-28,1055.49,Beauty
ORD001632,CUST1294,2026-05-26,822.94,Beauty
ORD003448,CUST1886,2026-02-10,786.77,Fashion
ORD006476,CUST2244,2026-08-09,1400.4,Home & Kitchen
ORD008535,CUST2360,2026-07-17,984.78,Fashion
ORD007919,CUST2325,2026-07-18,463.97,Grocery
ORD005425,CUST2118,2026-09-28,2135.92,Fashion
ORD010389,CUST2444,2026-07-31,11452.42,Electronics
ORD011941,CUST2496,2026-09-30,15932.31,Electronics
ORD004608,CUST2025,2026-09-13,384.69,Beauty
ORD005599,CUST2139,2026-06-28,4617.61,Home & Kitchen
ORD004111,CUST1966,2026-08-28,5533.78,Electronics
ORD004103,CUST1965,2026-08-31,465.8,Beauty
ORD008491,CUST2357,2026-08-05,941.63,Grocery
ORD010995,CUST2465,2026-08-12,2637.84,Home & Kitchen
ORD006984,CUST2275,2026-09-18,4327.93,Electronics
ORD011106,CUST2469,2026-09-01,2303.8,Home & Kitchen
ORD006070,CUST2197,2026-07-01,2675.12,Home & Kitchen
ORD004878,CUST2054,2026-05-02,378.45,Grocery
ORD006221,CUST2215,2026-03-26,4751.16,Electronics
ORD002068,CUST1439,2026-08-03,2006.97,Fashion
ORD004537,CUST2017,2026-08-04,6892.14,Home & Kitchen
ORD005062,CUST2076,2026-09-22,2258.35,Home & Kitchen
ORD005031,CUST2071,2026-09-25,4531.77,Electronics
ORD001600,CUST1282,2026-06-18,656.52,Beauty
ORD011056,CUST2467,2026-08-07,3431.16,Home & Kitchen
ORD001386,CUST1213,2026-07-29,8541.26,Electronics
ORD010011,CUST2431,2026-08-02,575.76,Beauty
ORD003695,CUST1916,2026-09-04,424.82,Grocery
ORD009735,CUST2420,2026-09-14,11322.04,Electronics
ORD001406,CUST1219,2026-09-15,2861.63,Home & Kitchen
ORD011464,CUST2480,2026-09-30,1946.68,Home & Kitchen
ORD003276,CUST1843,2026-08-28,714.67,Fashion
ORD000810,CUST0810,2026-03-03,1319.86,Fashion
ORD008889,CUST2377,2026-09-30,7651.59,Electronics
ORD002030,CUST1427,2026-09-27,1064.09,Grocery
ORD008256,CUST2344,2026-08-25,2534.96,Home & Kitchen
ORD002651,CUST1632,2026-09-02,495.28,Beauty
ORD011122,CUST2469,2026-09-28,7428.87,Electronics
ORD003025,CUST1758,2026-03-28,3417.5,Home & Kitchen
ORD011964,CUST2497,2026-09-08,8580.27,Electronics
ORD009408,CUST2405,2026-09-24,4474.88,Electronics
ORD005933,CUST2178,2026-09-06,1202.12,Fashion
ORD007196,CUST2286,2026-09-03,498.25,Beauty
ORD001703,CUST1317,2026-07-06,1890.83,Home & Kitchen
ORD005065,CUST2076,2026-09-28,2656.88,Home & Kitchen
ORD000062,CUST0062,2026-07-20,1418.36,Fashion
ORD004615,CUST2026,2026-06-09,721.92,Grocery
ORD011889,CUST2495,2026-09-12,2504.4,Fashion
ORD004642,CUST2029,2026-03-29,3531.56,Home & Kitchen
ORD002095,CUST1448,2026-05-08,411.12,Beauty
ORD005404,CUST2116,2026-09-14,391.12,Grocery
ORD010198,CUST2437,2026-09-25,893.05,Grocery
ORD001881,CUST1380,2026-06-25,3419.43,Fashion
ORD003371,CUST1876,2026-08-29,1673.19,Home & Kitchen
ORD003659,CUST1912,2026-04-16,841.71,Fashion
ORD007483,CUST2301,2026-08-31,184.23,Fashion
ORD003527,CUST1895,2026-09-29,2071.11,Home & Kitchen
ORD010450,CUST2446,2026-06-27,6453.93,Home & Kitchen
ORD010546,CUST2449,2026-08-31,586.7,Grocery
ORD002288,CUST1511,2026-09-10,242.44,Grocery
ORD006843,CUST2267,2026-08-18,22496.19,Electronics
ORD009001,CUST2383,2026-09-19,1271.47,Beauty
ORD005439,CUST2120,2026-08-29,5214.17,Home & Kitchen
ORD006662,CUST2258,2026-09-23,747.12,Grocery
ORD008236,CUST2343,2026-09-19,513.24,Grocery
ORD010101,CUST2433,2026-09-26,18455.07,Electronics
ORD000665,CUST0665,2026-09-07,2131.44,Home & Kitchen
ORD002907,CUST1718,2026-06-28,2818.35,Fashion
ORD009954,CUST2429,2026-09-27,10659.16,Electronics
ORD001047,CUST1047,2026-08-01,417.37,Grocery
ORD005602,CUST2139,2026-07-28,3948.58,Home & Kitchen
ORD002405,CUST1553,2026-08-25,6374.34,Electronics
ORD010064,CUST2432,2026-09-06,669.3,Grocery
ORD010939,CUST2463,2026-08-30,731.17,Fashion
ORD007756,CUST2316,2026-06-15,12107.19,Electronics
ORD001569,CUST1273,2026-06-21,1694.59,Fashion
ORD000463,CUST0463,2026-06-28,874.21,Fashion
ORD000744,CUST0744,2026-04-03,360.04,Fashion
ORD000223,CUST0223,2026-05-13,2046.55,Beauty
ORD010428,CUST2445,2026-09-14,5021.84,Home & Kitchen
ORD010983,CUST2464,2026-08-23,318.24,Grocery
ORD010515,CUST2448,2026-08-14,76382.48,Electronics
ORD000626,CUST0626,2026-08-31,322.91,Fashion
ORD009142,CUST2392,2026-09-22,3164.36,Home & Kitchen
ORD011390,CUST2478,2026-08-16,1924.58,Home & Kitchen
ORD002189,CUST1481,2026-05-17,983.65,Fashion
ORD002178,CUST1477,2026-09-26,903.59,Grocery
ORD006985,CUST2275,2026-09-18,727.07,Grocery
ORD009673,CUST2418,2026-07-14,287.19,Grocery
ORD008135,CUST2338,2026-09-15,6668.28,Electronics
ORD008856,CUST2376,2026-09-07,5139.3,Electronics
ORD008966,CUST2382,2026-09-19,778.53,Fashion
ORD000439,CUST0439,2026-05-08,2656.74,Home & Kitchen
ORD004393,CUST2000,2026-05-31,6203.07,Electronics
ORD010583,CUST2451,2026-07-01,1549.16,Home & Kitchen
ORD000354,CUST0354,2026-01-10,1095.72,Fashion
ORD005995,CUST2186,2026-08-27,894.2,Fashion
ORD000457,CUST0457,2026-05-24,5634.38,Electronics
ORD009737,CUST2420,2026-09-21,2552.61,Electronics
ORD011696,CUST2489,2026-08-30,619.35,Beauty
ORD000240,CUST0240,2026-03-31,4639.78,Electronics
ORD007935,CUST2326,2026-08-20,1480.45,Fashion
ORD008119,CUST2336,2026-09-29,1562.51,Home & Kitchen
ORD000231,CUST0231,2026-04-17,1810.73,Fashion
ORD005438,CUST2120,2026-08-29,2164.46,Home & Kitchen
ORD003450,CUST1886,2026-04-24,2009.49,Fashion
ORD008040,CUST2331,2026-09-24,12877.7,Electronics
ORD003679,CUST1915,2026-04-17,1508.65,Fashion
ORD009494,CUST2409,2026-08-13,3903.05,Electronics
ORD004722,CUST2037,2026-08-05,4855.98,Electronics
ORD001019,CUST1019,2026-07-08,1709.2,Fashion
ORD007529,CUST2303,2026-09-25,11247.9,Electronics
ORD009675,CUST2418,2026-07-19,562.52,Grocery
ORD001761,CUST1338,2026-05-03,480.83,Grocery
ORD010586,CUST2451,2026-07-09,713.92,Fashion
ORD010608,CUST2451,2026-09-05,9053.56,Electronics
ORD011790,CUST2492,2026-09-15,2398.93,Fashion
ORD001104,CUST1104,2026-06-17,470.55,Beauty
ORD011641,CUST2487,2026-09-08,3851.77,Home & Kitchen
ORD007689,CUST2312,2026-08-04,2681.77,Home & Kitchen
ORD007924,CUST2325,2026-08-08,791.15,Beauty
ORD009414,CUST2405,2026-09-26,8357.42,Electronics
ORD004065,CUST1961,2026-07-25,2227.92,Home & Kitchen
ORD003252,CUST1835,2026-07-27,10913.38,Electronics
ORD010615,CUST2452,2026-08-20,1832.79,Home & Kitchen
ORD005036,CUST2072,2026-08-30,529.96,Grocery
ORD003064,CUST1770,2026-08-14,638.37,Grocery
ORD004794,CUST2046,2026-05-01,286.45,Grocery
ORD008956,CUST2381,2026-09-15,378.55,Beauty
ORD006390,CUST2234,2026-08-17,6277.22,Electronics
ORD002948,CUST1732,2026-08-24,10174.74,Electronics
ORD011065,CUST2467,2026-08-21,3095.19,Beauty
ORD011151,CUST2471,2026-07-25,2795.93,Home & Kitchen
ORD007239,CUST2288,2026-09-22,676.01,Grocery
ORD003432,CUST1883,2026-09-30,1636.68,Fashion
ORD011378,CUST2478,2026-07-07,10398.23,Electronics
ORD004611,CUST2025,2026-09-19,6559.87,Electronics
ORD010520,CUST2448,2026-08-17,818.99,Beauty
ORD003669,CUST1913,2026-02-01,5909.96,Home & Kitchen
ORD009729,CUST2420,2026-09-03,874.47,Beauty
ORD011019,CUST2466,2026-06-11,466.08,Grocery
ORD008141,CUST2338,2026-09-17,3174.34,Fashion
ORD001035,CUST1035,2026-02-20,345.39,Grocery
ORD002265,CUST1504,2026-03-27,2197.95,Fashion
ORD008630,CUST2364,2026-09-30,1869.52,Home & Kitchen
ORD007252,CUST2289,2026-07-07,679.07,Beauty
ORD008072,CUST2333,2026-08-15,572.78,Beauty
ORD010934,CUST2463,2026-08-22,1590.96,Home & Kitchen
ORD000907,CUST0907,2026-03-10,5339.51,Home & Kitchen
ORD008065,CUST2333,2026-06-11,508.56,Grocery
ORD008638,CUST2365,2026-07-26,562.2,Grocery
ORD000369,CUST0369,2026-09-17,917.71,Beauty
ORD010131,CUST2434,2026-09-25,773.18,Grocery
ORD001416,CUST1222,2026-09-17,10428.77,Electronics
ORD006793,CUST2265,2026-09-15,1954.37,Home & Kitchen
ORD002287,CUST1510,2026-08-29,1855.89,Home & Kitchen
ORD004082,CUST1963,2026-09-29,941.94,Beauty
ORD010149,CUST2435,2026-07-10,5743.52,Electronics
ORD011974,CUST2498,2026-05-28,598.95,Beauty
ORD008829,CUST2374,2026-08-20,10404.44,Electronics
ORD005287,CUST2102,2026-08-23,4518.84,Home & Kitchen
ORD008093,CUST2335,2026-09-01,333.8,Fashion
ORD006197,CUST2212,2026-03-13,2979.25,Home & Kitchen
ORD007172,CUST2285,2026-08-15,3139.36,Home & Kitchen
ORD002901,CUST1716,2026-07-21,539.27,Grocery
ORD001722,CUST1324,2026-07-13,574.59,Fashion
ORD006177,CUST2209,2026-09-06,451.03,Fashion
ORD008725,CUST2369,2026-08-02,4003.24,Home & Kitchen
ORD003185,CUST1810,2026-07-11,445.59,Beauty
ORD006881,CUST2269,2026-09-30,965.79,Fashion
ORD001825,CUST1361,2026-06-01,443.47,Grocery
ORD003081,CUST1775,2026-08-04,1181.43,Beauty
ORD006868,CUST2269,2026-08-30,432.34,Fashion
ORD003024,CUST1757,2026-09-28,996.73,Fashion
ORD004609,CUST2025,2026-09-14,3200.45,Home & Kitchen
ORD009723,CUST2420,2026-08-11,13426.27,Electronics
ORD001902,CUST1386,2026-05-17,263.09,Grocery
ORD006651,CUST2257,2026-09-30,8666.1,Electronics
ORD003890,CUST1940,2026-08-01,21527.77,Electronics
ORD001919,CUST1391,2026-09-29,1656.06,Home & Kitchen
ORD005268,CUST2100,2026-08-23,7541.21,Electronics
ORD007700,CUST2313,2026-07-19,7696.32,Electronics
ORD001570,CUST1273,2026-08-19,644.76,Grocery
ORD005796,CUST2161,2026-08-26,9047.77,Electronics
ORD000348,CUST0348,2026-07-22,930.47,Fashion
ORD001243,CUST1164,2026-09-12,250.76,Grocery
ORD000421,CUST0421,2026-05-15,2473.26,Home & Kitchen
ORD004763,CUST2042,2026-05-09,1970.21,Home & Kitchen
ORD009129,CUST2391,2026-09-14,1652.5,Fashion
ORD000038,CUST0038,2026-07-01,460.52,Fashion
ORD009607,CUST2414,2026-07-31,1263.86,Home & Kitchen
ORD009833,CUST2426,2026-06-03,1885.99,Home & Kitchen
ORD010392,CUST2444,2026-08-13,4165.84,Home & Kitchen
ORD008705,CUST2368,2026-08-16,4138.06,Home & Kitchen
ORD010534,CUST2449,2026-06-15,1952.03,Home & Kitchen
ORD001032,CUST1032,2026-04-08,1467.3,Fashion
ORD004218,CUST1978,2026-03-24,6286.07,Home & Kitchen
ORD006505,CUST2248,2026-09-17,3987.13,Home & Kitchen
ORD007091,CUST2281,2026-07-19,8665.12,Electronics
ORD008169,CUST2339,2026-08-10,7933.84,Electronics
ORD007979,CUST2328,2026-09-01,639.53,Grocery
ORD009279,CUST2398,2026-08-31,561.97,Fashion
ORD000764,CUST0764,2026-06-07,539.44,Fashion
ORD004839,CUST2051,2026-03-24,1371.82,Fashion
ORD011527,CUST2483,2026-09-20,4634.06,Electronics
ORD009480,CUST2408,2026-09-20,967.01,Grocery
ORD010686,CUST2454,2026-09-21,1511.48,Fashion
ORD002485,CUST1579,2026-06-21,680.67,Beauty
ORD005939,CUST2179,2026-05-29,8549.8,Electronics
ORD001223,CUST1158,2026-09-13,1500.38,Beauty
ORD004225,CUST1979,2026-04-11,4956.05,Home & Kitchen
ORD008274,CUST2345,2026-09-06,2167.79,Beauty
ORD002135,CUST1461,2026-03-17,736.81,Grocery
ORD002424,CUST1559,2026-02-16,716.76,Grocery
ORD007258,CUST2289,2026-09-13,6960.16,Electronics
ORD012077,CUST2500,2026-09-24,619.35,Beauty
ORD007637,CUST2309,2026-09-16,10626.02,Electronics
ORD010659,CUST2453,2026-09-14,1676.98,Home & Kitchen
ORD006445,CUST2240,2026-06-16,1835.36,Home & Kitchen
ORD006392,CUST2234,2026-08-23,527.72,Fashion
ORD004394,CUST2000,2026-06-03,578.55,Fashion
ORD001576,CUST1275,2026-09-06,904.23,Fashion
ORD000510,CUST0510,2026-05-28,594.49,Beauty
ORD009406,CUST2405,2026-09-24,4238.32,Home & Kitchen
ORD011958,CUST2497,2026-08-20,4031.7,Home & Kitchen
ORD009054,CUST2387,2026-08-16,5537.04,Electronics
ORD002305,CUST1517,2026-08-14,4193.16,Home & Kitchen
ORD008076,CUST2333,2026-09-16,6720.42,Home & Kitchen
ORD005351,CUST2110,2026-07-28,455.53,Grocery
ORD000749,CUST0749,2026-01-25,1762.06,Fashion
ORD011801,CUST2492,2026-09-24,7257.31,Electronics
ORD011608,CUST2486,2026-09-02,1108.14,Grocery
ORD001260,CUST1169,2026-08-05,9895.63,Home & Kitchen
ORD003078,CUST1775,2026-03-27,4148.32,Home & Kitchen
ORD009195,CUST2394,2026-09-09,2994.16,Home & Kitchen
ORD001889,CUST1382,2026-08-29,1256.55,Fashion
ORD011880,CUST2494,2026-09-29,17453.43,Electronics
ORD003600,CUST1904,2026-07-26,8576.4,Electronics
ORD000712,CUST0712,2026-09-29,274.3,Grocery
ORD009768,CUST2422,2026-08-31,1162.15,Fashion
ORD011020,CUST2466,2026-06-13,594.53,Grocery
ORD003680,CUST1915,2026-05-11,2878.98,Home & Kitchen
ORD004074,CUST1962,2026-09-09,1268.05,Fashion
ORD011490,CUST2481,2026-08-25,1458.4,Beauty
ORD001373,CUST1208,2026-02-25,961.22,Fashion
ORD011177,CUST2471,2026-09-21,743.21,Beauty
ORD000713,CUST0713,2026-07-19,6375.14,Electronics
ORD003330,CUST1862,2026-08-05,296.5,Beauty
ORD007822,CUST2319,2026-07-19,889.62,Fashion
ORD005702,CUST2150,2026-08-09,7548.14,Electronics
ORD009532,CUST2411,2026-07-14,1227.79,Fashion
ORD004405,CUST2002,2026-08-27,2098.11,Home & Kitchen
ORD010037,CUST2431,2026-09-30,1020.33,Beauty
ORD006801,CUST2265,2026-09-23,16124.93,Electronics
ORD004266,CUST1984,2026-08-21,319.96,Grocery
ORD003754,CUST1923,2026-06-28,1488.54,Fashion
ORD009137,CUST2392,2026-09-21,4757.47,Electronics
ORD001483,CUST1244,2026-03-11,1508.34,Home & Kitchen
ORD001490,CUST1246,2026-09-29,533.07,Grocery
ORD000105,CUST0105,2026-05-10,476.38,Grocery
ORD007904,CUST2324,2026-05-08,1322.84,Home & Kitchen
ORD001795,CUST1350,2026-09-25,3599.71,Home & Kitchen
ORD005866,CUST2169,2026-09-07,671.88,Grocery
ORD001822,CUST1360,2026-07-09,9847.57,Electronics
ORD002387,CUST1547,2026-09-30,6291.75,Electronics
ORD004194,CUST1975,2026-09-29,4946.58,Electronics
ORD006349,CUST2229,2026-09-23,658.96,Home & Kitchen
ORD010478,CUST2447,2026-08-14,11896.58,Electronics
ORD001742,CUST1331,2026-09-13,37072.46,Electronics
ORD001659,CUST1303,2026-04-19,1293.86,Fashion
ORD000213,CUST0213,2026-03-28,456.57,Grocery
ORD010597,CUST2451,2026-08-03,1540.29,Home & Kitchen
ORD006527,CUST2250,2026-09-01,7218.14,Electronics
ORD009868,CUST2427,2026-06-25,3326.16,Home & Kitchen
ORD003059,CUST1768,2026-08-03,5694.14,Electronics
ORD000324,CUST0324,2026-06-19,188.98,Fashion
ORD011381,CUST2478,2026-07-12,5356.03,Home & Kitchen
ORD001098,CUST1098,2026-02-04,1280.43,Fashion
ORD010660,CUST2453,2026-09-16,7496.6,Electronics
ORD009902,CUST2427,2026-09-29,4591.84,Electronics
ORD001360,CUST1203,2026-07-23,869.2,Fashion
ORD000335,CUST0335,2026-07-06,3076.92,Home & Kitchen
ORD005207,CUST2093,2026-08-10,2720.82,Home & Kitchen
ORD003111,CUST1784,2026-06-26,3351.62,Home & Kitchen
ORD003475,CUST1889,2026-06-13,4428.21,Electronics
ORD002841,CUST1695,2026-08-08,765.64,Beauty
ORD001614,CUST1287,2026-06-13,553.64,Fashion
ORD011361,CUST2477,2026-08-28,2387.32,Fashion
ORD000793,CUST0793,2026-07-04,239.39,Grocery
ORD000234,CUST0234,2026-05-26,4563.58,Home & Kitchen
ORD008215,CUST2342,2026-08-25,1341.18,Fashion
ORD005236,CUST2096,2026-08-03,313.88,Grocery
ORD001065,CUST1065,2026-01-06,863.79,Fashion
ORD000210,CUST0210,2026-01-21,1262.9,Fashion
ORD009239,CUST2396,2026-08-24,1053.03,Home & Kitchen
ORD001328,CUST1193,2026-09-08,401.84,Grocery
ORD011849,CUST2494,2026-05-12,833.67,Home & Kitchen
ORD006744,CUST2262,2026-09-13,1411.98,Fashion
ORD006757,CUST2263,2026-08-23,456.01,Beauty
ORD009301,CUST2399,2026-08-17,4185.55,Electronics
ORD003729,CUST1920,2026-07-15,1447.5,Fashion
ORD002414,CUST1556,2026-01-25,590.05,Fashion
ORD006214,CUST2214,2026-09-13,475.11,Grocery
ORD006424,CUST2238,2026-07-31,607.45,Grocery
ORD004950,CUST2063,2026-08-24,4080.26,Home & Kitchen
ORD009337,CUST2401,2026-09-23,2314.58,Home & Kitchen
ORD003543,CUST1897,2026-09-12,1625.38,Fashion
ORD003657,CUST1911,2026-09-23,906.98,Fashion
ORD000872,CUST0872,2026-03-30,15316.82,Electronics
ORD007485,CUST2301,2026-09-10,622.89,Grocery
ORD001264,CUST1170,2026-08-27,2270.13,Home & Kitchen
ORD001619,CUST1289,2026-08-10,440.71,Grocery
ORD006932,CUST2272,2026-09-05,948.96,Home & Kitchen
ORD008731,CUST2369,2026-08-23,1492.76,Fashion
ORD007321,CUST2292,2026-08-25,440.97,Fashion
ORD002415,CUST1556,2026-05-12,1636.38,Fashion
ORD007832,CUST2320,2026-09-08,1945.96,Fashion
ORD006519,CUST2249,2026-08-29,4456.55,Electronics
ORD001221,CUST1158,2026-07-22,786.87,Beauty
ORD006211,CUST2213,2026-08-24,622.58,Fashion
ORD001766,CUST1340,2026-08-26,1111.0,Fashion
ORD003945,CUST1946,2026-09-20,8804.55,Electronics
ORD002457,CUST1569,2026-09-01,5344.4,Electronics
ORD011319,CUST2475,2026-09-29,2305.18,Home & Kitchen
ORD011881,CUST2495,2026-09-08,378.19,Grocery
ORD002002,CUST1418,2026-08-24,3368.62,Home & Kitchen
ORD001514,CUST1253,2026-05-08,1091.56,Fashion
ORD011784,CUST2492,2026-09-10,22513.46,Electronics
ORD002802,CUST1682,2026-09-24,912.97,Fashion
ORD006759,CUST2263,2026-09-02,493.16,Beauty
ORD011761,CUST2491,2026-09-07,3892.38,Home & Kitchen
ORD003583,CUST1902,2026-08-18,981.12,Fashion
ORD002524,CUST1591,2026-07-06,5048.97,Electronics
ORD011070,CUST2467,2026-09-12,7353.19,Electronics
ORD006960,CUST2274,2026-07-25,1015.56,Beauty
ORD009264,CUST2397,2026-09-25,5537.26,Electronics
ORD007887,CUST2323,2026-09-21,1646.84,Fashion
ORD007284,CUST2291,2026-04-06,3726.94,Home & Kitchen
ORD006002,CUST2187,2026-07-25,8039.2,Electronics
ORD003079,CUST1775,2026-04-01,3075.36,Home & Kitchen
ORD005126,CUST2083,2026-07-11,1657.85,Home & Kitchen
ORD005226,CUST2095,2026-09-29,1012.85,Beauty
ORD006259,CUST2219,2026-09-17,3086.6,Fashion
ORD007140,CUST2284,2026-04-22,1132.5,Home & Kitchen
ORD010393,CUST2444,2026-08-13,476.61,Grocery
ORD002111,CUST1453,2026-06-30,1707.46,Beauty
ORD008818,CUST2373,2026-09-01,9086.75,Electronics
ORD002376,CUST1543,2026-05-21,1620.42,Fashion
ORD009200,CUST2395,2026-04-05,28700.65,Electronics
ORD009233,CUST2396,2026-08-10,13332.48,Electronics
ORD008970,CUST2382,2026-09-22,3148.31,Home & Kitchen
ORD011995,CUST2498,2026-08-19,2686.41,Fashion
ORD004635,CUST2028,2026-04-10,1563.87,Fashion
ORD003852,CUST1935,2026-07-03,311.18,Grocery
ORD003547,CUST1898,2026-09-04,3380.01,Home & Kitchen
ORD003528,CUST1895,2026-09-30,738.89,Grocery
ORD010233,CUST2439,2026-05-24,3634.74,Home & Kitchen
ORD007059,CUST2279,2026-09-23,3061.45,Electronics
ORD008929,CUST2380,2026-08-18,395.4,Grocery
ORD000618,CUST0618,2026-07-15,1193.47,Beauty
ORD011612,CUST2486,2026-09-16,6495.08,Electronics
ORD011977,CUST2498,2026-06-12,48729.65,Electronics
ORD005791,CUST2160,2026-09-14,2815.76,Beauty
ORD008268,CUST2345,2026-06-20,592.08,Grocery
ORD009177,CUST2393,2026-09-10,4810.82,Home & Kitchen
ORD002653,CUST1633,2026-05-14,1442.65,Fashion
ORD006308,CUST2224,2026-05-29,6919.63,Electronics
ORD008690,CUST2367,2026-08-31,835.22,Grocery
ORD000746,CUST0746,2026-04-30,2234.05,Home & Kitchen
ORD003542,CUST1897,2026-08-16,953.37,Fashion
ORD011835,CUST2493,2026-09-30,3897.33,Electronics
ORD002005,CUST1419,2026-08-04,564.55,Grocery
ORD012024,CUST2499,2026-06-01,3925.99,Fashion
ORD009141,CUST2392,2026-09-22,14737.95,Electronics
ORD011544,CUST2484,2026-06-08,5979.09,Electronics
ORD003048,CUST1764,2026-09-28,443.32,Grocery
ORD011344,CUST2477,2026-03-27,1533.74,Fashion
ORD010700,CUST2454,2026-09-30,1188.28,Fashion
ORD001337,CUST1196,2026-07-31,1391.33,Home & Kitchen
ORD006176,CUST2209,2026-08-23,1184.74,Home & Kitchen
ORD008824,CUST2374,2026-08-17,314.36,Grocery
ORD011389,CUST2478,2026-08-08,3325.64,Home & Kitchen
ORD006587,CUST2254,2026-09-06,2760.02,Fashion
ORD003096,CUST1779,2026-09-23,698.32,Fashion
ORD004811,CUST2047,2026-09-12,964.27,Grocery
ORD003286,CUST1847,2026-08-30,8921.03,Electronics
ORD008689,CUST2367,2026-08-10,8211.4,Electronics
ORD007092,CUST2281,2026-07-26,2156.6,Home & Kitchen
ORD004772,CUST2044,2026-05-21,927.43,Grocery
ORD001314,CUST1189,2026-08-31,1261.16,Home & Kitchen
ORD004686,CUST2033,2026-09-03,457.04,Fashion
ORD011716,CUST2490,2026-07-10,2016.65,Electronics
ORD011386,CUST2478,2026-08-06,929.94,Beauty
ORD002904,CUST1717,2026-05-03,9651.71,Electronics
ORD009552,CUST2412,2026-07-02,627.32,Beauty
ORD007133,CUST2283,2026-09-24,5119.26,Electronics
ORD003334,CUST1864,2026-06-26,6482.19,Electronics
ORD006416,CUST2237,2026-05-10,397.49,Grocery
ORD004081,CUST1963,2026-09-27,2035.71,Home & Kitchen
ORD004449,CUST2007,2026-09-26,3822.69,Home & Kitchen
ORD003054,CUST1766,2026-09-24,2194.77,Home & Kitchen
ORD008958,CUST2381,2026-09-26,13217.47,Electronics
ORD000977,CUST0977,2026-08-20,811.63,Beauty
ORD005943,CUST2179,2026-08-25,2004.56,Home & Kitchen
ORD004765,CUST2042,2026-07-15,1538.11,Home & Kitchen
ORD000654,CUST0654,2026-08-05,1701.83,Fashion
ORD009773,CUST2423,2026-07-28,9237.15,Electronics
ORD002270,CUST1506,2026-05-17,7199.93,Electronics
ORD005235,CUST2096,2026-08-02,519.67,Grocery
ORD009746,CUST2421,2026-08-25,2080.84,Fashion
ORD006195,CUST2211,2026-09-24,20498.39,Electronics
ORD007882,CUST2323,2026-09-20,5019.97,Electronics
ORD010646,CUST2453,2026-07-05,559.07,Grocery
ORD010224,CUST2438,2026-09-03,7028.41,Electronics
ORD005445,CUST2121,2026-09-06,3165.64,Home & Kitchen
ORD007607,CUST2307,2026-09-28,9406.68,Electronics
ORD010684,CUST2454,2026-09-21,6542.89,Electronics
ORD006209,CUST2213,2026-07-26,16189.26,Electronics
ORD000612,CUST0612,2026-04-25,462.27,Grocery
ORD011132,CUST2470,2026-06-01,538.48,Beauty
ORD002115,CUST1455,2026-04-22,371.31,Grocery
ORD004747,CUST2040,2026-09-24,665.65,Fashion
ORD006633,CUST2257,2026-09-05,5389.67,Electronics
ORD010920,CUST2462,2026-09-28,5348.2,Electronics
ORD006907,CUST2271,2026-07-25,776.48,Grocery
ORD003167,CUST1804,2026-04-25,2868.31,Home & Kitchen
ORD002603,CUST1618,2026-07-31,708.27,Fashion
ORD006827,CUST2267,2026-01-29,4104.99,Electronics
ORD000512,CUST0512,2026-05-13,1068.62,Fashion
ORD008485,CUST2357,2026-06-16,553.89,Grocery
ORD006384,CUST2233,2026-09-27,606.58,Fashion
ORD003016,CUST1754,2026-04-11,1540.59,Home & Kitchen
ORD004337,CUST1992,2026-06-28,5349.81,Electronics
ORD008514,CUST2358,2026-07-31,4067.62,Electronics
ORD011259,CUST2474,2026-05-20,3113.03,Home & Kitchen
ORD011730,CUST2490,2026-09-12,7475.96,Electronics
ORD007837,CUST2320,2026-09-15,2375.33,Home & Kitchen
ORD003705,CUST1918,2026-03-20,6585.59,Electronics
ORD000521,CUST0521,2026-06-24,2218.04,Beauty
ORD008456,CUST2356,2026-07-09,3103.94,Electronics
ORD008103,CUST2335,2026-09-17,529.38,Grocery
ORD007040,CUST2279,2026-03-05,12501.55,Electronics
ORD007926,CUST2325,2026-08-11,912.26,Home & Kitchen
ORD001093,CUST1093,2026-04-22,1586.6,Fashion
ORD011998,CUST2498,2026-09-02,2121.74,Home & Kitchen
ORD005793,CUST2160,2026-09-27,9443.0,Electronics
ORD006576,CUST2254,2026-03-18,423.58,Grocery
ORD008452,CUST2356,2026-06-12,3547.68,Fashion
ORD011970,CUST2497,2026-09-21,2068.47,Beauty
ORD005677,CUST2147,2026-08-06,2255.85,Home & Kitchen
ORD003772,CUST1925,2026-07-29,633.99,Grocery
ORD005221,CUST2095,2026-09-22,3295.6,Beauty
ORD001110,CUST1110,2026-06-10,862.79,Fashion
ORD011598,CUST2486,2026-07-19,1032.4,Fashion
ORD008516,CUST2358,2026-08-18,2059.35,Fashion
ORD001039,CUST1039,2026-05-09,1423.9,Fashion
ORD004343,CUST1993,2026-06-18,5089.41,Electronics
ORD000021,CUST0021,2026-06-27,581.2,Grocery
ORD005563,CUST2134,2026-09-29,3802.92,Fashion
ORD011511,CUST2482,2026-09-03,1058.87,Fashion
ORD006523,CUST2250,2026-06-20,714.03,Grocery
ORD006067,CUST2196,2026-06-03,7049.68,Home & Kitchen
ORD004717,CUST2037,2026-07-04,1846.88,Home & Kitchen
ORD000935,CUST0935,2026-04-13,771.85,Grocery
ORD005227,CUST2095,2026-09-29,616.2,Fashion
ORD010910,CUST2462,2026-09-23,8635.72,Electronics
ORD007600,CUST2307,2026-09-24,2634.5,Electronics
ORD003882,CUST1939,2026-04-25,1240.27,Fashion
ORD000395,CUST0395,2026-09-05,238.55,Beauty
ORD011611,CUST2486,2026-09-11,3027.41,Home & Kitchen
ORD006179,CUST2209,2026-09-15,4015.15,Home & Kitchen
ORD001738,CUST1330,2026-07-05,753.22,Fashion
ORD002166,CUST1472,2026-07-17,271.48,Grocery
ORD000562,CUST0562,2026-03-13,269.37,Grocery
ORD003070,CUST1772,2026-07-05,527.77,Beauty
ORD004666,CUST2031,2026-08-20,6686.58,Electronics
ORD011135,CUST2470,2026-06-19,21830.25,Electronics
ORD009587,CUST2413,2026-09-26,12024.66,Electronics
ORD001163,CUST1139,2026-09-26,2188.85,Beauty
ORD006222,CUST2215,2026-04-04,4936.91,Electronics
ORD007969,CUST2328,2026-06-04,2462.52,Fashion
ORD004520,CUST2015,2026-09-22,809.26,Grocery
ORD001730,CUST1327,2026-07-20,865.8,Fashion
ORD001528,CUST1257,2026-07-31,1425.96,Fashion
ORD005051,CUST2075,2026-08-05,3254.97,Home & Kitchen
ORD000843,CUST0843,2026-04-28,1258.76,Fashion
ORD002931,CUST1726,2026-06-24,507.19,Fashion
ORD011932,CUST2496,2026-09-29,3735.06,Fashion
ORD000059,CUST0059,2026-05-25,885.63,Beauty
ORD011288,CUST2475,2026-07-25,2063.31,Home & Kitchen
ORD002866,CUST1705,2026-03-31,3758.97,Home & Kitchen
ORD006835,CUST2267,2026-06-20,2203.91,Home & Kitchen
ORD007370,CUST2295,2026-08-17,1444.71,Beauty
ORD002292,CUST1512,2026-09-29,1675.43,Fashion
ORD010611,CUST2451,2026-09-17,858.5,Fashion
ORD000084,CUST0084,2026-04-01,567.89,Fashion
ORD005365,CUST2111,2026-09-23,585.58,Fashion
ORD007278,CUST2290,2026-09-18,1314.14,Home & Kitchen
ORD001946,CUST1399,2026-09-26,1201.42,Beauty
ORD011419,CUST2479,2026-05-16,2746.95,Home & Kitchen
ORD001650,CUST1300,2026-09-29,2533.85,Electronics
ORD006204,CUST2212,2026-07-12,1162.15,Beauty
ORD004706,CUST2035,2026-09-27,3675.76,Home & Kitchen
ORD002725,CUST1658,2026-09-23,1440.54,Fashion
ORD007009,CUST2277,2026-07-13,1927.52,Fashion
ORD005615,CUST2140,2026-08-22,2935.27,Fashion
ORD000415,CUST0415,2026-02-15,337.6,Grocery
ORD007692,CUST2312,2026-09-03,11964.44,Electronics
ORD011475,CUST2481,2026-04-06,422.98,Grocery
ORD002451,CUST1568,2026-06-29,776.65,Fashion
ORD006809,CUST2266,2026-04-17,625.68,Grocery
ORD011774,CUST2492,2026-09-05,8223.77,Electronics
ORD007750,CUST2316,2026-04-11,20072.8,Electronics
ORD012067,CUST2500,2026-09-17,2127.38,Fashion
ORD006084,CUST2198,2026-09-09,855.9,Grocery
ORD004399,CUST2001,2026-08-22,756.78,Grocery
ORD009779,CUST2423,2026-08-13,2346.07,Fashion
ORD011753,CUST2491,2026-08-19,4328.66,Electronics
ORD007712,CUST2314,2026-08-11,635.99,Grocery
ORD011484,CUST2481,2026-07-19,278.97,Grocery
ORD002908,CUST1718,2026-08-28,5986.62,Home & Kitchen
ORD008698,CUST2368,2026-07-16,1910.17,Fashion
ORD006703,CUST2260,2026-07-20,2714.11,Electronics
ORD003539,CUST1896,2026-09-22,722.34,Grocery
ORD002134,CUST1460,2026-09-13,3834.95,Home & Kitchen
ORD001898,CUST1385,2026-08-16,2063.04,Home & Kitchen
ORD010053,CUST2432,2026-08-23,4444.74,Home & Kitchen
ORD010290,CUST2441,2026-03-10,18747.62,Electronics
ORD008893,CUST2378,2026-09-14,2760.86,Home & Kitchen
ORD008795,CUST2372,2026-09-27,1342.01,Fashion
ORD009361,CUST2402,2026-08-09,3821.08,Fashion
ORD008301,CUST2347,2026-09-29,562.57,Grocery
ORD011892,CUST2495,2026-09-15,10987.94,Electronics
ORD001818,CUST1359,2026-07-18,1767.86,Fashion
ORD011792,CUST2492,2026-09-16,928.19,Grocery
ORD001938,CUST1396,2026-08-03,4710.82,Home & Kitchen
ORD000338,CUST0338,2026-09-09,693.48,Grocery
ORD005666,CUST2146,2026-09-24,10153.09,Electronics
ORD002336,CUST1529,2026-06-29,618.08,Beauty
ORD011567,CUST2484,2026-09-28,439.69,Beauty
ORD002073,CUST1441,2026-02-09,6625.46,Electronics
ORD005636,CUST2142,2026-09-24,389.33,Grocery
ORD001727,CUST1326,2026-07-06,601.84,Beauty
ORD010578,CUST2450,2026-09-30,33682.57,Electronics
ORD001048,CUST1048,2026-02-08,3280.42,Fashion
ORD005345,CUST2109,2026-07-12,804.01,Grocery
ORD009210,CUST2395,2026-08-05,742.62,Fashion
ORD002816,CUST1686,2026-09-23,1111.48,Fashion
ORD004925,CUST2060,2026-07-18,1791.97,Home & Kitchen
ORD009696,CUST2419,2026-06-24,3511.23,Electronics
ORD002321,CUST1524,2026-06-17,8408.03,Electronics
ORD005412,CUST2117,2026-06-24,963.38,Fashion
ORD005008,CUST2069,2026-07-04,2116.03,Home & Kitchen
ORD009071,CUST2388,2026-06-26,7320.93,Electronics
ORD011661,CUST2488,2026-09-17,10439.65,Electronics
ORD003387,CUST1878,2026-09-20,1394.35,Fashion
ORD003615,CUST1906,2026-09-21,1419.31,Fashion
ORD005617,CUST2140,2026-09-01,990.8,Beauty
ORD000767,CUST0767,2026-05-11,1460.55,Fashion
ORD002862,CUST1703,2026-08-20,1421.28,Fashion
ORD003783,CUST1926,2026-09-10,858.61,Fashion
ORD005080,CUST2078,2026-08-30,519.87,Grocery
ORD004130,CUST1968,2026-09-04,749.62,Grocery
ORD001145,CUST1133,2026-09-07,445.75,Grocery
ORD009965,CUST2429,2026-09-29,6347.86,Electronics
ORD011414,CUST2479,2026-04-04,555.85,Grocery
ORD002511,CUST1587,2026-08-27,493.08,Fashion
ORD004817,CUST2048,2026-06-29,1520.11,Home & Kitchen
ORD002274,CUST1507,2026-03-22,360.18,Grocery
ORD011109,CUST2469,2026-09-06,2847.79,Home & Kitchen
ORD009016,CUST2384,2026-09-10,1909.43,Home & Kitchen
ORD006190,CUST2211,2026-06-28,2886.58,Home & Kitchen
ORD010913,CUST2462,2026-09-25,732.67,Grocery
ORD010919,CUST2462,2026-09-28,4970.53,Electronics
ORD005381,CUST2113,2026-06-24,594.14,Grocery
ORD000103,CUST0103,2026-06-05,3091.5,Fashion
ORD001990,CUST1414,2026-07-27,2247.11,Home & Kitchen
ORD008425,CUST2354,2026-07-20,710.94,Fashion
ORD008252,CUST2344,2026-08-17,603.02,Grocery
ORD002982,CUST1743,2026-07-04,3001.4,Home & Kitchen
ORD000829,CUST0829,2026-01-15,740.69,Grocery
ORD008806,CUST2373,2026-07-10,8974.15,Electronics
ORD007768,CUST2316,2026-07-29,1149.63,Beauty
ORD001673,CUST1307,2026-09-19,256.08,Grocery
ORD011755,CUST2491,2026-08-20,1378.9,Fashion
ORD009148,CUST2392,2026-09-23,9572.22,Electronics
ORD006909,CUST2271,2026-08-14,299.38,Beauty
ORD008306,CUST2348,2026-03-02,7086.4,Electronics
ORD010856,CUST2460,2026-09-25,4553.15,Electronics
ORD002857,CUST1702,2026-05-27,583.37,Beauty
ORD004786,CUST2045,2026-06-24,3798.9,Home & Kitchen
ORD001809,CUST1355,2026-07-01,565.27,Beauty
ORD009976,CUST2430,2026-05-25,2326.36,Fashion
ORD002276,CUST1507,2026-07-13,5081.9,Electronics
ORD003762,CUST1924,2026-05-26,16247.64,Electronics
ORD004581,CUST2022,2026-08-07,9211.66,Electronics
ORD008540,CUST2360,2026-08-09,2878.86,Home & Kitchen
ORD007725,CUST2314,2026-09-18,3132.88,Home & Kitchen
ORD008645,CUST2365,2026-09-06,8591.88,Electronics
ORD002046,CUST1432,2026-09-05,2175.32,Home & Kitchen
ORD009612,CUST2414,2026-09-03,681.57,Grocery
ORD004054,CUST1960,2026-09-21,743.34,Fashion
ORD005121,CUST2082,2026-09-12,754.52,Grocery
ORD005681,CUST2148,2026-07-29,1354.1,Beauty
ORD001296,CUST1182,2026-04-27,662.43,Beauty
ORD005737,CUST2154,2026-08-13,2264.17,Home & Kitchen
ORD000592,CUST0592,2026-04-26,399.47,Grocery
ORD010588,CUST2451,2026-07-10,30382.94,Electronics
ORD000222,CUST0222,2026-02-23,1027.27,Home & Kitchen
ORD008941,CUST2380,2026-09-30,3545.3,Home & Kitchen
ORD000445,CUST0445,2026-09-27,891.73,Grocery
ORD011459,CUST2480,2026-09-19,6412.6,Electronics
ORD008483,CUST2357,2026-05-25,3466.38,Home & Kitchen
ORD000859,CUST0859,2026-08-13,744.35,Beauty
ORD010762,CUST2457,2026-05-09,1000.56,Fashion
ORD005046,CUST2074,2026-06-09,643.08,Fashion
ORD004792,CUST2046,2026-03-20,315.87,Grocery
ORD007022,CUST2278,2026-06-28,3009.71,Home & Kitchen
ORD000842,CUST0842,2026-06-13,3729.31,Home & Kitchen
ORD005923,CUST2176,2026-09-15,5605.99,Electronics
ORD008470,CUST2356,2026-09-20,644.45,Fashion
ORD006238,CUST2217,2026-08-13,2515.72,Home & Kitchen
ORD005736,CUST2154,2026-08-09,2268.68,Fashion
ORD009811,CUST2424,2026-09-23,2001.42,Fashion
ORD003704,CUST1917,2026-09-29,1408.17,Grocery
ORD000995,CUST0995,2026-08-08,5999.15,Electronics
ORD008343,CUST2350,2026-09-13,847.78,Fashion
ORD006680,CUST2259,2026-09-09,1949.14,Fashion
ORD001555,CUST1267,2026-08-31,1144.01,Fashion
ORD005181,CUST2090,2026-05-02,330.41,Grocery
ORD009310,CUST2400,2026-08-26,1102.88,Home & Kitchen
ORD003773,CUST1925,2026-08-05,928.2,Grocery
ORD008828,CUST2374,2026-08-20,11273.4,Electronics
ORD011377,CUST2478,2026-07-07,4899.99,Electronics
ORD011283,CUST2474,2026-09-19,503.94,Grocery
ORD011657,CUST2488,2026-09-09,7249.45,Electronics
ORD003560,CUST1899,2026-09-14,2317.8,Home & Kitchen
ORD004882,CUST2055,2026-05-29,2739.76,Home & Kitchen
ORD002849,CUST1699,2026-05-17,476.74,Fashion
ORD009586,CUST2413,2026-09-26,7255.24,Electronics
ORD011491,CUST2481,2026-08-26,6378.97,Electronics
ORD004004,CUST1954,2026-01-02,1997.84,Home & Kitchen
ORD002514,CUST1588,2026-08-03,1083.74,Fashion
ORD007448,CUST2299,2026-09-25,11205.16,Electronics
ORD001464,CUST1239,2026-07-14,1458.1,Fashion
ORD010559,CUST2450,2026-09-22,1583.84,Grocery
ORD009971,CUST2430,2026-04-23,1016.52,Fashion
ORD011915,CUST2495,2026-09-29,3383.53,Home & Kitchen
ORD006568,CUST2253,2026-09-06,1491.73,Grocery
ORD002836,CUST1693,2026-09-24,10324.23,Electronics
ORD004490,CUST2012,2026-09-28,2251.24,Fashion
ORD006912,CUST2271,2026-08-27,1639.71,Beauty
ORD002234,CUST1495,2026-08-02,524.31,Grocery
ORD003051,CUST1765,2026-09-30,579.36,Grocery
ORD007977,CUST2328,2026-08-29,394.56,Grocery
ORD004744,CUST2040,2026-08-16,1556.27,Home & Kitchen
ORD000401,CUST0401,2026-08-11,555.02,Beauty
ORD003861,CUST1936,2026-07-07,1197.93,Beauty
ORD006254,CUST2218,2026-08-12,5458.09,Electronics
ORD003873,CUST1937,2026-08-12,1340.45,Fashion
ORD010638,CUST2452,2026-09-28,2138.46,Home & Kitchen
ORD008426,CUST2354,2026-07-27,8286.19,Electronics
ORD011798,CUST2492,2026-09-22,546.65,Grocery
ORD002805,CUST1683,2026-05-18,648.84,Beauty
ORD005039,CUST2072,2026-09-20,1075.18,Beauty
ORD010005,CUST2430,2026-09-13,4225.82,Home & Kitchen
ORD009797,CUST2424,2026-06-03,1006.16,Home & Kitchen
ORD001024,CUST1024,2026-09-23,2983.83,Home & Kitchen
ORD003299,CUST1852,2026-03-13,517.15,Beauty
ORD004238,CUST1981,2026-07-12,1275.74,Home & Kitchen
ORD005050,CUST2075,2026-07-28,10058.86,Electronics
ORD000060,CUST0060,2026-08-09,765.62,Beauty
ORD008745,CUST2370,2026-06-26,457.95,Fashion
ORD005153,CUST2087,2026-09-08,4598.39,Home & Kitchen
ORD005841,CUST2167,2026-04-17,410.7,Grocery
ORD009741,CUST2420,2026-09-30,1742.47,Fashion
ORD009831,CUST2426,2026-05-17,13480.81,Electronics
ORD001329,CUST1194,2026-06-23,930.85,Grocery
ORD006756,CUST2262,2026-09-30,499.94,Grocery
ORD003352,CUST1870,2026-09-22,307.48,Grocery
ORD007031,CUST2278,2026-08-31,1929.43,Beauty
ORD000169,CUST0169,2026-08-29,6354.23,Electronics
ORD003280,CUST1844,2026-09-06,13716.13,Electronics
ORD010298,CUST2441,2026-05-23,7196.91,Electronics
ORD004382,CUST1999,2026-09-08,275.4,Grocery
ORD011631,CUST2487,2026-08-16,3821.23,Electronics
ORD011327,CUST2476,2026-09-01,10966.88,Electronics
ORD001551,CUST1266,2026-09-28,788.88,Beauty
ORD001010,CUST1010,2026-09-07,6648.78,Electronics
ORD004044,CUST1959,2026-09-21,1291.81,Home & Kitchen
ORD002555,CUST1601,2026-06-18,2219.7,Home & Kitchen
ORD007182,CUST2285,2026-09-25,11266.17,Electronics
ORD001613,CUST1287,2026-05-21,600.84,Fashion
ORD002738,CUST1662,2026-08-18,402.25,Grocery
ORD003456,CUST1887,2026-04-11,14159.97,Electronics
ORD008010,CUST2330,2026-05-12,993.95,Fashion
ORD004831,CUST2050,2026-09-06,1112.28,Home & Kitchen
ORD008650,CUST2366,2026-03-30,4684.51,Electronics
ORD000649,CUST0649,2026-02-01,1473.14,Beauty
ORD006147,CUST2206,2026-07-22,961.37,Fashion
ORD002863,CUST1704,2026-04-26,837.56,Home & Kitchen
ORD000880,CUST0880,2026-08-08,4532.11,Home & Kitchen
ORD007525,CUST2303,2026-08-15,573.09,Grocery
ORD003838,CUST1934,2026-08-09,234.91,Fashion
ORD011219,CUST2473,2026-06-10,5600.11,Electronics
ORD002304,CUST1517,2026-08-02,7458.47,Electronics
ORD008347,CUST2350,2026-09-17,722.65,Grocery
ORD001625,CUST1291,2026-09-17,3259.08,Home & Kitchen
ORD000551,CUST0551,2026-08-16,1230.84,Fashion
ORD003949,CUST1947,2026-07-24,832.09,Fashion
ORD007035,CUST2278,2026-09-07,2852.32,Electronics
ORD009076,CUST2388,2026-08-07,1639.0,Home & Kitchen
ORD006796,CUST2265,2026-09-18,858.54,Fashion
ORD007845,CUST2320,2026-09-29,1163.11,Beauty
ORD008541,CUST2360,2026-08-16,14074.64,Electronics
ORD006276,CUST2220,2026-09-27,10029.86,Electronics
ORD000212,CUST0212,2026-08-07,916.74,Beauty
ORD010100,CUST2433,2026-09-22,953.23,Beauty
ORD005759,CUST2156,2026-09-16,14784.74,Electronics
ORD009690,CUST2418,2026-09-24,347.01,Grocery
ORD003233,CUST1827,2026-09-19,753.7,Fashion
ORD005800,CUST2162,2026-02-08,3613.9,Electronics
ORD007953,CUST2327,2026-08-31,360.53,Grocery
ORD003544,CUST1897,2026-09-13,644.96,Grocery
ORD000069,CUST0069,2026-02-21,239.83,Grocery
ORD001439,CUST1230,2026-09-19,1700.74,Home & Kitchen
ORD002516,CUST1589,2026-04-22,683.0,Fashion
ORD002869,CUST1706,2026-09-22,14814.14,Electronics
ORD003964,CUST1949,2026-03-13,7368.62,Electronics
ORD002435,CUST1562,2026-09-30,5899.82,Fashion
ORD006672,CUST2259,2026-08-26,1386.32,Fashion
ORD010145,CUST2435,2026-05-30,14470.85,Electronics
ORD000697,CUST0697,2026-08-22,328.62,Beauty
ORD009223,CUST2396,2026-05-09,1172.15,Beauty
ORD003943,CUST1946,2026-08-26,1279.14,Fashion
ORD010090,CUST2433,2026-08-30,4625.83,Electronics
ORD008975,CUST2382,2026-09-27,791.38,Fashion
ORD008142,CUST2338,2026-09-17,482.62,Grocery
ORD006753,CUST2262,2026-09-28,5736.39,Home & Kitchen
ORD007225,CUST2288,2026-08-20,10091.0,Electronics
ORD001315,CUST1189,2026-09-07,2160.18,Home & Kitchen
ORD006879,CUST2269,2026-09-26,3310.27,Home & Kitchen
ORD008481,CUST2357,2026-05-11,879.79,Beauty
ORD005630,CUST2142,2026-09-03,1190.36,Fashion
ORD009703,CUST2419,2026-08-17,5955.19,Electronics
ORD003980,CUST1951,2026-09-10,2159.91,Home & Kitchen
ORD010460,CUST2446,2026-08-06,7340.97,Electronics
ORD000013,CUST0013,2026-02-21,1616.08,Home & Kitchen
ORD000773,CUST0773,2026-07-01,2128.06,Fashion
ORD000819,CUST0819,2026-07-04,1587.22,Fashion
ORD011359,CUST2477,2026-08-23,15931.74,Electronics
ORD002785,CUST1677,2026-04-14,3650.51,Home & Kitchen
ORD001347,CUST1199,2026-07-27,1959.67,Fashion
ORD009215,CUST2395,2026-09-28,359.02,Fashion
ORD010452,CUST2446,2026-07-11,206.58,Grocery
ORD000454,CUST0454,2026-09-20,1404.14,Fashion
ORD006364,CUST2230,2026-08-30,3321.87,Electronics
ORD011705,CUST2490,2026-05-18,1171.82,Fashion
ORD001657,CUST1302,2026-08-26,568.95,Beauty
ORD003458,CUST1887,2026-06-12,477.88,Grocery
ORD004300,CUST1988,2026-07-04,375.39,Beauty
ORD010553,CUST2449,2026-09-30,823.62,Grocery
ORD009502,CUST2409,2026-09-29,2080.69,Home & Kitchen
ORD002909,CUST1719,2026-05-12,608.48,Beauty
ORD006598,CUST2255,2026-09-26,3800.17,Electronics
ORD000941,CUST0941,2026-05-08,5814.44,Electronics
ORD004375,CUST1998,2026-08-25,1343.71,Home & Kitchen
ORD011205,CUST2472,2026-09-28,3504.0,Fashion
ORD009755,CUST2421,2026-09-19,795.85,Grocery
ORD005196,CUST2092,2026-07-05,1008.8,Grocery
ORD008378,CUST2352,2026-08-12,3763.59,Home & Kitchen
ORD005415,CUST2117,2026-08-30,5138.97,Electronics
ORD006334,CUST2227,2026-07-30,1649.42,Fashion
ORD001401,CUST1218,2026-05-03,879.58,Fashion
ORD000031,CUST0031,2026-05-28,850.67,Fashion
ORD003678,CUST1915,2026-04-17,868.5,Fashion
ORD007245,CUST2289,2026-05-09,1108.11,Home & Kitchen
ORD005633,CUST2142,2026-09-14,321.62,Grocery
ORD005704,CUST2150,2026-08-18,1008.99,Fashion
ORD005518,CUST2129,2026-09-28,2770.64,Electronics
ORD001109,CUST1109,2026-02-16,11855.49,Electronics
ORD009242,CUST2397,2026-08-10,2067.21,Home & Kitchen
ORD010926,CUST2463,2026-08-13,1871.79,Home & Kitchen
ORD003230,CUST1827,2026-01-05,1833.08,Home & Kitchen
ORD004982,CUST2066,2026-07-22,1099.62,Beauty
ORD007568,CUST2306,2026-05-06,1114.66,Home & Kitchen
ORD008218,CUST2342,2026-08-29,4091.88,Home & Kitchen
ORD003320,CUST1859,2026-08-17,1021.8,Home & Kitchen
ORD006736,CUST2262,2026-08-19,323.16,Beauty
ORD005845,CUST2167,2026-07-24,13282.08,Electronics
ORD007235,CUST2288,2026-09-15,2541.07,Electronics
ORD011593,CUST2485,2026-09-23,22028.18,Electronics
ORD006249,CUST2218,2026-07-16,2387.12,Home & Kitchen
ORD009038,CUST2386,2026-06-05,2501.31,Home & Kitchen
ORD001564,CUST1271,2026-01-20,298.82,Grocery
ORD009995,CUST2430,2026-08-10,6416.2,Electronics
ORD005273,CUST2101,2026-06-12,7402.9,Electronics
ORD003072,CUST1772,2026-09-21,5105.45,Electronics
ORD009407,CUST2405,2026-09-24,7572.17,Electronics
ORD009572,CUST2413,2026-07-20,1745.47,Home & Kitchen
ORD006347,CUST2229,2026-09-22,1263.22,Grocery
ORD010125,CUST2434,2026-08-28,16037.3,Electronics
ORD004983,CUST2066,2026-08-10,11477.73,Electronics
ORD009202,CUST2395,2026-04-30,1291.27,Home & Kitchen
ORD007713,CUST2314,2026-08-16,499.04,Grocery
ORD005290,CUST2103,2026-06-20,816.0,Fashion
ORD010490,CUST2447,2026-09-12,11936.43,Electronics
ORD011819,CUST2493,2026-09-29,314.01,Grocery
ORD011458,CUST2480,2026-09-17,7922.18,Electronics
ORD002214,CUST1489,2026-01-27,366.27,Grocery
ORD011797,CUST2492,2026-09-21,3409.18,Fashion
ORD005887,CUST2172,2026-06-07,3103.04,Home & Kitchen
ORD009642,CUST2416,2026-07-27,1783.61,Fashion
ORD006307,CUST2224,2026-05-18,306.29,Grocery
ORD002112,CUST1454,2026-02-02,473.6,Fashion
ORD009610,CUST2414,2026-08-22,4150.07,Electronics
ORD010944,CUST2463,2026-09-03,3513.37,Electronics
ORD008329,CUST2349,2026-09-23,3537.93,Home & Kitchen
ORD004677,CUST2032,2026-04-26,1770.09,Home & Kitchen
ORD010911,CUST2462,2026-09-23,12682.7,Electronics
ORD009074,CUST2388,2026-07-19,3136.21,Home & Kitchen
ORD004985,CUST2066,2026-08-28,2899.34,Home & Kitchen
ORD006253,CUST2218,2026-08-03,5324.79,Electronics
ORD009698,CUST2419,2026-06-30,1417.63,Grocery
ORD007441,CUST2299,2026-09-22,8974.93,Electronics
ORD000356,CUST0356,2026-09-01,1967.14,Fashion
ORD001430,CUST1227,2026-09-09,2972.92,Home & Kitchen
ORD005772,CUST2158,2026-08-22,919.29,Grocery
ORD008590,CUST2362,2026-07-26,6182.47,Home & Kitchen
ORD008741,CUST2369,2026-09-23,5528.32,Home & Kitchen
ORD009715,CUST2419,2026-09-23,603.93,Fashion
ORD000333,CUST0333,2026-05-13,492.82,Beauty
ORD006399,CUST2235,2026-07-27,3281.67,Fashion
ORD010924,CUST2463,2026-08-10,13220.28,Electronics
ORD000965,CUST0965,2026-02-27,3615.91,Home & Kitchen
ORD000121,CUST0121,2026-05-20,754.09,Grocery
ORD006479,CUST2244,2026-09-05,12536.65,Electronics
ORD003282,CUST1845,2026-09-27,829.87,Grocery
ORD011105,CUST2469,2026-09-01,9246.1,Electronics
ORD002545,CUST1597,2026-07-28,543.59,Fashion
ORD006924,CUST2272,2026-06-03,637.25,Grocery
ORD008125,CUST2337,2026-06-18,397.06,Fashion
ORD002886,CUST1711,2026-09-29,508.29,Grocery
ORD008205,CUST2341,2026-08-27,431.68,Grocery
ORD002179,CUST1478,2026-05-13,1246.19,Home & Kitchen
ORD011440,CUST2480,2026-08-06,1706.48,Fashion
ORD007074,CUST2280,2026-09-01,1887.96,Home & Kitchen
ORD006450,CUST2240,2026-08-20,1256.75,Beauty
ORD003124,CUST1788,2026-07-19,1007.7,Fashion
ORD011968,CUST2497,2026-09-20,1519.8,Fashion
ORD001545,CUST1264,2026-03-25,5171.27,Electronics
ORD007873,CUST2322,2026-05-21,767.83,Grocery
ORD011487,CUST2481,2026-08-04,2566.17,Home & Kitchen
ORD008669,CUST2366,2026-09-12,4626.7,Electronics
ORD009084,CUST2389,2026-07-18,372.8,Fashion
ORD008385,CUST2352,2026-09-06,962.68,Beauty
ORD006312,CUST2224,2026-09-01,1767.95,Home & Kitchen
ORD008058,CUST2332,2026-09-09,8950.17,Electronics
ORD011865,CUST2494,2026-07-16,3833.03,Fashion
ORD009972,CUST2430,2026-04-30,8544.46,Electronics
ORD006274,CUST2220,2026-09-24,8866.33,Electronics
ORD011497,CUST2482,2026-07-22,1451.25,Fashion
ORD007755,CUST2316,2026-06-14,17940.26,Electronics
ORD007786,CUST2317,2026-09-20,407.42,Grocery
ORD001562,CUST1270,2026-03-12,567.0,Grocery
ORD007052,CUST2279,2026-08-19,7371.79,Electronics
ORD005100,CUST2080,2026-09-12,2067.53,Home & Kitchen
ORD006175,CUST2209,2026-08-15,930.64,Beauty
ORD001096,CUST1096,2026-06-22,732.54,Grocery
ORD008613,CUST2363,2026-08-16,468.31,Grocery
ORD003288,CUST1848,2026-09-28,1557.98,Home & Kitchen
ORD009994,CUST2430,2026-08-08,6308.82,Electronics
ORD011245,CUST2473,2026-09-30,315.22,Grocery
ORD002606,CUST1618,2026-09-27,740.55,Grocery
ORD001393,CUST1215,2026-09-03,3767.54,Electronics
ORD011793,CUST2492,2026-09-18,55056.39,Electronics
ORD010445,CUST2446,2026-06-13,6331.19,Electronics
ORD000753,CUST0753,2026-07-12,563.63,Grocery
ORD007253,CUST2289,2026-07-22,661.37,Grocery
ORD003738,CUST1921,2026-09-15,316.7,Grocery
ORD011813,CUST2493,2026-09-28,1732.01,Fashion
ORD010312,CUST2441,2026-08-21,3672.76,Electronics
ORD003216,CUST1822,2026-09-11,1074.35,Beauty
ORD009970,CUST2429,2026-09-30,2517.24,Home & Kitchen
ORD005359,CUST2111,2026-07-29,1986.84,Electronics
ORD001778,CUST1345,2026-09-07,7854.27,Electronics
ORD004114,CUST1966,2026-09-18,853.24,Grocery
ORD001771,CUST1342,2026-02-12,587.12,Grocery
ORD010291,CUST2441,2026-03-15,533.92,Fashion
ORD005164,CUST2088,2026-08-09,2245.06,Fashion
ORD003023,CUST1757,2026-07-02,636.81,Beauty
ORD004229,CUST1979,2026-09-27,1405.21,Fashion
ORD003013,CUST1753,2026-04-21,309.57,Grocery
ORD011018,CUST2466,2026-06-06,2931.75,Electronics
ORD006770,CUST2263,2026-09-27,3497.83,Electronics
ORD011860,CUST2494,2026-06-25,8112.48,Electronics
ORD009285,CUST2399,2026-05-02,2551.27,Home & Kitchen
ORD004464,CUST2009,2026-09-30,797.82,Grocery
ORD000528,CUST0528,2026-05-16,593.37,Beauty
ORD006605,CUST2255,2026-09-30,2377.2,Home & Kitchen
ORD007727,CUST2314,2026-09-21,2203.38,Home & Kitchen
ORD001920,CUST1391,2026-09-29,827.16,Fashion
ORD000702,CUST0702,2026-01-17,334.74,Fashion
ORD006012,CUST2188,2026-08-18,4737.46,Home & Kitchen
ORD004354,CUST1995,2026-08-18,922.38,Fashion
ORD009571,CUST2413,2026-07-15,1728.8,Home & Kitchen
ORD001299,CUST1183,2026-01-29,1000.93,Beauty
ORD001353,CUST1201,2026-09-30,540.75,Grocery
ORD002927,CUST1725,2026-06-03,6099.58,Electronics
ORD010891,CUST2461,2026-09-12,504.94,Grocery
ORD001288,CUST1180,2026-03-22,2588.05,Fashion
ORD006358,CUST2230,2026-01-05,775.4,Grocery
ORD009895,CUST2427,2026-09-16,7319.39,Electronics
ORD005941,CUST2179,2026-07-15,888.69,Beauty
ORD003698,CUST1917,2026-06-16,435.49,Grocery
ORD002014,CUST1422,2026-06-10,896.93,Fashion
ORD010587,CUST2451,2026-07-10,2356.64,Home & Kitchen
ORD005307,CUST2104,2026-08-12,4899.99,Electronics
ORD007147,CUST2284,2026-06-14,1687.08,Beauty
ORD002148,CUST1465,2026-09-22,1728.3,Fashion
ORD005610,CUST2140,2026-07-09,548.83,Beauty
ORD006046,CUST2192,2026-09-30,1409.27,Beauty
ORD009190,CUST2394,2026-08-19,643.94,Grocery
ORD006301,CUST2223,2026-07-01,510.95,Fashion
ORD008722,CUST2369,2026-07-24,9125.76,Electronics
ORD007853,CUST2321,2026-04-17,6987.15,Electronics
ORD007966,CUST2327,2026-09-27,469.69,Grocery
ORD007590,CUST2307,2026-09-08,5647.19,Home & Kitchen
ORD008850,CUST2375,2026-09-15,773.95,Grocery
ORD000811,CUST0811,2026-06-06,1956.76,Home & Kitchen
ORD006293,CUST2222,2026-08-12,10343.13,Electronics
ORD002074,CUST1441,2026-03-11,324.71,Fashion
ORD008422,CUST2354,2026-06-19,5995.16,Electronics
ORD008874,CUST2377,2026-05-29,861.21,Fashion
ORD000886,CUST0886,2026-05-28,359.93,Fashion
ORD001478,CUST1243,2026-06-25,2657.99,Home & Kitchen
ORD001791,CUST1349,2026-08-11,2220.33,Fashion
ORD005295,CUST2103,2026-09-02,3486.77,Home & Kitchen
ORD002009,CUST1421,2026-02-26,1560.66,Home & Kitchen
ORD005728,CUST2153,2026-07-22,1488.26,Home & Kitchen
ORD000683,CUST0683,2026-09-20,1078.31,Fashion
ORD003896,CUST1940,2026-09-29,937.4,Fashion
ORD004994,CUST2068,2026-07-09,7386.46,Electronics
ORD006119,CUST2203,2026-09-14,850.4,Fashion
ORD004346,CUST1993,2026-09-16,6858.26,Electronics
ORD000058,CUST0058,2026-09-18,834.65,Fashion
ORD008903,CUST2379,2026-09-27,581.13,Grocery
ORD002400,CUST1552,2026-07-06,946.68,Fashion
ORD005611,CUST2140,2026-07-14,8535.28,Home & Kitchen
ORD011626,CUST2487,2026-07-19,3386.66,Home & Kitchen
ORD011338,CUST2476,2026-09-19,1408.27,Beauty
ORD011616,CUST2487,2026-04-26,1354.46,Beauty
ORD006826,CUST2267,2026-01-28,1078.27,Fashion
ORD001469,CUST1240,2026-06-19,5812.66,Electronics
ORD001417,CUST1223,2026-01-28,8120.72,Electronics
ORD007866,CUST2322,2026-03-08,8294.29,Electronics
ORD002359,CUST1537,2026-08-24,1212.32,Fashion
ORD006966,CUST2274,2026-09-14,4882.68,Electronics
ORD004681,CUST2032,2026-08-19,9077.99,Electronics
ORD010297,CUST2441,2026-05-09,2220.54,Fashion
ORD010240,CUST2439,2026-06-26,4202.18,Electronics
ORD011075,CUST2467,2026-09-24,6660.56,Electronics
ORD003870,CUST1937,2026-07-30,466.68,Fashion
ORD011583,CUST2485,2026-07-10,5235.18,Electronics
ORD004336,CUST1992,2026-05-19,6170.2,Electronics
ORD004443,CUST2007,2026-09-06,530.83,Grocery
ORD008525,CUST2359,2026-09-07,837.09,Beauty
ORD009519,CUST2410,2026-08-05,2347.75,Home & Kitchen
ORD001056,CUST1056,2026-03-15,4855.83,Electronics
ORD002282,CUST1509,2026-08-26,12368.59,Electronics
ORD004935,CUST2061,2026-08-25,4938.79,Electronics
ORD001925,CUST1393,2026-05-31,2895.3,Home & Kitchen
ORD010907,CUST2462,2026-09-22,4542.29,Electronics
ORD001076,CUST1076,2026-09-25,2666.6,Home & Kitchen
ORD001116,CUST1116,2026-09-01,1057.27,Fashion
ORD003937,CUST1945,2026-07-31,1713.17,Fashion
ORD003534,CUST1896,2026-06-27,4004.5,Fashion
ORD006599,CUST2255,2026-09-26,1174.45,Grocery
ORD000461,CUST0461,2026-02-16,19081.55,Electronics
ORD003033,CUST1760,2026-07-30,1049.58,Home & Kitchen
ORD004208,CUST1977,2026-08-09,4073.25,Electronics
ORD010757,CUST2457,2026-04-11,10213.76,Fashion
ORD001453,CUST1235,2026-09-15,1844.27,Home & Kitchen
ORD002150,CUST1466,2026-06-14,5200.63,Electronics
ORD000320,CUST0320,2026-09-21,1562.01,Fashion
ORD004903,CUST2058,2026-09-26,17156.02,Electronics
ORD001923,CUST1392,2026-09-05,1450.84,Fashion
ORD008402,CUST2353,2026-09-10,3513.16,Home & Kitchen
ORD010729,CUST2455,2026-09-06,9218.02,Electronics
ORD005398,CUST2115,2026-07-25,575.98,Beauty
ORD009757,CUST2422,2026-06-06,513.04,Beauty
ORD006168,CUST2208,2026-09-27,1657.74,Home & Kitchen
ORD002130,CUST1459,2026-09-08,16497.47,Electronics
ORD005817,CUST2164,2026-07-05,18463.11,Electronics
ORD009252,CUST2397,2026-09-05,961.59,Fashion
ORD007721,CUST2314,2026-09-03,13467.98,Electronics
ORD001053,CUST1053,2026-04-04,1625.41,Home & Kitchen
ORD005829,CUST2165,2026-06-29,326.45,Grocery
ORD008303,CUST2347,2026-09-30,7436.51,Electronics
ORD004068,CUST1962,2026-06-05,8022.66,Electronics
ORD001457,CUST1236,2026-09-30,882.21,Fashion
ORD005361,CUST2111,2026-08-22,5963.5,Electronics
ORD000362,CUST0362,2026-04-14,1432.01,Fashion
ORD011918,CUST2496,2026-09-28,10214.12,Electronics
ORD003146,CUST1796,2026-08-02,1455.41,Fashion
ORD005419,CUST2118,2026-07-20,4165.2,Home & Kitchen
ORD008826,CUST2374,2026-08-18,3593.1,Home & Kitchen
ORD009629,CUST2415,2026-08-13,4665.11,Home & Kitchen
ORD008421,CUST2354,2026-06-05,750.68,Grocery
ORD004465,CUST2009,2026-09-30,2695.32,Home & Kitchen
ORD007397,CUST2296,2026-09-21,1518.94,Home & Kitchen
ORD000541,CUST0541,2026-07-16,633.45,Grocery
ORD007121,CUST2283,2026-08-20,4683.44,Home & Kitchen
ORD010229,CUST2438,2026-09-23,2691.61,Home & Kitchen
ORD006370,CUST2231,2026-07-22,6349.29,Electronics
ORD010898,CUST2462,2026-09-12,592.4,Grocery
ORD000755,CUST0755,2026-06-25,4070.49,Fashion
ORD005279,CUST2101,2026-09-29,531.02,Beauty
ORD002004,CUST1419,2026-06-07,579.51,Grocery
ORD002543,CUST1597,2026-04-17,2178.9,Home & Kitchen
ORD005779,CUST2158,2026-09-30,3252.49,Home & Kitchen
ORD004861,CUST2053,2026-09-20,752.65,Fashion
ORD007820,CUST2319,2026-07-17,773.17,Grocery
ORD004272,CUST1985,2026-06-15,3707.52,Electronics
ORD000101,CUST0101,2026-09-01,2168.03,Home & Kitchen
ORD011086,CUST2468,2026-09-17,1762.15,Home & Kitchen
ORD000602,CUST0602,2026-08-11,5727.57,Home & Kitchen
ORD010768,CUST2457,2026-07-03,10672.0,Electronics
ORD010119,CUST2434,2026-08-05,1102.98,Home & Kitchen
ORD007274,CUST2290,2026-09-17,414.35,Grocery
ORD001045,CUST1045,2026-01-24,1175.75,Beauty
ORD009368,CUST2403,2026-07-24,1572.26,Fashion
ORD001558,CUST1268,2026-07-02,2051.72,Beauty
ORD001488,CUST1245,2026-08-19,640.63,Grocery
ORD008484,CUST2357,2026-05-29,2675.58,Fashion
ORD011100,CUST2468,2026-09-25,519.55,Grocery
ORD006233,CUST2216,2026-08-23,3600.93,Home & Kitchen
ORD002116,CUST1455,2026-06-11,1223.18,Home & Kitchen
ORD008512,CUST2358,2026-07-23,2374.41,Home & Kitchen
ORD000619,CUST0619,2026-03-18,1572.12,Home & Kitchen
ORD004930,CUST2060,2026-09-04,1410.31,Fashion
ORD005515,CUST2129,2026-09-27,414.93,Fashion
ORD003397,CUST1879,2026-09-24,427.42,Fashion
ORD001601,CUST1283,2026-05-13,1087.24,Fashion
ORD008298,CUST2347,2026-09-21,5043.39,Home & Kitchen
ORD008467,CUST2356,2026-09-07,3148.53,Home & Kitchen
ORD001616,CUST1288,2026-01-14,2078.35,Home & Kitchen
ORD001753,CUST1335,2026-06-24,1379.84,Fashion
ORD005849,CUST2168,2026-08-28,3170.01,Fashion
ORD002084,CUST1444,2026-08-30,4005.33,Home & Kitchen
ORD009463,CUST2407,2026-07-26,2132.84,Fashion
ORD008680,CUST2367,2026-06-04,3674.1,Home & Kitchen
ORD009364,CUST2402,2026-09-08,377.73,Grocery
ORD006735,CUST2261,2026-09-30,1063.24,Home & Kitchen
ORD009444,CUST2406,2026-09-13,7129.76,Electronics
ORD000676,CUST0676,2026-07-06,637.02,Grocery
ORD002546,CUST1598,2026-05-05,1321.94,Fashion
ORD006388,CUST2233,2026-09-29,886.07,Fashion
ORD010057,CUST2432,2026-08-27,562.77,Grocery
ORD004000,CUST1953,2026-09-06,4470.8,Electronics
ORD011470,CUST2481,2026-02-13,1515.88,Fashion
ORD000176,CUST0176,2026-05-12,526.14,Grocery
ORD005581,CUST2137,2026-04-15,1142.84,Grocery
ORD003610,CUST1906,2026-09-05,1290.99,Fashion
ORD009476,CUST2408,2026-09-06,3688.13,Home & Kitchen
ORD003788,CUST1927,2026-07-02,590.78,Grocery
ORD009243,CUST2397,2026-08-13,2930.6,Fashion
ORD002226,CUST1492,2026-08-29,719.39,Grocery
ORD010720,CUST2455,2026-08-17,10210.76,Electronics
ORD005901,CUST2174,2026-03-02,5891.95,Electronics
ORD001127,CUST1126,2026-09-27,950.71,Home & Kitchen
ORD005493,CUST2126,2026-08-29,395.0,Beauty
ORD005895,CUST2173,2026-09-07,756.63,Fashion
ORD002442,CUST1565,2026-09-10,477.07,Grocery
ORD001323,CUST1192,2026-09-27,1605.34,Home & Kitchen
ORD001604,CUST1284,2026-07-13,1070.78,Fashion
ORD004211,CUST1977,2026-09-02,580.97,Grocery
ORD009420,CUST2405,2026-09-29,29203.23,Electronics
ORD010400,CUST2444,2026-09-22,1360.0,Beauty
ORD004066,CUST1961,2026-08-15,410.94,Grocery
ORD007444,CUST2299,2026-09-24,6914.08,Electronics
ORD011289,CUST2475,2026-07-30,1587.61,Beauty
ORD008642,CUST2365,2026-08-28,4355.49,Electronics
ORD004601,CUST2024,2026-05-13,820.16,Beauty
ORD004072,CUST1962,2026-07-04,11240.81,Electronics
ORD001508,CUST1251,2026-07-14,1781.96,Fashion
ORD001560,CUST1269,2026-07-25,8414.71,Electronics
ORD005426,CUST2119,2026-03-19,1373.22,Beauty
ORD004476,CUST2010,2026-09-29,1449.84,Home & Kitchen
ORD009126,CUST2391,2026-09-01,7044.06,Home & Kitchen
ORD009847,CUST2426,2026-07-23,482.79,Fashion
ORD008283,CUST2346,2026-08-21,1125.47,Fashion
ORD001837,CUST1365,2026-06-23,532.5,Fashion
ORD001355,CUST1201,2026-09-30,2262.93,Home & Kitchen
ORD009166,CUST2393,2026-07-28,303.04,Grocery
ORD008319,CUST2348,2026-09-27,1677.32,Fashion
ORD010653,CUST2453,2026-08-05,20983.88,Electronics
ORD010963,CUST2464,2026-03-11,14956.68,Electronics
ORD004033,CUST1957,2026-09-13,1107.28,Fashion
ORD006841,CUST2267,2026-08-05,1126.56,Fashion
ORD011049,CUST2467,2026-07-17,5190.56,Electronics
ORD008539,CUST2360,2026-08-07,1396.56,Fashion
ORD008623,CUST2364,2026-09-29,2130.06,Fashion
ORD002252,CUST1500,2026-07-05,1287.18,Beauty
ORD001026,CUST1026,2026-09-21,662.11,Fashion
ORD008127,CUST2337,2026-06-29,1237.77,Beauty
ORD007106,CUST2282,2026-09-04,8336.88,Electronics
ORD007586,CUST2306,2026-09-29,657.36,Beauty
ORD004585,CUST2022,2026-09-02,1776.6,Fashion
ORD003398,CUST1879,2026-09-26,488.81,Grocery
ORD000314,CUST0314,2026-09-05,1506.66,Fashion
ORD007500,CUST2302,2026-09-23,908.63,Grocery
ORD007772,CUST2316,2026-09-09,6165.9,Electronics
ORD010379,CUST2444,2026-06-05,3404.98,Electronics
ORD004516,CUST2014,2026-09-27,3197.43,Home & Kitchen
ORD004843,CUST2051,2026-05-22,2178.2,Home & Kitchen
ORD005305,CUST2104,2026-06-15,2271.82,Home & Kitchen
ORD002971,CUST1739,2026-08-06,925.32,Fashion
ORD005379,CUST2113,2026-03-06,1345.79,Home & Kitchen
ORD011963,CUST2497,2026-09-08,1873.62,Home & Kitchen
ORD003886,CUST1939,2026-08-29,6333.98,Electronics
ORD011603,CUST2486,2026-08-19,749.74,Grocery
ORD009333,CUST2401,2026-09-17,857.03,Beauty
ORD008631,CUST2364,2026-09-30,316.59,Grocery
ORD009728,CUST2420,2026-08-31,613.46,Grocery
ORD006928,CUST2272,2026-08-03,423.38,Grocery
ORD010681,CUST2454,2026-09-19,5150.8,Electronics
ORD009090,CUST2389,2026-08-19,1626.05,Fashion
ORD010906,CUST2462,2026-09-20,1716.49,Home & Kitchen
ORD009453,CUST2407,2026-04-27,441.3,Grocery
ORD001841,CUST1366,2026-07-03,918.86,Beauty
ORD010971,CUST2464,2026-05-21,4174.01,Home & Kitchen
ORD011035,CUST2466,2026-08-22,538.32,Grocery
ORD003674,CUST1914,2026-02-19,698.36,Beauty
ORD006504,CUST2248,2026-08-31,10464.51,Electronics
ORD010457,CUST2446,2026-07-27,9159.64,Electronics
ORD012051,CUST2500,2026-08-23,763.98,Fashion
ORD003321,CUST1859,2026-08-21,615.39,Fashion
ORD002273,CUST1506,2026-06-28,524.82,Grocery
ORD011343,CUST2477,2026-03-20,6937.22,Electronics
ORD004255,CUST1983,2026-04-20,472.42,Beauty
ORD000848,CUST0848,2026-04-05,3109.53,Home & Kitchen
ORD007038,CUST2278,2026-09-13,2144.75,Fashion
ORD007659,CUST2310,2026-09-16,9002.33,Electronics
ORD005806,CUST2163,2026-09-24,13813.19,Electronics
ORD005770,CUST2157,2026-08-19,639.96,Grocery
ORD004865,CUST2053,2026-09-22,3108.2,Home & Kitchen
ORD001418,CUST1223,2026-06-13,7048.94,Electronics
ORD008643,CUST2365,2026-09-02,544.41,Grocery
ORD003849,CUST1935,2026-06-03,4224.46,Home & Kitchen
ORD000605,CUST0605,2026-01-30,721.85,Home & Kitchen
ORD006700,CUST2260,2026-05-17,423.25,Grocery
ORD002079,CUST1443,2026-08-29,386.41,Grocery
ORD011293,CUST2475,2026-08-05,2539.53,Home & Kitchen
ORD002312,CUST1520,2026-08-28,3115.37,Home & Kitchen
ORD004344,CUST1993,2026-06-20,798.51,Fashion
ORD009430,CUST2406,2026-06-01,1137.08,Fashion
ORD001983,CUST1412,2026-05-28,1222.46,Home & Kitchen
ORD004467,CUST2009,2026-09-30,465.12,Grocery
ORD000200,CUST0200,2026-09-23,354.66,Grocery
ORD000486,CUST0486,2026-03-26,733.77,Grocery
ORD003271,CUST1841,2026-09-03,769.95,Grocery
ORD002824,CUST1689,2026-09-05,739.63,Beauty
ORD003246,CUST1832,2026-09-08,1024.94,Beauty
ORD004454,CUST2008,2026-09-24,8739.18,Electronics
ORD008249,CUST2344,2026-08-06,17079.0,Electronics
ORD010007,CUST2430,2026-09-18,7146.5,Electronics
ORD003750,CUST1923,2026-04-28,331.69,Grocery
ORD009844,CUST2426,2026-07-14,4826.65,Home & Kitchen
ORD009923,CUST2428,2026-07-31,11901.67,Electronics
ORD009864,CUST2426,2026-09-18,2472.34,Fashion
ORD002795,CUST1680,2026-09-30,1616.12,Fashion
ORD004741,CUST2039,2026-07-07,8473.34,Electronics
ORD009882,CUST2427,2026-08-15,6668.8,Electronics
ORD008716,CUST2368,2026-09-25,723.24,Grocery
ORD000525,CUST0525,2026-07-07,333.5,Beauty
ORD000948,CUST0948,2026-05-19,3250.88,Home & Kitchen
ORD011057,CUST2467,2026-08-08,621.9,Beauty
ORD009583,CUST2413,2026-09-17,1131.73,Home & Kitchen
ORD001281,CUST1177,2026-08-29,1287.59,Fashion
ORD000123,CUST0123,2026-04-08,1003.73,Fashion
ORD004367,CUST1997,2026-09-14,340.37,Grocery
ORD010217,CUST2438,2026-08-03,15565.9,Home & Kitchen
ORD011979,CUST2498,2026-06-15,9608.98,Electronics
ORD002303,CUST1516,2026-09-29,583.19,Beauty
ORD010893,CUST2461,2026-09-19,10809.31,Electronics
ORD011194,CUST2472,2026-09-23,3942.82,Fashion
ORD001006,CUST1006,2026-07-10,12259.14,Electronics
ORD003461,CUST1887,2026-07-19,579.39,Beauty
ORD010420,CUST2445,2026-08-07,10846.75,Home & Kitchen
ORD009060,CUST2387,2026-09-04,1478.87,Fashion
ORD010846,CUST2460,2026-09-07,1951.78,Home & Kitchen
ORD003056,CUST1767,2026-09-09,2123.69,Home & Kitchen
ORD003567,CUST1900,2026-04-04,17547.6,Electronics
ORD005734,CUST2153,2026-09-19,5049.05,Home & Kitchen
ORD002133,CUST1460,2026-06-28,8372.54,Electronics
ORD008318,CUST2348,2026-09-03,4017.1,Electronics
ORD005492,CUST2126,2026-07-10,1285.04,Home & Kitchen
ORD005029,CUST2071,2026-08-27,6935.38,Electronics
ORD000230,CUST0230,2026-08-07,2796.67,Home & Kitchen
ORD006248,CUST2217,2026-09-24,8652.09,Electronics
ORD004002,CUST1953,2026-09-21,5848.25,Electronics
ORD011027,CUST2466,2026-07-13,771.93,Beauty
ORD008487,CUST2357,2026-07-02,1022.27,Home & Kitchen
ORD006699,CUST2260,2026-05-07,1921.21,Home & Kitchen
ORD003008,CUST1751,2026-09-10,4020.19,Fashion
ORD009222,CUST2396,2026-05-05,2565.57,Home & Kitchen
ORD004222,CUST1978,2026-06-05,2691.75,Home & Kitchen
ORD007170,CUST2285,2026-08-06,2898.29,Home & Kitchen
ORD010208,CUST2438,2026-07-11,326.65,Beauty
ORD008950,CUST2381,2026-08-19,461.59,Grocery
ORD002751,CUST1666,2026-09-06,1367.1,Home & Kitchen
ORD006409,CUST2236,2026-06-29,1797.94,Fashion
ORD005115,CUST2082,2026-02-01,360.97,Grocery
ORD004377,CUST1999,2026-08-04,5074.76,Electronics
ORD002945,CUST1731,2026-05-10,7710.91,Electronics
ORD006530,CUST2251,2026-05-28,575.07,Fashion
ORD002719,CUST1656,2026-07-07,1578.07,Fashion
ORD006821,CUST2266,2026-09-06,6225.65,Home & Kitchen
ORD011287,CUST2475,2026-07-25,6863.05,Electronics
ORD006701,CUST2260,2026-06-21,2561.89,Home & Kitchen
ORD006113,CUST2202,2026-09-19,317.19,Grocery
ORD011767,CUST2491,2026-09-29,2365.61,Home & Kitchen
ORD006415,CUST2237,2026-04-27,1609.44,Fashion
ORD004162,CUST1972,2026-07-05,2027.74,Home & Kitchen
ORD010294,CUST2441,2026-05-01,6563.6,Electronics
ORD009307,CUST2400,2026-08-22,2798.98,Home & Kitchen
ORD011697,CUST2489,2026-09-04,2858.05,Home & Kitchen
ORD011170,CUST2471,2026-09-05,461.16,Beauty
ORD006323,CUST2226,2026-08-12,590.82,Beauty
ORD010604,CUST2451,2026-08-26,353.39,Grocery
ORD010696,CUST2454,2026-09-28,11710.05,Electronics
ORD006042,CUST2192,2026-09-07,1310.21,Fashion
ORD001018,CUST1018,2026-09-12,335.56,Fashion
ORD006724,CUST2261,2026-05-10,4775.4,Electronics
ORD011725,CUST2490,2026-08-19,2646.07,Home & Kitchen
ORD001929,CUST1394,2026-03-30,590.47,Grocery
ORD000351,CUST0351,2026-07-29,273.12,Beauty
ORD009102,CUST2389,2026-09-26,1098.4,Grocery
ORD011282,CUST2474,2026-09-19,1264.18,Beauty
ORD009097,CUST2389,2026-09-02,2078.58,Grocery
ORD010650,CUST2453,2026-07-10,1192.93,Home & Kitchen
ORD007478,CUST2301,2026-08-03,446.27,Grocery
ORD005897,CUST2173,2026-09-22,1139.99,Fashion
ORD007388,CUST2296,2026-09-12,844.94,Fashion
ORD000565,CUST0565,2026-09-28,8200.77,Electronics
ORD001583,CUST1277,2026-04-08,384.09,Fashion
ORD002176,CUST1477,2026-08-30,625.1,Beauty
ORD011791,CUST2492,2026-09-15,3405.02,Electronics
ORD007898,CUST2323,2026-09-27,1846.9,Home & Kitchen
ORD003934,CUST1945,2026-03-23,8798.75,Electronics
ORD002708,CUST1651,2026-09-10,895.03,Beauty
ORD011928,CUST2496,2026-09-29,156.35,Beauty
ORD005776,CUST2158,2026-09-26,9336.22,Electronics
ORD003536,CUST1896,2026-07-13,580.77,Fashion
ORD005422,CUST2118,2026-09-07,633.32,Fashion
ORD007408,CUST2297,2026-02-28,975.5,Fashion
ORD007848,CUST2321,2026-01-27,2055.69,Home & Kitchen
ORD003740,CUST1922,2026-08-05,1015.86,Fashion
ORD010564,CUST2450,2026-09-25,10160.17,Electronics
ORD000822,CUST0822,2026-03-14,775.8,Fashion
ORD002064,CUST1437,2026-08-04,440.42,Grocery
ORD008140,CUST2338,2026-09-17,862.56,Grocery
ORD000082,CUST0082,2026-05-19,2152.35,Fashion
ORD007758,CUST2316,2026-06-17,510.07,Grocery
ORD002698,CUST1647,2026-06-16,1977.48,Home & Kitchen
ORD000832,CUST0832,2026-07-16,1803.89,Home & Kitchen
ORD004575,CUST2021,2026-08-25,514.06,Grocery
ORD003827,CUST1933,2026-08-22,1425.85,Beauty
ORD006579,CUST2254,2026-04-26,1419.98,Fashion
ORD002834,CUST1693,2026-09-22,1192.18,Fashion
ORD007808,CUST2318,2026-09-26,1166.18,Beauty
ORD011220,CUST2473,2026-06-14,352.96,Grocery
ORD006430,CUST2238,2026-09-02,2726.41,Home & Kitchen
ORD000049,CUST0049,2026-04-26,1797.14,Home & Kitchen
ORD012064,CUST2500,2026-09-14,20939.55,Electronics
ORD005654,CUST2145,2026-03-17,372.8,Grocery
ORD007051,CUST2279,2026-08-07,549.23,Grocery
ORD009241,CUST2397,2026-08-10,1892.42,Home & Kitchen
ORD004787,CUST2045,2026-07-16,2972.88,Home & Kitchen
ORD011423,CUST2479,2026-06-05,2153.12,Electronics
ORD004096,CUST1965,2026-06-01,6415.43,Electronics
ORD002690,CUST1644,2026-09-08,2933.77,Home & Kitchen
ORD009585,CUST2413,2026-09-24,6552.25,Electronics
ORD006385,CUST2233,2026-09-27,2435.23,Home & Kitchen
ORD009546,CUST2412,2026-04-19,892.34,Fashion
ORD002374,CUST1543,2026-04-05,291.34,Grocery
ORD007392,CUST2296,2026-09-14,3285.36,Home & Kitchen
ORD002759,CUST1669,2026-07-23,985.43,Fashion
ORD007376,CUST2295,2026-09-13,4242.09,Home & Kitchen
ORD007277,CUST2290,2026-09-18,1644.48,Home & Kitchen
ORD011886,CUST2495,2026-09-10,899.56,Beauty
ORD005383,CUST2113,2026-07-09,5492.67,Electronics
ORD003881,CUST1938,2026-09-14,1688.1,Home & Kitchen
ORD008230,CUST2343,2026-09-18,5977.43,Electronics
ORD004834,CUST2050,2026-09-13,435.52,Grocery
ORD011077,CUST2467,2026-09-26,27839.93,Electronics
ORD005401,CUST2116,2026-03-03,1951.3,Home & Kitchen
ORD011445,CUST2480,2026-08-17,1096.78,Fashion
ORD003946,CUST1947,2026-06-26,9005.03,Home & Kitchen
ORD009545,CUST2412,2026-04-16,2283.48,Home & Kitchen
ORD002165,CUST1472,2026-05-22,6748.78,Electronics
ORD002887,CUST1711,2026-09-30,10656.49,Electronics
ORD011143,CUST2470,2026-08-18,1064.44,Fashion
ORD008747,CUST2370,2026-07-05,427.01,Grocery
ORD000517,CUST0517,2026-09-30,495.89,Grocery
ORD009427,CUST2406,2026-03-18,1975.35,Home & Kitchen
ORD007730,CUST2314,2026-09-26,4568.55,Home & Kitchen
ORD000173,CUST0173,2026-07-06,185.17,Fashion
ORD000640,CUST0640,2026-07-16,589.84,Grocery
ORD004960,CUST2064,2026-08-21,401.14,Grocery
ORD006331,CUST2227,2026-06-21,15311.29,Electronics
ORD001144,CUST1133,2026-05-29,9073.03,Electronics
ORD008704,CUST2368,2026-07-31,12202.24,Electronics
ORD007224,CUST2288,2026-08-10,1158.55,Fashion
ORD010117,CUST2434,2026-08-03,637.97,Beauty
ORD001833,CUST1364,2026-01-07,535.19,Grocery
ORD007499,CUST2302,2026-09-23,852.2,Beauty
ORD006215,CUST2214,2026-09-16,1277.71,Grocery
ORD003687,CUST1915,2026-09-30,2340.99,Electronics
ORD009171,CUST2393,2026-08-25,492.7,Grocery
ORD008711,CUST2368,2026-09-13,2023.48,Fashion
ORD004538,CUST2017,2026-08-07,386.41,Grocery
ORD006045,CUST2192,2026-09-29,517.77,Grocery
ORD011406,CUST2479,2026-02-06,4535.82,Electronics
ORD000835,CUST0835,2026-06-23,841.93,Fashion
ORD002487,CUST1579,2026-08-28,1286.57,Fashion
ORD009041,CUST2386,2026-06-08,987.0,Fashion
ORD005763,CUST2157,2026-03-26,355.96,Grocery
ORD006661,CUST2258,2026-09-23,2928.29,Home & Kitchen
ORD005538,CUST2132,2026-09-09,4373.86,Home & Kitchen
ORD010647,CUST2453,2026-07-07,10154.97,Electronics
ORD011987,CUST2498,2026-07-27,6161.0,Electronics
ORD000066,CUST0066,2026-09-05,641.09,Fashion
ORD005690,CUST2149,2026-07-01,640.74,Grocery
ORD005573,CUST2136,2026-06-15,2559.21,Home & Kitchen
ORD010385,CUST2444,2026-07-07,9505.68,Electronics
ORD002025,CUST1425,2026-07-01,3548.03,Electronics
ORD007384,CUST2295,2026-09-28,926.08,Fashion
ORD000355,CUST0355,2026-07-08,1778.29,Fashion
ORD010522,CUST2448,2026-08-25,1023.04,Grocery
ORD010384,CUST2444,2026-07-05,4257.35,Home & Kitchen
ORD009851,CUST2426,2026-08-16,7395.77,Electronics
ORD007766,CUST2316,2026-07-14,2365.38,Electronics
ORD007457,CUST2300,2026-08-10,7069.95,Electronics
ORD004871,CUST2053,2026-09-29,439.6,Grocery
ORD004569,CUST2020,2026-09-08,1331.35,Beauty
ORD003128,CUST1789,2026-06-13,530.3,Fashion
ORD005203,CUST2093,2026-04-23,13832.11,Electronics
ORD000310,CUST0310,2026-09-19,957.9,Fashion
ORD004708,CUST2036,2026-02-20,758.1,Fashion
ORD005839,CUST2166,2026-09-29,2085.89,Fashion
ORD005757,CUST2156,2026-08-10,806.89,Beauty
ORD004355,CUST1995,2026-09-09,197.1,Fashion
ORD007579,CUST2306,2026-08-18,390.16,Grocery
ORD011366,CUST2477,2026-09-21,3115.88,Electronics
ORD007494,CUST2302,2026-09-12,1378.04,Fashion
ORD011506,CUST2482,2026-08-07,763.87,Grocery
ORD002584,CUST1610,2026-09-09,833.02,Grocery
ORD009247,CUST2397,2026-08-29,452.3,Grocery
ORD002771,CUST1673,2026-06-27,1713.07,Fashion
ORD009637,CUST2416,2026-07-11,378.62,Grocery
ORD008238,CUST2343,2026-09-21,3242.35,Home & Kitchen
ORD005768,CUST2157,2026-07-26,722.37,Beauty
ORD003210,CUST1821,2026-01-10,388.36,Grocery
ORD006855,CUST2268,2026-08-02,10717.11,Electronics
ORD003906,CUST1941,2026-09-04,1007.85,Fashion
ORD006313,CUST2224,2026-09-11,660.05,Grocery
ORD005721,CUST2152,2026-09-08,3595.0,Home & Kitchen
ORD006278,CUST2221,2026-08-21,5227.7,Home & Kitchen
ORD002380,CUST1545,2026-08-06,2952.68,Home & Kitchen
ORD008433,CUST2355,2026-02-22,1576.74,Fashion
ORD007192,CUST2286,2026-07-23,3775.1,Home & Kitchen
ORD004170,CUST1973,2026-05-18,18665.21,Electronics
ORD009346,CUST2401,2026-09-30,1794.51,Home & Kitchen
ORD003429,CUST1883,2026-08-23,7014.71,Home & Kitchen
ORD004422,CUST2004,2026-08-10,9827.46,Electronics
ORD001102,CUST1102,2026-09-19,1346.42,Fashion
ORD006115,CUST2203,2026-08-27,340.1,Grocery
ORD005150,CUST2087,2026-08-20,1163.56,Grocery
ORD011518,CUST2483,2026-09-14,1776.68,Home & Kitchen
ORD003251,CUST1835,2026-07-08,6749.76,Electronics
ORD008158,CUST2339,2026-01-23,1387.84,Beauty
ORD004141,CUST1969,2026-08-24,845.61,Fashion
ORD003558,CUST1899,2026-09-12,1037.84,Home & Kitchen
ORD011913,CUST2495,2026-09-29,4155.97,Electronics
ORD000119,CUST0119,2026-07-05,1091.66,Beauty
ORD002023,CUST1424,2026-09-18,5893.48,Electronics
ORD004599,CUST2024,2026-05-12,10748.15,Electronics
ORD008108,CUST2336,2026-05-16,626.83,Fashion
ORD008918,CUST2379,2026-09-30,589.73,Grocery
ORD010467,CUST2446,2026-08-29,1050.35,Beauty
ORD010631,CUST2452,2026-09-18,6654.8,Electronics
ORD010580,CUST2450,2026-09-30,5082.21,Electronics
ORD004682,CUST2033,2026-06-17,391.6,Grocery
ORD007835,CUST2320,2026-09-13,22405.34,Electronics
ORD007280,CUST2290,2026-09-23,2015.72,Home & Kitchen
ORD004274,CUST1985,2026-07-20,791.73,Grocery
ORD008976,CUST2382,2026-09-28,3711.67,Electronics
ORD000088,CUST0088,2026-03-05,1012.02,Fashion
ORD005027,CUST2071,2026-08-10,338.82,Beauty
ORD003383,CUST1878,2026-08-11,530.0,Beauty
ORD008823,CUST2374,2026-08-16,15205.21,Electronics
ORD000404,CUST0404,2026-01-28,3684.19,Electronics
ORD003351,CUST1870,2026-09-22,3240.29,Home & Kitchen
ORD010062,CUST2432,2026-09-03,30480.44,Electronics
ORD004949,CUST2063,2026-07-14,456.69,Grocery
ORD008533,CUST2359,2026-09-20,796.15,Fashion
ORD002242,CUST1497,2026-07-01,823.59,Fashion
ORD008628,CUST2364,2026-09-30,1355.06,Grocery
ORD007671,CUST2311,2026-08-11,8026.29,Electronics
ORD001028,CUST1028,2026-04-26,842.72,Grocery
ORD011722,CUST2490,2026-08-08,45335.66,Electronics
ORD010753,CUST2456,2026-09-25,1084.21,Beauty
ORD002437,CUST1563,2026-08-23,1217.91,Beauty
ORD005771,CUST2157,2026-08-30,2903.75,Home & Kitchen
ORD008147,CUST2338,2026-09-23,1342.16,Home & Kitchen
ORD001279,CUST1177,2026-07-21,1610.21,Home & Kitchen
ORD007205,CUST2287,2026-07-30,3452.35,Home & Kitchen
ORD007437,CUST2298,2026-08-23,1059.37,Beauty
ORD001426,CUST1226,2026-09-28,852.04,Grocery
ORD006721,CUST2261,2026-04-21,6975.05,Electronics
ORD001503,CUST1250,2026-07-29,1768.99,Fashion
ORD011766,CUST2491,2026-09-27,1310.12,Home & Kitchen
ORD010346,CUST2443,2026-08-21,453.28,Beauty
ORD009903,CUST2428,2026-04-18,1803.08,Fashion
ORD010365,CUST2444,2026-03-02,3836.07,Home & Kitchen
ORD000679,CUST0679,2026-06-23,472.07,Fashion
ORD008729,CUST2369,2026-08-18,4300.52,Home & Kitchen
ORD005668,CUST2146,2026-09-29,1317.57,Fashion
ORD006878,CUST2269,2026-09-25,1468.04,Fashion
ORD007367,CUST2294,2026-09-30,11416.63,Electronics
ORD001071,CUST1071,2026-02-22,1072.13,Beauty
ORD005170,CUST2088,2026-09-12,654.52,Grocery
ORD002481,CUST1577,2026-08-21,497.61,Grocery
ORD010042,CUST2432,2026-08-04,1084.56,Fashion
ORD003393,CUST1879,2026-09-07,680.22,Grocery
ORD001100,CUST1100,2026-07-07,891.51,Beauty
ORD010015,CUST2431,2026-08-10,5814.26,Home & Kitchen
ORD007636,CUST2309,2026-09-01,5344.79,Electronics
ORD000419,CUST0419,2026-06-30,617.22,Beauty
ORD007101,CUST2282,2026-08-30,791.33,Grocery
ORD005145,CUST2086,2026-09-03,3865.7,Fashion
ORD001948,CUST1399,2026-09-30,11482.7,Electronics
ORD003337,CUST1865,2026-09-19,821.59,Fashion
ORD002300,CUST1516,2026-08-22,838.65,Fashion
ORD006648,CUST2257,2026-09-24,468.57,Beauty
ORD006652,CUST2258,2026-09-13,4579.0,Home & Kitchen
ORD011807,CUST2493,2026-09-28,2976.11,Electronics
ORD000209,CUST0209,2026-08-25,3156.44,Electronics
ORD008442,CUST2355,2026-06-06,319.77,Grocery
ORD007931,CUST2325,2026-09-05,439.3,Beauty
ORD010114,CUST2434,2026-07-09,3574.16,Home & Kitchen
ORD000529,CUST0529,2026-03-14,1781.97,Fashion
ORD000780,CUST0780,2026-09-01,844.87,Fashion
ORD000723,CUST0723,2026-08-17,544.9,Beauty
ORD010339,CUST2442,2026-09-11,3625.6,Electronics
ORD001861,CUST1373,2026-09-30,1031.09,Fashion
ORD010242,CUST2439,2026-06-27,1065.45,Fashion
ORD011547,CUST2484,2026-07-02,7739.37,Electronics
ORD011025,CUST2466,2026-07-04,10397.79,Electronics
ORD010948,CUST2463,2026-09-09,13595.58,Electronics
ORD001993,CUST1415,2026-07-17,1156.79,Fashion
ORD002333,CUST1528,2026-09-25,770.64,Grocery
ORD009615,CUST2415,2026-04-13,3327.73,Home & Kitchen
ORD007795,CUST2318,2026-09-12,6110.45,Electronics
ORD012075,CUST2500,2026-09-22,4046.24,Home & Kitchen
ORD003460,CUST1887,2026-07-04,911.4,Grocery
ORD004964,CUST2064,2026-09-24,2354.61,Home & Kitchen
ORD010405,CUST2445,2026-06-17,321.33,Grocery
ORD010092,CUST2433,2026-08-31,30225.91,Electronics
ORD009431,CUST2406,2026-06-03,363.37,Beauty
ORD004519,CUST2015,2026-09-20,819.48,Grocery
ORD005340,CUST2108,2026-09-24,6665.3,Electronics
ORD009211,CUST2395,2026-08-17,741.75,Fashion
ORD010068,CUST2432,2026-09-21,10937.57,Electronics
ORD000258,CUST0258,2026-04-03,489.05,Beauty
ORD009206,CUST2395,2026-07-11,444.27,Grocery
ORD009144,CUST2392,2026-09-23,1052.13,Home & Kitchen
ORD010404,CUST2445,2026-06-14,7742.38,Electronics
ORD010533,CUST2449,2026-06-11,1423.44,Home & Kitchen
ORD007316,CUST2292,2026-06-30,8021.27,Electronics
ORD003626,CUST1907,2026-06-21,876.65,Fashion
ORD000703,CUST0703,2026-04-09,5503.71,Electronics
ORD003190,CUST1812,2026-09-28,3689.76,Fashion
ORD000504,CUST0504,2026-06-18,958.12,Beauty
ORD010649,CUST2453,2026-07-09,639.66,Grocery
ORD002557,CUST1601,2026-09-15,1287.02,Grocery
ORD007406,CUST2297,2026-01-21,412.84,Grocery
ORD002249,CUST1499,2026-03-09,831.85,Grocery
ORD000373,CUST0373,2026-06-24,3631.74,Home & Kitchen
ORD004053,CUST1960,2026-09-21,954.37,Fashion
ORD003938,CUST1945,2026-08-05,654.32,Grocery
ORD011951,CUST2497,2026-08-12,1858.23,Fashion
ORD004077,CUST1963,2026-09-20,506.59,Grocery
ORD000998,CUST0998,2026-08-12,644.83,Grocery
ORD004333,CUST1991,2026-08-31,3253.69,Electronics
ORD005386,CUST2114,2026-09-30,14368.68,Electronics
ORD001177,CUST1144,2026-08-23,3520.84,Home & Kitchen
ORD011701,CUST2489,2026-09-21,5935.03,Beauty
ORD000552,CUST0552,2026-08-31,1799.43,Beauty
ORD004841,CUST2051,2026-05-09,1065.76,Grocery
ORD004373,CUST1998,2026-06-08,1919.16,Fashion
ORD003498,CUST1892,2026-07-07,1428.93,Beauty
ORD008027,CUST2330,2026-09-17,820.32,Fashion
ORD011857,CUST2494,2026-06-19,10553.17,Electronics
ORD005525,CUST2130,2026-08-11,299.35,Grocery
ORD011299,CUST2475,2026-08-22,4588.92,Electronics
ORD007875,CUST2322,2026-06-03,3321.5,Electronics
ORD009528,CUST2411,2026-06-11,611.58,Grocery
ORD007310,CUST2292,2026-05-24,519.78,Grocery
ORD008291,CUST2347,2026-08-29,650.77,Beauty
ORD000694,CUST0694,2026-03-21,463.37,Beauty
ORD002534,CUST1594,2026-09-23,455.52,Beauty
ORD003444,CUST1885,2026-08-02,520.93,Grocery
ORD000983,CUST0983,2026-04-12,4066.8,Home & Kitchen
ORD009120,CUST2390,2026-09-25,3605.6,Home & Kitchen
ORD011369,CUST2477,2026-09-25,2727.74,Home & Kitchen
ORD004223,CUST1978,2026-07-14,15904.47,Electronics
ORD000092,CUST0092,2026-06-12,566.35,Beauty
ORD002267,CUST1504,2026-09-25,1187.82,Beauty
ORD008666,CUST2366,2026-08-08,2606.58,Home & Kitchen
ORD008912,CUST2379,2026-09-29,4687.92,Home & Kitchen
ORD000262,CUST0262,2026-04-22,8694.06,Electronics
ORD003338,CUST1866,2026-09-25,622.91,Fashion
ORD007602,CUST2307,2026-09-25,1068.69,Fashion
ORD005876,CUST2171,2026-01-12,663.73,Fashion
ORD006720,CUST2261,2026-04-17,2430.42,Home & Kitchen
ORD000446,CUST0446,2026-05-07,540.23,Fashion
ORD003556,CUST1898,2026-09-25,678.75,Beauty
ORD002195,CUST1482,2026-05-28,389.63,Grocery
ORD006577,CUST2254,2026-04-04,609.88,Grocery
ORD006974,CUST2275,2026-07-18,1795.4,Fashion
ORD002868,CUST1706,2026-09-13,2110.59,Fashion
ORD002527,CUST1592,2026-09-30,1711.56,Fashion
ORD008594,CUST2362,2026-08-25,501.02,Grocery
ORD008742,CUST2369,2026-09-30,2358.73,Home & Kitchen
ORD009485,CUST2408,2026-09-26,2361.32,Home & Kitchen
ORD001169,CUST1141,2026-08-26,1195.24,Beauty
ORD004145,CUST1970,2026-06-14,572.64,Grocery
ORD000085,CUST0085,2026-08-24,542.97,Fashion
ORD003150,CUST1798,2026-03-01,5666.8,Electronics
ORD008064,CUST2333,2026-06-10,2337.96,Home & Kitchen
ORD000881,CUST0881,2026-05-14,4101.65,Home & Kitchen
ORD010690,CUST2454,2026-09-22,6256.28,Electronics
ORD005534,CUST2131,2026-09-10,1571.34,Home & Kitchen
ORD001468,CUST1240,2026-04-08,920.71,Beauty
ORD012034,CUST2499,2026-07-21,3161.44,Home & Kitchen
ORD011318,CUST2475,2026-09-27,503.41,Fashion
ORD006861,CUST2268,2026-09-09,2263.01,Home & Kitchen
ORD004327,CUST1991,2026-05-15,279.59,Grocery
ORD004045,CUST1959,2026-09-21,830.91,Fashion
ORD004138,CUST1969,2026-07-17,1694.23,Home & Kitchen
ORD003040,CUST1762,2026-06-05,1548.13,Fashion
ORD006109,CUST2202,2026-06-27,2195.54,Home & Kitchen
ORD010685,CUST2454,2026-09-21,399.89,Grocery
ORD006149,CUST2206,2026-08-29,877.62,Grocery
ORD000580,CUST0580,2026-07-15,993.89,Fashion
ORD008480,CUST2357,2026-05-03,497.77,Grocery
ORD011890,CUST2495,2026-09-12,1919.31,Home & Kitchen
ORD006538,CUST2251,2026-09-22,488.02,Grocery
ORD009516,CUST2410,2026-07-22,497.34,Grocery
ORD002468,CUST1572,2026-09-13,678.13,Fashion
ORD004158,CUST1971,2026-09-22,4666.33,Home & Kitchen
ORD011859,CUST2494,2026-06-20,527.74,Fashion
ORD000414,CUST0414,2026-09-16,3681.2,Electronics
ORD000403,CUST0403,2026-04-21,1635.81,Home & Kitchen
ORD004429,CUST2005,2026-08-27,17013.76,Electronics
ORD002085,CUST1444,2026-09-01,415.37,Fashion
ORD003058,CUST1768,2026-04-17,519.01,Fashion
ORD009051,CUST2386,2026-09-08,679.72,Grocery
ORD000165,CUST0165,2026-06-14,564.88,Grocery
ORD010773,CUST2457,2026-08-17,658.93,Grocery
ORD004303,CUST1988,2026-09-04,1286.79,Home & Kitchen
ORD009404,CUST2405,2026-09-24,7178.59,Electronics
ORD009035,CUST2385,2026-09-20,7224.71,Electronics
ORD003318,CUST1859,2026-07-17,1270.65,Beauty
ORD009685,CUST2418,2026-09-05,505.35,Grocery
ORD003935,CUST1945,2026-04-01,2376.06,Home & Kitchen
ORD011537,CUST2484,2026-05-01,12609.32,Electronics
ORD001335,CUST1196,2026-07-17,884.91,Fashion
ORD009291,CUST2399,2026-05-25,17133.32,Electronics
ORD000754,CUST0754,2026-08-29,913.38,Beauty
ORD003065,CUST1770,2026-08-20,744.64,Beauty
ORD000707,CUST0707,2026-09-29,774.61,Beauty
ORD003492,CUST1891,2026-07-15,620.32,Beauty
ORD004574,CUST2021,2026-07-13,2835.9,Home & Kitchen
ORD006679,CUST2259,2026-09-08,373.61,Grocery
ORD003152,CUST1799,2026-01-01,611.95,Beauty
ORD011298,CUST2475,2026-08-22,593.98,Grocery
ORD003800,CUST1929,2026-01-22,425.46,Beauty
ORD004023,CUST1956,2026-06-13,708.91,Fashion
ORD001075,CUST1075,2026-08-21,1197.99,Beauty
ORD007972,CUST2328,2026-06-28,3052.76,Fashion
ORD003439,CUST1884,2026-09-19,1164.65,Fashion
ORD009921,CUST2428,2026-07-12,1860.26,Beauty
ORD008129,CUST2337,2026-07-01,16152.27,Electronics
ORD007461,CUST2300,2026-08-21,665.24,Grocery
ORD002430,CUST1560,2026-07-06,899.29,Beauty
ORD000247,CUST0247,2026-05-24,361.8,Grocery
ORD003816,CUST1932,2026-08-27,590.0,Fashion
ORD007380,CUST2295,2026-09-21,10390.3,Electronics
ORD003633,CUST1908,2026-07-26,4832.29,Electronics
ORD010141,CUST2435,2026-05-09,2025.25,Fashion
ORD002263,CUST1503,2026-03-20,703.04,Beauty
ORD002247,CUST1498,2026-09-26,7495.77,Electronics
ORD000836,CUST0836,2026-06-27,1107.3,Fashion
ORD000433,CUST0433,2026-01-22,673.53,Beauty
ORD005240,CUST2097,2026-08-21,14059.9,Electronics
ORD001174,CUST1143,2026-06-20,2183.29,Home & Kitchen
ORD006299,CUST2223,2026-06-23,4011.7,Home & Kitchen
ORD004657,CUST2030,2026-09-03,1496.83,Fashion
ORD007319,CUST2292,2026-08-11,1326.29,Home & Kitchen
ORD010810,CUST2459,2026-09-11,12230.01,Electronics
ORD008019,CUST2330,2026-06-24,539.9,Beauty
ORD010779,CUST2458,2026-07-19,864.01,Beauty
ORD011817,CUST2493,2026-09-28,16323.24,Electronics
ORD005263,CUST2099,2026-09-03,1259.86,Home & Kitchen
ORD005184,CUST2090,2026-09-22,2316.51,Fashion
ORD007673,CUST2311,2026-08-14,2458.79,Home & Kitchen
ORD003408,CUST1881,2026-07-28,367.78,Fashion
ORD002730,CUST1659,2026-09-20,2749.07,Home & Kitchen
ORD011959,CUST2497,2026-08-31,5689.57,Electronics
ORD000434,CUST0434,2026-09-15,2469.27,Home & Kitchen
ORD005372,CUST2112,2026-08-22,12089.85,Home & Kitchen
ORD009158,CUST2392,2026-09-30,1502.04,Fashion
ORD010974,CUST2464,2026-06-12,548.38,Grocery
ORD007128,CUST2283,2026-09-14,14379.44,Electronics
ORD007455,CUST2300,2026-08-01,10508.24,Electronics
ORD005788,CUST2160,2026-09-01,1530.89,Beauty
ORD009027,CUST2385,2026-07-06,732.37,Fashion
ORD004003,CUST1953,2026-09-28,1873.83,Home & Kitchen
ORD008991,CUST2383,2026-07-24,4275.45,Home & Kitchen
ORD001333,CUST1195,2026-09-06,3042.62,Fashion
ORD009826,CUST2425,2026-09-14,435.91,Beauty
ORD008240,CUST2343,2026-09-22,818.94,Grocery
ORD005378,CUST2113,2026-01-31,664.15,Fashion
ORD001444,CUST1232,2026-08-15,792.15,Fashion
ORD007633,CUST2309,2026-08-18,3990.78,Electronics
ORD005066,CUST2076,2026-09-29,1385.23,Beauty
ORD004311,CUST1989,2026-06-02,6348.68,Electronics
ORD004900,CUST2057,2026-07-01,2331.3,Home & Kitchen
ORD005432,CUST2120,2026-08-03,1297.1,Grocery
ORD006189,CUST2211,2026-06-28,1003.53,Fashion
ORD006597,CUST2255,2026-09-24,15304.73,Electronics
ORD009544,CUST2412,2026-03-25,1516.34,Fashion
ORD002570,CUST1605,2026-05-05,1091.24,Fashion
ORD008655,CUST2366,2026-05-25,572.18,Home & Kitchen
ORD004278,CUST1986,2026-08-21,919.06,Fashion
ORD003667,CUST1912,2026-09-25,10743.15,Electronics
ORD011566,CUST2484,2026-09-26,8433.53,Electronics
ORD002447,CUST1567,2026-01-24,521.24,Grocery
ORD005054,CUST2075,2026-09-01,826.36,Fashion
ORD003658,CUST1912,2026-04-11,494.07,Grocery
ORD009752,CUST2421,2026-09-14,9675.29,Electronics
ORD003173,CUST1806,2026-06-17,1282.75,Fashion
ORD001224,CUST1159,2026-08-05,586.17,Beauty
ORD005624,CUST2141,2026-08-28,401.4,Grocery
ORD008036,CUST2331,2026-09-01,4332.61,Electronics
ORD000545,CUST0545,2026-03-12,3146.48,Home & Kitchen
ORD001205,CUST1153,2026-03-18,1050.01,Fashion
ORD005360,CUST2111,2026-08-01,820.89,Fashion
ORD006158,CUST2208,2026-09-11,1830.27,Home & Kitchen
ORD010992,CUST2465,2026-07-30,2245.94,Beauty
ORD002638,CUST1628,2026-05-13,5784.62,Electronics
ORD011695,CUST2489,2026-08-29,2169.42,Home & Kitchen
ORD005358,CUST2111,2026-07-29,666.42,Grocery
ORD010946,CUST2463,2026-09-04,2524.23,Home & Kitchen
ORD006272,CUST2220,2026-09-03,484.2,Fashion
ORD010530,CUST2448,2026-09-30,1697.76,Fashion
ORD000878,CUST0878,2026-08-20,390.21,Grocery
ORD009803,CUST2424,2026-07-26,2510.99,Home & Kitchen
ORD000197,CUST0197,2026-04-10,587.54,Grocery
ORD011771,CUST2492,2026-09-03,18076.81,Electronics
ORD003384,CUST1878,2026-08-17,334.32,Grocery
ORD004380,CUST1999,2026-08-28,4006.32,Electronics
ORD008342,CUST2350,2026-09-12,432.52,Grocery
ORD008664,CUST2366,2026-07-30,526.55,Fashion
ORD002998,CUST1748,2026-03-07,2163.88,Fashion
ORD011199,CUST2472,2026-09-27,1227.76,Fashion
ORD002572,CUST1606,2026-05-19,2810.27,Home & Kitchen
ORD010962,CUST2464,2026-03-09,5480.73,Home & Kitchen
ORD010419,CUST2445,2026-08-06,3277.78,Electronics
ORD011317,CUST2475,2026-09-22,432.55,Grocery
ORD011568,CUST2485,2026-01-13,1821.78,Fashion
ORD004970,CUST2065,2026-03-22,514.29,Grocery
ORD004712,CUST2036,2026-08-23,641.22,Grocery
ORD004164,CUST1972,2026-08-02,1135.42,Fashion
ORD010059,CUST2432,2026-08-28,9849.61,Electronics
ORD005562,CUST2134,2026-09-29,856.63,Grocery
ORD009083,CUST2389,2026-07-10,852.28,Fashion
ORD002683,CUST1642,2026-08-30,2741.12,Home & Kitchen
ORD005949,CUST2180,2026-09-08,274.22,Grocery
ORD002509,CUST1586,2026-09-28,3221.68,Fashion
ORD005265,CUST2100,2026-07-01,1971.03,Home & Kitchen
ORD001511,CUST1252,2026-09-23,537.86,Fashion
ORD004315,CUST1990,2026-08-04,6570.99,Electronics
ORD007067,CUST2280,2026-06-18,11996.19,Electronics
ORD001245,CUST1165,2026-09-17,792.16,Beauty
ORD010304,CUST2441,2026-07-22,364.19,Grocery
ORD006217,CUST2214,2026-09-24,429.57,Fashion
ORD010645,CUST2453,2026-06-22,567.21,Grocery
ORD004122,CUST1968,2026-05-05,2450.95,Fashion
ORD004996,CUST2068,2026-08-24,560.82,Grocery
ORD008765,CUST2371,2026-09-26,2150.8,Fashion
ORD006059,CUST2195,2026-04-16,1325.25,Home & Kitchen
ORD006622,CUST2256,2026-09-01,2650.43,Beauty
ORD006663,CUST2258,2026-09-24,1244.53,Fashion
ORD000255,CUST0255,2026-06-28,963.03,Home & Kitchen
ORD012061,CUST2500,2026-09-13,5373.28,Electronics
ORD004512,CUST2014,2026-09-05,1085.58,Fashion
ORD006791,CUST2265,2026-09-11,6600.16,Electronics
ORD009975,CUST2430,2026-05-16,7600.57,Electronics
ORD000760,CUST0760,2026-07-31,793.96,Grocery
ORD000655,CUST0655,2026-03-23,1585.11,Home & Kitchen
ORD007616,CUST2308,2026-08-08,897.01,Fashion
ORD003402,CUST1880,2026-08-30,273.93,Grocery
ORD001421,CUST1224,2026-07-22,538.73,Grocery
ORD003045,CUST1763,2026-09-19,494.59,Grocery
ORD002831,CUST1691,2026-07-18,261.36,Grocery
ORD008167,CUST2339,2026-08-03,2361.02,Home & Kitchen
ORD000329,CUST0329,2026-03-20,492.17,Beauty
ORD000254,CUST0254,2026-02-14,812.97,Grocery
ORD009046,CUST2386,2026-07-06,3941.22,Electronics
ORD009409,CUST2405,2026-09-25,2022.91,Home & Kitchen
ORD004378,CUST1999,2026-08-13,344.58,Beauty
ORD003020,CUST1755,2026-09-13,1453.32,Fashion
ORD003030,CUST1759,2026-08-30,788.82,Beauty
ORD002637,CUST1628,2026-03-27,2802.74,Home & Kitchen
ORD007206,CUST2287,2026-08-09,800.78,Grocery
ORD006581,CUST2254,2026-06-09,10166.27,Electronics
ORD003019,CUST1755,2026-08-18,6549.69,Home & Kitchen
ORD002946,CUST1731,2026-06-01,875.46,Grocery
ORD003660,CUST1912,2026-04-29,534.08,Grocery
ORD008560,CUST2361,2026-09-24,3458.37,Home & Kitchen
ORD007146,CUST2284,2026-06-10,7354.68,Electronics
ORD005986,CUST2185,2026-05-24,440.27,Grocery
ORD002664,CUST1636,2026-09-04,11628.66,Electronics
ORD006496,CUST2247,2026-08-11,341.41,Grocery
ORD001363,CUST1205,2026-03-19,782.6,Beauty
ORD005557,CUST2134,2026-09-29,1931.28,Fashion
ORD003482,CUST1890,2026-03-31,3138.01,Home & Kitchen
ORD011633,CUST2487,2026-08-23,1150.07,Fashion
ORD008864,CUST2376,2026-09-25,11442.7,Electronics
ORD010539,CUST2449,2026-07-12,942.61,Home & Kitchen
ORD005205,CUST2093,2026-06-01,1141.53,Fashion
ORD006891,CUST2270,2026-07-23,458.29,Grocery
ORD008184,CUST2340,2026-09-13,5780.94,Electronics
ORD002881,CUST1710,2026-01-14,2164.59,Fashion
ORD003382,CUST1877,2026-09-29,6554.94,Electronics
ORD001303,CUST1184,2026-08-06,1328.4,Fashion
ORD008095,CUST2335,2026-09-05,523.9,Grocery
ORD004958,CUST2064,2026-08-15,3837.91,Home & Kitchen
ORD004837,CUST2050,2026-09-30,548.05,Grocery
ORD005982,CUST2184,2026-08-04,2737.37,Home & Kitchen
ORD007243,CUST2289,2026-04-07,1873.06,Home & Kitchen
ORD005837,CUST2166,2026-09-19,837.5,Beauty
ORD007337,CUST2293,2026-09-26,957.29,Fashion
ORD000943,CUST0943,2026-03-20,4158.83,Home & Kitchen
ORD003236,CUST1829,2026-08-30,1361.89,Fashion
ORD003258,CUST1837,2026-08-20,2243.71,Home & Kitchen
ORD010658,CUST2453,2026-09-13,417.65,Beauty
ORD008952,CUST2381,2026-08-27,7381.14,Electronics
ORD000177,CUST0177,2026-03-20,3408.96,Home & Kitchen
ORD000436,CUST0436,2026-01-12,228.55,Grocery
ORD009944,CUST2429,2026-09-23,1005.24,Fashion
ORD000309,CUST0309,2026-08-11,1027.94,Grocery
ORD001566,CUST1272,2026-07-01,2923.39,Home & Kitchen
ORD003965,CUST1949,2026-03-27,3814.25,Fashion
ORD002136,CUST1461,2026-08-11,437.96,Beauty
ORD008574,CUST2361,2026-09-28,1467.67,Fashion
ORD010601,CUST2451,2026-08-08,2414.9,Fashion
ORD004978,CUST2065,2026-09-12,1765.77,Beauty
ORD009591,CUST2414,2026-02-28,1534.89,Beauty
ORD009888,CUST2427,2026-08-31,2850.5,Home & Kitchen
ORD000596,CUST0596,2026-06-24,1348.92,Grocery
ORD007018,CUST2278,2026-06-09,2556.77,Home & Kitchen
ORD004626,CUST2027,2026-07-10,460.98,Grocery
ORD009982,CUST2430,2026-06-17,543.49,Grocery
ORD010044,CUST2432,2026-08-11,3190.88,Home & Kitchen
ORD002624,CUST1624,2026-08-20,9072.12,Electronics
ORD004573,CUST2021,2026-06-29,531.63,Grocery
ORD009379,CUST2403,2026-08-29,6135.13,Home & Kitchen
ORD011047,CUST2467,2026-07-10,6119.02,Electronics
ORD000232,CUST0232,2026-03-02,984.91,Beauty
ORD000180,CUST0180,2026-02-25,840.9,Fashion
ORD000738,CUST0738,2026-04-03,667.2,Grocery
ORD011609,CUST2486,2026-09-09,5743.6,Electronics
ORD005689,CUST2149,2026-06-17,506.27,Grocery
ORD008855,CUST2376,2026-09-06,561.56,Beauty
ORD007496,CUST2302,2026-09-16,742.14,Fashion
ORD006081,CUST2198,2026-06-29,10515.77,Electronics
ORD007511,CUST2303,2026-03-06,1679.02,Home & Kitchen
ORD007477,CUST2301,2026-08-03,667.85,Grocery
ORD001322,CUST1192,2026-09-25,1175.1,Fashion
ORD001996,CUST1416,2026-08-27,676.9,Grocery
ORD009681,CUST2418,2026-08-12,219.54,Beauty
ORD005366,CUST2112,2026-07-16,1281.74,Fashion
ORD010763,CUST2457,2026-05-29,5121.9,Fashion
ORD006762,CUST2263,2026-09-06,787.21,Grocery
ORD000801,CUST0801,2026-06-08,2146.6,Fashion
ORD010029,CUST2431,2026-09-15,1750.69,Home & Kitchen
ORD002087,CUST1445,2026-09-25,7624.44,Electronics
ORD007643,CUST2310,2026-08-06,5600.48,Electronics
ORD000070,CUST0070,2026-06-12,334.45,Grocery
ORD006235,CUST2216,2026-09-14,1617.7,Fashion
ORD008194,CUST2340,2026-09-28,5170.27,Electronics
ORD001681,CUST1310,2026-01-21,2008.41,Home & Kitchen
ORD000378,CUST0378,2026-08-17,546.04,Beauty
ORD001470,CUST1240,2026-07-10,1295.56,Home & Kitchen
ORD002604,CUST1618,2026-08-12,1691.38,Home & Kitchen
ORD004182,CUST1974,2026-08-02,1164.92,Beauty
ORD006178,CUST2209,2026-09-06,13249.17,Electronics
ORD004506,CUST2013,2026-09-21,12567.6,Electronics
ORD004231,CUST1980,2026-07-07,5145.98,Electronics
ORD003092,CUST1778,2026-09-20,850.99,Fashion
ORD002727,CUST1658,2026-09-27,1505.88,Fashion
ORD000478,CUST0478,2026-01-27,1663.71,Fashion
ORD001330,CUST1194,2026-08-09,834.58,Fashion
ORD002284,CUST1509,2026-09-15,6535.48,Electronics
ORD003733,CUST1921,2026-08-23,1576.17,Home & Kitchen
ORD011871,CUST2494,2026-08-26,3375.82,Electronics
ORD000752,CUST0752,2026-06-13,300.6,Grocery
ORD011397,CUST2478,2026-08-26,9563.77,Electronics
ORD009628,CUST2415,2026-08-07,4050.18,Home & Kitchen
ORD000874,CUST0874,2026-05-23,4596.97,Home & Kitchen
ORD008777,CUST2371,2026-09-30,5764.69,Electronics
ORD007626,CUST2309,2026-06-11,364.56,Fashion
ORD007566,CUST2306,2026-04-25,3205.66,Home & Kitchen
ORD004565,CUST2019,2026-09-07,4852.65,Electronics
ORD001546,CUST1264,2026-05-28,381.48,Fashion
ORD000740,CUST0740,2026-07-19,4441.79,Electronics
ORD010340,CUST2442,2026-09-27,376.62,Grocery
ORD002684,CUST1642,2026-09-10,9037.07,Electronics
ORD009273,CUST2398,2026-06-02,632.84,Grocery
ORD008937,CUST2380,2026-09-13,895.48,Home & Kitchen
ORD005122,CUST2082,2026-09-22,1992.52,Home & Kitchen
ORD007885,CUST2323,2026-09-20,498.92,Grocery
ORD003519,CUST1895,2026-09-26,5155.15,Home & Kitchen
ORD005219,CUST2094,2026-09-30,450.12,Grocery
ORD002355,CUST1536,2026-08-30,1826.75,Fashion
ORD010196,CUST2437,2026-09-21,7820.04,Electronics
ORD007933,CUST2325,2026-09-24,786.85,Fashion
ORD000774,CUST0774,2026-02-24,1363.49,Fashion
ORD009244,CUST2397,2026-08-15,1427.77,Fashion
ORD010643,CUST2453,2026-06-10,1798.23,Beauty
ORD011613,CUST2486,2026-09-19,4094.58,Electronics
ORD000642,CUST0642,2026-06-04,229.89,Grocery
ORD011166,CUST2471,2026-08-29,3773.66,Electronics
ORD008327,CUST2349,2026-09-21,2922.82,Home & Kitchen
ORD010812,CUST2459,2026-09-14,9083.09,Electronics
ORD007394,CUST2296,2026-09-18,1206.52,Home & Kitchen
ORD004310,CUST1989,2026-06-01,5975.35,Home & Kitchen
ORD000866,CUST0866,2026-08-24,2964.66,Home & Kitchen
ORD007335,CUST2293,2026-09-26,1595.04,Home & Kitchen
ORD011555,CUST2484,2026-08-14,647.46,Grocery
ORD008146,CUST2338,2026-09-23,306.97,Grocery
ORD011944,CUST2497,2026-07-22,809.26,Grocery
ORD008797,CUST2372,2026-09-28,2056.02,Fashion
ORD011735,CUST2490,2026-09-19,433.85,Grocery
ORD008068,CUST2333,2026-07-06,4892.64,Electronics
ORD000963,CUST0963,2026-07-17,1085.94,Beauty
ORD011522,CUST2483,2026-09-15,1347.25,Home & Kitchen
ORD011679,CUST2489,2026-06-16,1046.34,Fashion
ORD008469,CUST2356,2026-09-16,5879.72,Electronics
ORD005929,CUST2177,2026-07-07,573.91,Grocery
ORD003310,CUST1856,2026-09-28,10908.67,Electronics
ORD002167,CUST1473,2026-08-21,1091.74,Beauty
ORD000364,CUST0364,2026-09-02,1057.7,Fashion
ORD003724,CUST1920,2026-05-12,4381.01,Home & Kitchen
ORD002826,CUST1690,2026-02-06,8026.49,Electronics
ORD005999,CUST2187,2026-04-15,1940.85,Home & Kitchen
ORD003598,CUST1904,2026-06-26,4719.27,Electronics
ORD004727,CUST2038,2026-08-22,1535.13,Home & Kitchen
ORD000547,CUST0547,2026-04-07,1068.97,Fashion
ORD002941,CUST1729,2026-07-16,567.8,Fashion
ORD000472,CUST0472,2026-05-13,4258.69,Electronics
ORD001642,CUST1297,2026-03-25,5800.59,Home & Kitchen
ORD006267,CUST2220,2026-08-21,7231.59,Home & Kitchen
ORD003339,CUST1866,2026-09-25,900.83,Fashion
ORD005364,CUST2111,2026-09-19,925.64,Home & Kitchen
ORD001173,CUST1143,2026-04-30,3312.21,Home & Kitchen
ORD010279,CUST2440,2026-08-26,890.38,Grocery
ORD009980,CUST2430,2026-06-14,678.32,Grocery
ORD010376,CUST2444,2026-05-25,5099.98,Electronics
ORD006649,CUST2257,2026-09-28,2495.21,Fashion
ORD006694,CUST2260,2026-03-25,4281.18,Home & Kitchen
ORD005323,CUST2107,2026-03-11,681.38,Beauty
ORD010543,CUST2449,2026-08-09,34501.76,Electronics
ORD010330,CUST2442,2026-06-07,808.43,Beauty
ORD001411,CUST1221,2026-08-27,4468.29,Home & Kitchen
ORD007062,CUST2280,2026-05-18,2896.96,Home & Kitchen
ORD008744,CUST2370,2026-06-16,10402.42,Electronics
ORD009922,CUST2428,2026-07-31,31171.15,Electronics
ORD008995,CUST2383,2026-08-20,1610.39,Fashion
ORD002695,CUST1646,2026-08-07,468.79,Beauty
ORD000816,CUST0816,2026-06-18,621.5,Beauty
ORD002132,CUST1460,2026-06-25,5259.71,Electronics
ORD001798,CUST1351,2026-08-24,530.35,Fashion
ORD004576,CUST2021,2026-09-01,1040.08,Beauty
ORD005191,CUST2091,2026-08-12,649.14,Grocery
ORD003123,CUST1787,2026-09-09,860.26,Grocery
ORD006481,CUST2245,2026-09-02,328.49,Grocery
ORD004276,CUST1985,2026-08-28,392.61,Grocery
ORD011174,CUST2471,2026-09-16,420.26,Grocery
ORD008110,CUST2336,2026-06-03,701.09,Grocery
ORD006640,CUST2257,2026-09-14,668.8,Fashion
ORD010236,CUST2439,2026-06-17,3443.85,Electronics
ORD007325,CUST2293,2026-09-22,2018.64,Fashion
ORD000238,CUST0238,2026-06-14,1941.53,Fashion
ORD001533,CUST1259,2026-08-06,2772.59,Fashion
ORD011373,CUST2478,2026-06-25,11915.03,Electronics
ORD005598,CUST2139,2026-06-28,446.38,Fashion
ORD003411,CUST1882,2026-08-01,392.88,Grocery
ORD002832,CUST1692,2026-02-28,1942.64,Home & Kitchen
ORD010997,CUST2465,2026-08-20,3976.46,Home & Kitchen
ORD001536,CUST1260,2026-07-08,3409.34,Fashion
ORD003880,CUST1938,2026-08-26,3562.05,Electronics
ORD010160,CUST2436,2026-07-20,12027.57,Home & Kitchen
ORD001300,CUST1183,2026-07-11,8582.85,Electronics
ORD005333,CUST2108,2026-04-23,528.83,Grocery
ORD008646,CUST2365,2026-09-07,827.8,Grocery
ORD001481,CUST1243,2026-09-05,9551.12,Electronics
ORD002794,CUST1680,2026-09-20,2214.14,Home & Kitchen
ORD007112,CUST2282,2026-09-22,6828.66,Electronics
ORD011812,CUST2493,2026-09-28,523.41,Grocery
ORD005092,CUST2080,2026-02-08,704.57,Beauty
ORD002330,CUST1527,2026-07-24,259.99,Beauty
ORD008075,CUST2333,2026-09-15,363.11,Grocery
ORD006830,CUST2267,2026-03-21,2681.53,Home & Kitchen
ORD006761,CUST2263,2026-09-06,479.67,Fashion
ORD011418,CUST2479,2026-05-16,2564.58,Electronics
ORD003662,CUST1912,2026-06-22,1976.3,Home & Kitchen
ORD000556,CUST0556,2026-05-27,733.71,Beauty
ORD004826,CUST2049,2026-08-24,969.23,Fashion
ORD001164,CUST1140,2026-06-12,851.67,Fashion
ORD007301,CUST2291,2026-09-18,1467.24,Home & Kitchen
ORD004716,CUST2037,2026-07-03,565.64,Beauty
ORD000398,CUST0398,2026-06-24,1999.94,Beauty
ORD009395,CUST2404,2026-08-14,5395.43,Fashion
ORD012040,CUST2499,2026-09-10,2402.12,Home & Kitchen
ORD010626,CUST2452,2026-09-13,3286.57,Home & Kitchen
ORD012020,CUST2499,2026-04-13,1991.2,Home & Kitchen
ORD007702,CUST2313,2026-07-28,1102.3,Home & Kitchen
ORD008020,CUST2330,2026-06-25,179.84,Grocery
ORD000724,CUST0724,2026-02-25,3726.23,Home & Kitchen
ORD000301,CUST0301,2026-04-15,538.51,Grocery
ORD010929,CUST2463,2026-08-15,9471.84,Electronics
ORD006292,CUST2222,2026-07-09,1767.54,Home & Kitchen
ORD004295,CUST1987,2026-09-24,1515.26,Fashion
ORD005293,CUST2103,2026-07-26,322.96,Fashion
ORD004186,CUST1975,2026-02-26,1691.11,Fashion
ORD006495,CUST2247,2026-07-27,5987.74,Electronics
ORD005428,CUST2119,2026-08-24,1186.07,Home & Kitchen
ORD011878,CUST2494,2026-09-25,744.14,Beauty
ORD003143,CUST1795,2026-08-15,1781.12,Beauty
ORD006021,CUST2189,2026-07-07,1838.04,Fashion
ORD003206,CUST1820,2026-06-20,298.7,Grocery
ORD004956,CUST2064,2026-08-05,381.86,Grocery
ORD004583,CUST2022,2026-08-26,2164.48,Home & Kitchen
ORD010938,CUST2463,2026-08-30,478.79,Grocery
ORD011560,CUST2484,2026-08-29,13100.23,Electronics
ORD006607,CUST2255,2026-09-30,1125.75,Fashion
ORD007132,CUST2283,2026-09-23,778.0,Grocery
ORD011777,CUST2492,2026-09-06,5649.04,Electronics
ORD001153,CUST1137,2026-06-10,2603.74,Home & Kitchen
ORD001213,CUST1155,2026-08-09,458.97,Grocery
ORD004504,CUST2013,2026-09-11,2413.54,Home & Kitchen
ORD009920,CUST2428,2026-07-09,13845.48,Electronics
ORD011720,CUST2490,2026-08-02,5203.45,Electronics
ORD008812,CUST2373,2026-07-28,798.06,Grocery
ORD007066,CUST2280,2026-06-02,1343.22,Fashion
ORD008138,CUST2338,2026-09-17,1762.34,Home & Kitchen
ORD000666,CUST0666,2026-03-01,661.19,Grocery
ORD010885,CUST2461,2026-08-29,1066.44,Fashion
ORD000643,CUST0643,2026-01-18,432.42,Fashion
ORD011161,CUST2471,2026-08-19,4403.84,Electronics
ORD003768,CUST1925,2026-05-06,3621.51,Home & Kitchen
ORD004273,CUST1985,2026-07-13,5956.35,Electronics
ORD005503,CUST2127,2026-09-12,632.91,Fashion
ORD000787,CUST0787,2026-04-18,262.43,Fashion
ORD002858,CUST1702,2026-06-19,4052.4,Electronics
ORD003203,CUST1818,2026-09-18,2427.53,Home & Kitchen
ORD010227,CUST2438,2026-09-13,8416.38,Electronics
ORD004188,CUST1975,2026-05-02,4257.77,Home & Kitchen
ORD010670,CUST2454,2026-09-11,1300.85,Home & Kitchen
ORD010023,CUST2431,2026-09-02,9247.3,Electronics
ORD004825,CUST2049,2026-08-20,620.84,Grocery
ORD002906,CUST1718,2026-04-27,2670.11,Home & Kitchen
ORD004627,CUST2027,2026-07-19,6237.08,Home & Kitchen
ORD005658,CUST2145,2026-06-23,1265.99,Beauty
ORD000997,CUST0997,2026-08-09,1013.07,Fashion
ORD006181,CUST2210,2026-08-09,1609.6,Home & Kitchen
ORD010710,CUST2455,2026-07-06,7852.34,Electronics
ORD011874,CUST2494,2026-09-15,1798.31,Electronics
ORD005787,CUST2160,2026-08-15,6700.7,Home & Kitchen
ORD000157,CUST0157,2026-04-18,1339.22,Fashion
ORD007718,CUST2314,2026-08-30,1401.27,Home & Kitchen
ORD003086,CUST1777,2026-01-21,523.28,Grocery
ORD008427,CUST2354,2026-08-11,4627.0,Home & Kitchen
ORD001553,CUST1267,2026-07-19,455.22,Grocery
ORD010323,CUST2442,2026-04-25,935.55,Grocery
ORD006089,CUST2199,2026-09-10,1292.85,Fashion
ORD007497,CUST2302,2026-09-17,6361.58,Electronics
ORD003796,CUST1928,2026-08-07,530.41,Fashion
ORD000496,CUST0496,2026-07-13,1358.85,Fashion
ORD002322,CUST1524,2026-07-02,1497.34,Fashion
ORD006245,CUST2217,2026-09-21,2337.61,Home & Kitchen
ORD011666,CUST2488,2026-09-21,9482.17,Electronics
ORD000152,CUST0152,2026-06-29,2422.12,Fashion
ORD006114,CUST2202,2026-09-27,2284.35,Home & Kitchen
ORD009187,CUST2394,2026-08-04,2631.94,Home & Kitchen
ORD010187,CUST2437,2026-09-13,1886.58,Home & Kitchen
ORD008271,CUST2345,2026-07-08,272.71,Beauty
ORD001739,CUST1330,2026-08-12,1569.81,Home & Kitchen
ORD003002,CUST1749,2026-09-19,4038.84,Home & Kitchen
ORD010713,CUST2455,2026-07-17,3557.44,Electronics
ORD007294,CUST2291,2026-07-29,319.0,Grocery
ORD009299,CUST2399,2026-08-14,5795.18,Home & Kitchen
ORD010876,CUST2461,2026-07-06,1134.28,Fashion
ORD002884,CUST1710,2026-09-09,441.89,Grocery
ORD003721,CUST1919,2026-09-27,509.24,Beauty
ORD010639,CUST2453,2026-05-14,1266.71,Fashion
ORD010505,CUST2448,2026-07-20,14332.71,Electronics
ORD008601,CUST2363,2026-01-14,857.99,Beauty
ORD005801,CUST2162,2026-02-22,2892.14,Fashion
ORD007460,CUST2300,2026-08-19,897.97,Beauty
ORD002277,CUST1508,2026-08-28,1381.77,Grocery
ORD004824,CUST2048,2026-09-24,7867.68,Electronics
ORD004705,CUST2035,2026-09-19,11306.54,Electronics
ORD004462,CUST2009,2026-09-30,3972.97,Home & Kitchen
ORD000344,CUST0344,2026-05-26,1344.97,Fashion
ORD006126,CUST2204,2026-04-28,817.72,Beauty
ORD004137,CUST1969,2026-07-17,14289.25,Electronics
ORD008721,CUST2369,2026-07-21,7180.32,Home & Kitchen
ORD006959,CUST2274,2026-07-20,3311.8,Electronics
ORD011031,CUST2466,2026-08-11,2008.98,Fashion
ORD002224,CUST1492,2026-08-09,481.67,Grocery
ORD004197,CUST1976,2026-06-06,14229.78,Electronics
ORD007703,CUST2313,2026-07-29,1926.81,Fashion
ORD011099,CUST2468,2026-09-25,7590.58,Electronics
ORD010879,CUST2461,2026-07-23,6210.97,Electronics
ORD005082,CUST2078,2026-09-09,3019.08,Home & Kitchen
ORD010831,CUST2460,2026-08-24,483.35,Grocery
ORD007838,CUST2320,2026-09-16,621.16,Grocery
ORD011034,CUST2466,2026-08-16,460.47,Grocery
ORD004735,CUST2038,2026-09-19,2253.71,Fashion
ORD009785,CUST2423,2026-09-01,1814.83,Home & Kitchen
ORD001466,CUST1239,2026-09-15,2118.21,Home & Kitchen
ORD004594,CUST2023,2026-09-27,4367.73,Electronics
ORD002235,CUST1495,2026-08-24,5315.85,Home & Kitchen
ORD006782,CUST2264,2026-08-24,2982.87,Electronics
ORD003904,CUST1941,2026-08-09,928.76,Beauty
ORD000284,CUST0284,2026-05-10,4478.73,Home & Kitchen
ORD011188,CUST2472,2026-09-20,485.4,Fashion
ORD005517,CUST2129,2026-09-28,269.09,Grocery
ORD010357,CUST2443,2026-09-18,4573.34,Electronics
ORD008311,CUST2348,2026-05-15,601.9,Beauty
ORD008016,CUST2330,2026-06-07,4828.48,Home & Kitchen
ORD004152,CUST1971,2026-09-03,9247.65,Electronics
ORD006418,CUST2237,2026-08-02,1473.7,Beauty
ORD008445,CUST2355,2026-07-14,394.78,Grocery
ORD002122,CUST1457,2026-09-29,10101.58,Electronics
ORD008479,CUST2357,2026-05-01,374.96,Grocery
ORD005013,CUST2070,2026-09-08,7765.36,Electronics
ORD009312,CUST2400,2026-08-31,7252.55,Electronics
ORD006077,CUST2198,2026-04-30,2017.54,Fashion
ORD003162,CUST1802,2026-09-18,557.04,Fashion
ORD002631,CUST1626,2026-08-18,689.73,Fashion
ORD009801,CUST2424,2026-07-22,1039.86,Fashion
ORD010280,CUST2440,2026-09-03,8060.32,Electronics
ORD007967,CUST2327,2026-09-29,2166.74,Beauty
ORD010837,CUST2460,2026-08-31,406.27,Beauty
ORD001204,CUST1152,2026-06-20,1471.98,Fashion
ORD008207,CUST2341,2026-09-27,1621.56,Fashion
ORD000617,CUST0617,2026-09-29,1034.83,Beauty
ORD001927,CUST1393,2026-07-27,6620.1,Electronics
ORD003115,CUST1785,2026-09-13,897.14,Beauty
ORD002642,CUST1629,2026-09-25,1861.84,Fashion
ORD010830,CUST2460,2026-08-23,6517.38,Electronics
ORD002563,CUST1603,2026-09-21,3683.41,Electronics
ORD005991,CUST2185,2026-08-28,2771.44,Home & Kitchen
ORD002729,CUST1659,2026-08-27,495.46,Grocery
ORD006769,CUST2263,2026-09-24,600.93,Grocery
ORD009592,CUST2414,2026-03-26,984.12,Grocery
ORD002127,CUST1459,2026-03-03,1580.05,Fashion
ORD009426,CUST2405,2026-09-30,12652.99,Electronics
ORD009957,CUST2429,2026-09-28,8172.14,Electronics
ORD006776,CUST2264,2026-06-18,1130.86,Home & Kitchen
ORD007260,CUST2290,2026-08-03,2736.65,Home & Kitchen
ORD000806,CUST0806,2026-08-11,1206.13,Beauty
ORD004695,CUST2034,2026-06-30,639.61,Grocery
ORD005614,CUST2140,2026-08-05,8025.3,Home & Kitchen
ORD011858,CUST2494,2026-06-19,8518.15,Electronics
ORD003141,CUST1795,2026-03-25,508.83,Grocery
ORD004281,CUST1986,2026-08-24,2937.58,Home & Kitchen
ORD005339,CUST2108,2026-09-08,9635.27,Home & Kitchen
ORD009122,CUST2391,2026-08-19,831.3,Grocery
ORD008166,CUST2339,2026-07-25,14890.81,Electronics
ORD005838,CUST2166,2026-09-21,10016.56,Electronics
ORD000548,CUST0548,2026-02-22,1060.04,Beauty
ORD000027,CUST0027,2026-07-21,1442.4,Fashion
ORD009305,CUST2399,2026-09-12,3865.59,Electronics
ORD003919,CUST1943,2026-09-22,7404.74,Electronics
ORD004487,CUST2011,2026-09-28,1498.16,Home & Kitchen
ORD005399,CUST2115,2026-07-27,737.12,Grocery
ORD008359,CUST2351,2026-07-16,863.45,Fashion
ORD010155,CUST2436,2026-07-07,39590.61,Electronics
ORD001222,CUST1158,2026-08-23,831.44,Beauty
ORD007613,CUST2308,2026-07-22,4902.54,Home & Kitchen
ORD002549,CUST1598,2026-08-20,2608.96,Home & Kitchen
ORD011436,CUST2479,2026-09-10,4927.62,Electronics
ORD000438,CUST0438,2026-08-17,1081.45,Fashion
ORD009474,CUST2408,2026-08-12,14938.64,Electronics
ORD010498,CUST2448,2026-07-03,9795.27,Electronics
ORD006501,CUST2248,2026-08-10,472.14,Grocery
ORD001862,CUST1374,2026-02-04,10211.8,Electronics
ORD002700,CUST1648,2026-09-23,2538.09,Home & Kitchen
ORD010255,CUST2439,2026-09-06,6872.03,Electronics
ORD006799,CUST2265,2026-09-21,486.99,Grocery
ORD002482,CUST1578,2026-05-26,3412.19,Home & Kitchen
ORD006413,CUST2236,2026-09-24,10439.22,Electronics
ORD010186,CUST2437,2026-09-12,366.81,Grocery
ORD002707,CUST1651,2026-02-02,685.05,Grocery
ORD007552,CUST2305,2026-09-02,384.14,Grocery
ORD000327,CUST0327,2026-01-21,820.23,Fashion
ORD005136,CUST2084,2026-07-26,20532.27,Electronics
ORD005326,CUST2107,2026-05-22,288.36,Grocery
ORD002500,CUST1584,2026-07-14,860.0,Fashion
ORD001005,CUST1005,2026-03-26,577.78,Beauty
ORD008932,CUST2380,2026-08-25,679.24,Grocery
ORD006596,CUST2255,2026-09-22,1586.69,Home & Kitchen
ORD004012,CUST1955,2026-08-02,8741.29,Electronics
ORD010801,CUST2459,2026-08-29,3490.32,Home & Kitchen
ORD000535,CUST0535,2026-08-28,1116.17,Fashion
ORD007734,CUST2315,2026-07-07,32554.6,Electronics
ORD003961,CUST1948,2026-09-29,451.7,Grocery
ORD000586,CUST0586,2026-02-22,623.51,Beauty
ORD009952,CUST2429,2026-09-27,433.76,Fashion
ORD008415,CUST2354,2026-05-07,300.53,Beauty
ORD006493,CUST2247,2026-06-07,5625.03,Electronics
ORD011133,CUST2470,2026-06-04,647.12,Fashion
ORD011290,CUST2475,2026-07-31,14066.7,Electronics
ORD000492,CUST0492,2026-01-22,1734.06,Beauty
ORD005685,CUST2148,2026-09-15,878.35,Grocery
ORD007013,CUST2277,2026-09-09,3106.58,Home & Kitchen
ORD008807,CUST2373,2026-07-17,4649.01,Home & Kitchen
ORD009649,CUST2416,2026-08-29,1294.08,Fashion
ORD009487,CUST2409,2026-07-13,3813.91,Electronics
ORD003549,CUST1898,2026-09-12,2616.3,Home & Kitchen
ORD007039,CUST2278,2026-09-30,468.19,Grocery
ORD001917,CUST1390,2026-08-09,651.15,Beauty
ORD003186,CUST1811,2026-07-16,283.14,Grocery
ORD005609,CUST2140,2026-06-30,673.94,Grocery
ORD001911,CUST1389,2026-04-15,2587.33,Home & Kitchen
ORD007823,CUST2319,2026-08-02,3373.21,Home & Kitchen
ORD006210,CUST2213,2026-08-05,623.41,Fashion
ORD001134,CUST1128,2026-08-19,394.54,Grocery
ORD008164,CUST2339,2026-06-24,2608.18,Home & Kitchen
ORD007108,CUST2282,2026-09-06,337.08,Grocery
ORD002519,CUST1590,2026-04-05,892.06,Grocery
ORD008691,CUST2367,2026-09-01,5688.27,Electronics
ORD001318,CUST1190,2026-08-01,1868.73,Fashion
ORD004369,CUST1998,2026-02-25,2300.98,Home & Kitchen
ORD000122,CUST0122,2026-04-27,913.42,Beauty
ORD009258,CUST2397,2026-09-15,4950.39,Home & Kitchen
ORD002450,CUST1567,2026-09-21,2279.31,Electronics
ORD005913,CUST2175,2026-09-22,3833.36,Fashion
ORD006346,CUST2229,2026-09-21,665.23,Grocery
ORD002602,CUST1617,2026-09-25,547.78,Grocery
ORD001523,CUST1256,2026-07-23,705.96,Fashion
ORD007989,CUST2329,2026-09-02,861.86,Grocery
ORD002174,CUST1476,2026-04-12,1301.31,Fashion
ORD003284,CUST1846,2026-09-08,2427.46,Home & Kitchen
ORD004555,CUST2019,2026-01-21,10050.73,Electronics
ORD003606,CUST1905,2026-05-26,2556.57,Fashion
ORD010410,CUST2445,2026-07-13,694.38,Grocery
ORD009049,CUST2386,2026-08-15,8213.56,Electronics
ORD005675,CUST2147,2026-05-20,5401.93,Fashion
ORD010951,CUST2463,2026-09-14,4730.76,Electronics
ORD003769,CUST1925,2026-05-13,4198.54,Home & Kitchen
ORD006963,CUST2274,2026-08-10,7456.68,Electronics
ORD008285,CUST2346,2026-09-01,430.97,Grocery
ORD004039,CUST1958,2026-06-05,677.85,Grocery
ORD003503,CUST1892,2026-09-27,1559.12,Fashion
ORD001408,CUST1220,2026-08-31,7364.47,Electronics
ORD004632,CUST2027,2026-09-04,1160.14,Home & Kitchen
ORD007572,CUST2306,2026-05-23,4214.97,Electronics
ORD006751,CUST2262,2026-09-25,264.61,Grocery
ORD004936,CUST2061,2026-08-27,2130.87,Fashion
ORD010620,CUST2452,2026-08-27,297.87,Grocery
ORD002580,CUST1609,2026-06-23,495.9,Grocery
ORD010500,CUST2448,2026-07-09,11896.37,Electronics
ORD003270,CUST1841,2026-06-15,397.82,Fashion
ORD011540,CUST2484,2026-05-25,919.36,Beauty
ORD001868,CUST1376,2026-06-18,962.28,Home & Kitchen
ORD011972,CUST2497,2026-09-24,9916.02,Electronics
ORD011321,CUST2476,2026-08-21,2069.59,Fashion
ORD002522,CUST1590,2026-08-30,5360.99,Electronics
ORD010154,CUST2436,2026-06-24,3168.78,Electronics
ORD001821,CUST1360,2026-07-09,627.01,Grocery
ORD006546,CUST2252,2026-07-12,14295.23,Electronics
ORD000052,CUST0052,2026-07-23,1297.78,Fashion
ORD003889,CUST1939,2026-09-13,1220.41,Grocery
ORD005188,CUST2091,2026-06-19,986.02,Beauty
ORD010475,CUST2446,2026-09-29,526.77,Grocery
ORD003578,CUST1901,2026-07-09,2904.17,Home & Kitchen
ORD004566,CUST2020,2026-08-24,5715.63,Electronics
ORD007517,CUST2303,2026-05-16,6109.78,Electronics
ORD009948,CUST2429,2026-09-26,4050.92,Electronics
ORD011198,CUST2472,2026-09-25,5050.43,Electronics
ORD001859,CUST1372,2026-09-30,5187.06,Electronics
ORD007414,CUST2297,2026-07-25,389.31,Fashion
ORD011513,CUST2482,2026-09-07,8798.63,Electronics
ORD004962,CUST2064,2026-09-01,5161.75,Electronics
ORD008070,CUST2333,2026-08-06,1882.96,Home & Kitchen
ORD010796,CUST2458,2026-09-26,4622.73,Electronics
ORD008684,CUST2367,2026-06-23,11089.59,Electronics
ORD011141,CUST2470,2026-08-14,1488.21,Home & Kitchen
ORD005199,CUST2092,2026-07-31,617.77,Fashion
ORD007418,CUST2298,2026-01-07,10640.4,Electronics
ORD000426,CUST0426,2026-04-25,5210.32,Home & Kitchen
ORD004285,CUST1986,2026-09-05,530.95,Grocery
ORD011740,CUST2490,2026-09-27,12208.05,Electronics
ORD009887,CUST2427,2026-08-31,465.15,Grocery
ORD000229,CUST0229,2026-04-24,625.56,Beauty
ORD007608,CUST2307,2026-09-29,1993.12,Home & Kitchen
ORD002742,CUST1663,2026-06-17,541.8,Grocery
ORD005138,CUST2085,2026-03-31,318.96,Grocery
ORD010566,CUST2450,2026-09-25,1044.52,Fashion
ORD007670,CUST2311,2026-07-24,6410.83,Home & Kitchen
ORD007164,CUST2285,2026-07-23,1487.05,Home & Kitchen
ORD002922,CUST1723,2026-08-18,399.79,Beauty
ORD008251,CUST2344,2026-08-13,3270.39,Home & Kitchen
ORD010183,CUST2437,2026-09-08,702.68,Beauty
ORD003654,CUST1911,2026-08-05,1162.57,Home & Kitchen
ORD006691,CUST2260,2026-02-02,1352.85,Beauty
ORD006005,CUST2187,2026-08-12,1555.44,Home & Kitchen
ORD001129,CUST1127,2026-06-14,412.89,Fashion
ORD007445,CUST2299,2026-09-25,604.87,Grocery
ORD002332,CUST1528,2026-09-12,6853.01,Electronics
ORD002209,CUST1487,2026-06-18,6231.8,Electronics
ORD007363,CUST2294,2026-09-28,472.75,Grocery
ORD012016,CUST2499,2026-03-08,9625.04,Electronics
ORD006160,CUST2208,2026-09-15,985.63,Fashion
ORD003154,CUST1799,2026-08-17,445.06,Fashion
ORD010884,CUST2461,2026-08-27,7265.43,Electronics
ORD010157,CUST2436,2026-07-11,6644.09,Electronics
ORD009515,CUST2410,2026-07-22,547.94,Beauty
ORD011602,CUST2486,2026-08-17,4365.35,Electronics
ORD004991,CUST2067,2026-07-31,741.71,Home & Kitchen
ORD002375,CUST1543,2026-04-08,778.57,Beauty
ORD001633,CUST1294,2026-09-12,6996.18,Home & Kitchen
ORD007094,CUST2281,2026-09-02,717.52,Beauty
ORD002299,CUST1515,2026-09-17,258.06,Grocery
ORD007385,CUST2295,2026-09-28,1281.28,Fashion
ORD004253,CUST1982,2026-09-18,771.47,Beauty
ORD010654,CUST2453,2026-08-11,4084.72,Home & Kitchen
ORD002722,CUST1657,2026-03-08,1213.8,Home & Kitchen
ORD009229,CUST2396,2026-07-11,1396.91,Fashion
ORD006128,CUST2204,2026-06-30,588.13,Grocery
ORD006144,CUST2206,2026-05-27,2254.5,Fashion
ORD008266,CUST2345,2026-04-04,1648.14,Home & Kitchen
ORD009664,CUST2417,2026-08-01,753.83,Fashion
ORD008791,CUST2372,2026-09-24,348.44,Beauty
ORD005910,CUST2175,2026-09-14,530.37,Beauty
ORD005095,CUST2080,2026-04-18,830.95,Grocery
ORD007842,CUST2320,2026-09-22,629.6,Fashion
ORD006182,CUST2210,2026-08-10,3134.23,Fashion
ORD007915,CUST2324,2026-09-09,766.04,Beauty
ORD008115,CUST2336,2026-08-09,518.78,Grocery
ORD009821,CUST2425,2026-04-27,2279.71,Fashion
ORD002551,CUST1599,2026-08-30,1529.11,Fashion
ORD007055,CUST2279,2026-09-03,2206.03,Home & Kitchen
ORD009336,CUST2401,2026-09-20,2166.17,Fashion
ORD000939,CUST0939,2026-06-01,1083.94,Beauty
ORD007473,CUST2301,2026-07-23,3632.59,Electronics
ORD010705,CUST2455,2026-06-15,5227.57,Electronics
ORD011990,CUST2498,2026-07-30,8266.81,Electronics
ORD011745,CUST2491,2026-07-11,16750.28,Electronics
ORD004853,CUST2052,2026-09-17,1879.09,Home & Kitchen
ORD002645,CUST1630,2026-05-22,371.85,Grocery
ORD010558,CUST2450,2026-09-22,14530.75,Electronics
ORD003166,CUST1803,2026-09-07,2332.42,Home & Kitchen
ORD003640,CUST1909,2026-06-23,497.18,Fashion
ORD005070,CUST2077,2026-07-25,366.05,Grocery
ORD006187,CUST2210,2026-09-25,318.98,Grocery
ORD007792,CUST2318,2026-09-11,8611.96,Electronics
ORD002062,CUST1437,2026-04-22,495.18,Grocery
ORD004646,CUST2029,2026-06-16,475.4,Grocery
ORD006291,CUST2222,2026-04-15,1388.0,Grocery
ORD002813,CUST1686,2026-09-01,1674.93,Home & Kitchen
ORD011462,CUST2480,2026-09-28,3841.97,Home & Kitchen
ORD010433,CUST2445,2026-09-17,583.3,Grocery
ORD011675,CUST2489,2026-06-05,430.84,Grocery
ORD010859,CUST2460,2026-09-28,13095.55,Electronics
ORD002550,CUST1599,2026-01-25,960.0,Grocery
ORD008527,CUST2359,2026-09-10,824.6,Beauty
ORD007088,CUST2281,2026-06-03,2273.95,Home & Kitchen
ORD006287,CUST2222,2026-02-07,522.94,Grocery
ORD008728,CUST2369,2026-08-18,330.61,Fashion
ORD004175,CUST1973,2026-07-31,372.15,Beauty
ORD006462,CUST2241,2026-09-30,5765.13,Electronics
ORD010575,CUST2450,2026-09-28,5437.44,Home & Kitchen
ORD001025,CUST1025,2026-02-04,1105.38,Fashion
ORD004849,CUST2052,2026-09-13,3482.49,Home & Kitchen
ORD007174,CUST2285,2026-08-25,2050.57,Fashion
ORD007921,CUST2325,2026-07-31,965.94,Beauty
ORD001952,CUST1401,2026-09-18,2504.14,Home & Kitchen
ORD007308,CUST2292,2026-05-10,693.21,Grocery
ORD000352,CUST0352,2026-04-03,827.34,Grocery
ORD009643,CUST2416,2026-07-27,1864.67,Home & Kitchen
ORD009689,CUST2418,2026-09-13,1431.24,Home & Kitchen
ORD005481,CUST2125,2026-07-27,4587.79,Electronics
ORD009489,CUST2409,2026-07-15,412.83,Grocery
ORD004798,CUST2046,2026-07-19,5264.62,Electronics
ORD005701,CUST2150,2026-08-03,261.99,Grocery
ORD003663,CUST1912,2026-07-22,846.16,Grocery
ORD010502,CUST2448,2026-07-14,6746.2,Electronics
ORD004658,CUST2030,2026-09-05,577.75,Fashion
ORD009378,CUST2403,2026-08-22,540.81,Grocery
ORD003151,CUST1798,2026-06-30,9548.97,Electronics
ORD007214,CUST2287,2026-09-10,4085.46,Electronics
ORD010103,CUST2434,2026-04-21,912.79,Fashion
ORD004814,CUST2048,2026-04-21,490.9,Grocery
ORD006207,CUST2213,2026-03-05,3251.38,Home & Kitchen
ORD008523,CUST2359,2026-08-31,1899.08,Beauty
ORD005144,CUST2086,2026-08-24,11353.58,Electronics
ORD002940,CUST1729,2026-07-03,285.65,Fashion
ORD004511,CUST2014,2026-09-01,1540.29,Home & Kitchen
ORD001341,CUST1197,2026-09-20,6484.3,Electronics
ORD011320,CUST2475,2026-09-30,5374.1,Electronics
ORD001392,CUST1215,2026-08-26,829.62,Grocery
ORD009894,CUST2427,2026-09-14,7915.01,Electronics
ORD007143,CUST2284,2026-05-15,1465.99,Home & Kitchen
ORD009385,CUST2403,2026-09-17,336.53,Grocery
ORD007467,CUST2300,2026-09-14,438.98,Fashion
ORD006454,CUST2241,2026-07-14,3120.57,Home & Kitchen
ORD001584,CUST1277,2026-05-02,1274.35,Fashion
ORD001413,CUST1222,2026-08-25,1409.91,Fashion
ORD011091,CUST2468,2026-09-19,4727.8,Electronics
ORD010572,CUST2450,2026-09-26,2970.75,Home & Kitchen
ORD002257,CUST1501,2026-09-26,6313.3,Electronics
ORD008954,CUST2381,2026-09-10,1337.27,Fashion
ORD002213,CUST1488,2026-07-09,992.21,Grocery
ORD005604,CUST2139,2026-08-14,1603.76,Fashion
ORD002623,CUST1623,2026-09-22,3066.85,Beauty
ORD011953,CUST2497,2026-08-15,960.79,Grocery
ORD005418,CUST2118,2026-07-16,11334.38,Electronics
ORD004939,CUST2062,2026-06-25,729.25,Beauty
ORD008830,CUST2374,2026-08-23,5346.62,Electronics
ORD003625,CUST1907,2026-06-15,646.37,Beauty
ORD006948,CUST2273,2026-09-10,1114.58,Grocery
ORD004268,CUST1984,2026-09-18,828.72,Beauty
ORD010849,CUST2460,2026-09-11,7708.95,Electronics
ORD000464,CUST0464,2026-01-27,1250.13,Beauty
ORD001755,CUST1336,2026-08-15,3103.09,Home & Kitchen
ORD006731,CUST2261,2026-08-08,537.48,Fashion
ORD005639,CUST2143,2026-05-15,548.27,Grocery
ORD006453,CUST2241,2026-07-11,335.94,Beauty
ORD005909,CUST2174,2026-09-29,8471.29,Electronics
ORD007360,CUST2294,2026-09-23,4087.83,Home & Kitchen
ORD000379,CUST0379,2026-05-20,2676.97,Fashion
ORD003107,CUST1783,2026-05-07,1130.36,Grocery
ORD004804,CUST2047,2026-05-27,1278.2,Grocery
ORD001336,CUST1196,2026-07-19,1631.15,Home & Kitchen
ORD010629,CUST2452,2026-09-16,14756.01,Electronics
ORD011708,CUST2490,2026-06-04,691.2,Grocery
ORD002717,CUST1655,2026-01-27,738.73,Grocery
ORD010942,CUST2463,2026-09-02,1012.63,Fashion
ORD006389,CUST2233,2026-09-29,2310.48,Home & Kitchen
ORD009928,CUST2428,2026-08-11,496.74,Beauty
ORD007856,CUST2321,2026-06-08,3753.6,Fashion
ORD007104,CUST2282,2026-09-02,2397.88,Home & Kitchen
ORD010732,CUST2455,2026-09-13,1735.47,Home & Kitchen
ORD001812,CUST1357,2026-06-28,1035.95,Beauty
ORD007323,CUST2292,2026-09-06,3956.14,Electronics
ORD010295,CUST2441,2026-05-02,1285.59,Home & Kitchen
ORD001895,CUST1384,2026-04-07,2632.46,Home & Kitchen
ORD009145,CUST2392,2026-09-23,1465.47,Home & Kitchen
ORD007238,CUST2288,2026-09-21,10047.44,Electronics
ORD007451,CUST2299,2026-09-28,9372.93,Electronics
ORD006621,CUST2256,2026-08-28,699.4,Fashion
ORD001190,CUST1148,2026-02-25,320.72,Grocery
ORD005195,CUST2091,2026-09-25,9184.36,Electronics
ORD007982,CUST2328,2026-09-26,13731.38,Electronics
ORD006898,CUST2271,2026-06-30,9950.18,Electronics
ORD005872,CUST2170,2026-07-27,4885.72,Electronics
ORD003455,CUST1886,2026-07-14,5111.54,Electronics
ORD010046,CUST2432,2026-08-14,2110.46,Home & Kitchen
ORD005859,CUST2168,2026-09-27,1355.84,Fashion
ORD005874,CUST2170,2026-08-29,1033.97,Grocery
ORD005900,CUST2174,2026-02-27,1267.69,Beauty
ORD009010,CUST2384,2026-07-13,7542.43,Electronics
ORD004614,CUST2026,2026-05-21,1162.88,Fashion
ORD003993,CUST1953,2026-07-18,1154.26,Fashion
ORD011172,CUST2471,2026-09-15,4500.43,Electronics
ORD001031,CUST1031,2026-07-13,816.19,Fashion
ORD009879,CUST2427,2026-07-30,954.72,Fashion
ORD002221,CUST1491,2026-09-23,3422.3,Home & Kitchen
ORD003775,CUST1925,2026-08-13,2562.39,Home & Kitchen
ORD008584,CUST2362,2026-06-22,3440.85,Electronics
ORD009363,CUST2402,2026-08-19,8373.21,Electronics
ORD001756,CUST1336,2026-08-24,962.44,Beauty
ORD010127,CUST2434,2026-09-06,3031.69,Home & Kitchen
ORD008836,CUST2374,2026-09-05,2125.36,Beauty
ORD004328,CUST1991,2026-06-02,9836.32,Electronics
ORD010319,CUST2442,2026-02-13,1073.11,Beauty
ORD000111,CUST0111,2026-07-09,18220.87,Electronics
ORD008009,CUST2330,2026-04-19,4614.7,Electronics
ORD008964,CUST2382,2026-09-18,4307.05,Electronics
ORD005732,CUST2153,2026-08-23,3750.72,Electronics
ORD002918,CUST1722,2026-06-15,1411.84,Home & Kitchen
ORD011118,CUST2469,2026-09-26,6226.5,Home & Kitchen
ORD001516,CUST1254,2026-09-29,360.8,Fashion
ORD011411,CUST2479,2026-03-14,15574.98,Electronics
ORD011130,CUST2470,2026-05-04,3263.52,Home & Kitchen
ORD010936,CUST2463,2026-08-26,5680.29,Electronics
ORD010158,CUST2436,2026-07-16,6328.04,Electronics
ORD002264,CUST1503,2026-03-26,430.83,Grocery
ORD006625,CUST2256,2026-09-06,8716.3,Electronics
ORD006138,CUST2205,2026-09-30,3240.37,Home & Kitchen
ORD010257,CUST2439,2026-09-27,11305.47,Electronics
ORD010139,CUST2435,2026-04-01,2661.48,Electronics
ORD000894,CUST0894,2026-01-14,1633.66,Fashion
ORD001491,CUST1246,2026-09-29,5385.74,Electronics
ORD001851,CUST1369,2026-09-02,7934.43,Electronics
ORD007402,CUST2296,2026-09-26,749.74,Fashion
ORD000325,CUST0325,2026-08-24,273.31,Grocery
ORD001216,CUST1156,2026-07-01,5084.95,Home & Kitchen
ORD002934,CUST1727,2026-06-08,8775.72,Electronics
ORD004690,CUST2033,2026-09-20,1057.29,Beauty
ORD010676,CUST2454,2026-09-15,1448.06,Beauty
ORD008676,CUST2367,2026-04-21,4359.14,Electronics
ORD010367,CUST2444,2026-03-12,11949.3,Electronics
ORD011088,CUST2468,2026-09-17,9038.28,Electronics
ORD011746,CUST2491,2026-07-17,1046.96,Home & Kitchen
ORD001130,CUST1127,2026-06-20,739.26,Grocery
ORD010372,CUST2444,2026-04-17,15492.48,Electronics
ORD002919,CUST1722,2026-09-12,695.92,Grocery
ORD005854,CUST2168,2026-09-04,4893.82,Electronics
ORD003085,CUST1776,2026-08-09,719.26,Grocery
ORD004589,CUST2023,2026-09-21,2297.19,Home & Kitchen
ORD004305,CUST1988,2026-09-29,6308.06,Electronics
ORD002796,CUST1681,2026-04-27,5497.25,Electronics
ORD005830,CUST2165,2026-07-02,8385.51,Electronics
ORD000799,CUST0799,2026-04-26,1781.12,Beauty
ORD000735,CUST0735,2026-02-15,561.61,Beauty
ORD005958,CUST2182,2026-07-30,1758.1,Fashion
ORD002245,CUST1498,2026-08-12,452.69,Grocery
ORD000179,CUST0179,2026-06-25,1584.29,Beauty
ORD008372,CUST2352,2026-07-13,6855.94,Home & Kitchen
ORD009932,CUST2428,2026-09-06,8966.49,Electronics
ORD001175,CUST1143,2026-07-25,548.59,Grocery
ORD006166,CUST2208,2026-09-26,3433.75,Home & Kitchen
ORD008386,CUST2352,2026-09-10,1750.09,Home & Kitchen
ORD001832,CUST1363,2026-09-17,3622.88,Electronics
ORD010434,CUST2445,2026-09-21,5809.06,Electronics
ORD009960,CUST2429,2026-09-28,2061.62,Home & Kitchen
ORD009704,CUST2419,2026-08-17,20590.13,Electronics
ORD001782,CUST1346,2026-09-09,1147.65,Fashion
ORD003202,CUST1818,2026-09-16,1086.73,Beauty
ORD000199,CUST0199,2026-08-12,243.48,Beauty
ORD011866,CUST2494,2026-07-18,2580.28,Home & Kitchen
ORD004088,CUST1964,2026-07-30,10829.5,Electronics
ORD005194,CUST2091,2026-09-19,352.41,Grocery
ORD000549,CUST0549,2026-03-25,955.28,Beauty
ORD003340,CUST1866,2026-09-28,2473.64,Home & Kitchen
ORD012037,CUST2499,2026-09-06,7666.47,Electronics
ORD006715,CUST2261,2026-02-18,324.19,Fashion
ORD006677,CUST2259,2026-09-01,1361.59,Beauty
ORD009339,CUST2401,2026-09-25,750.5,Beauty
ORD002533,CUST1594,2026-05-03,572.27,Beauty
ORD008609,CUST2363,2026-06-13,986.91,Beauty
ORD002315,CUST1522,2026-09-27,6699.41,Electronics
ORD008930,CUST2380,2026-08-19,12643.02,Electronics
ORD011157,CUST2471,2026-08-17,10652.43,Electronics
ORD009964,CUST2429,2026-09-29,14857.27,Electronics
ORD006904,CUST2271,2026-07-13,720.36,Fashion
ORD000067,CUST0067,2026-08-15,810.33,Beauty
ORD005128,CUST2083,2026-08-17,342.97,Grocery
ORD004713,CUST2036,2026-09-06,15766.54,Electronics
ORD005215,CUST2094,2026-09-28,4050.25,Electronics
ORD003261,CUST1838,2026-05-22,888.09,Grocery
ORD005034,CUST2072,2026-08-15,8844.69,Electronics
ORD002573,CUST1606,2026-06-25,877.14,Grocery
ORD008269,CUST2345,2026-06-27,1461.53,Fashion
ORD008694,CUST2367,2026-09-20,752.57,Fashion
ORD000623,CUST0623,2026-06-26,2723.83,Home & Kitchen
ORD001682,CUST1310,2026-01-22,1119.51,Fashion
ORD000788,CUST0788,2026-02-28,1694.2,Beauty
ORD003333,CUST1864,2026-06-22,1103.39,Grocery
ORD009134,CUST2391,2026-09-25,1307.96,Beauty
ORD011869,CUST2494,2026-08-02,1424.36,Home & Kitchen
ORD010567,CUST2450,2026-09-25,4853.81,Electronics
ORD003281,CUST1844,2026-09-21,3140.55,Home & Kitchen
ORD006949,CUST2273,2026-09-14,5139.44,Home & Kitchen
ORD011015,CUST2466,2026-05-30,2164.02,Fashion
ORD008193,CUST2340,2026-09-28,628.01,Beauty
ORD007943,CUST2326,2026-09-12,1002.87,Home & Kitchen
ORD010447,CUST2446,2026-06-23,2612.04,Home & Kitchen
ORD000516,CUST0516,2026-06-10,251.18,Grocery
ORD000479,CUST0479,2026-09-13,2429.89,Home & Kitchen
ORD009774,CUST2423,2026-08-03,1254.84,Home & Kitchen
ORD006256,CUST2219,2026-09-16,5376.72,Home & Kitchen
ORD008273,CUST2345,2026-07-11,455.41,Grocery
ORD002648,CUST1631,2026-09-08,2917.92,Fashion
ORD010474,CUST2446,2026-09-21,4963.69,Home & Kitchen
ORD006163,CUST2208,2026-09-20,3076.72,Fashion
ORD008304,CUST2348,2026-02-21,460.62,Grocery
ORD001034,CUST1034,2026-03-13,637.71,Fashion
ORD006877,CUST2269,2026-09-24,592.35,Fashion
ORD002599,CUST1616,2026-07-30,1556.32,Fashion
ORD006071,CUST2197,2026-07-07,8875.11,Electronics
ORD006302,CUST2223,2026-07-04,1375.1,Beauty
ORD010503,CUST2448,2026-07-16,1525.49,Fashion
ORD006670,CUST2259,2026-08-20,741.75,Beauty
ORD000345,CUST0345,2026-07-21,736.93,Grocery
ORD005522,CUST2130,2026-05-15,10137.31,Electronics
ORD005959,CUST2182,2026-08-08,3700.17,Home & Kitchen
ORD001872,CUST1377,2026-08-06,307.32,Grocery
ORD008052,CUST2332,2026-07-06,342.68,Fashion
ORD009935,CUST2428,2026-09-15,7042.25,Electronics
ORD003987,CUST1951,2026-09-30,525.12,Grocery
ORD011604,CUST2486,2026-08-23,2678.37,Fashion
ORD002889,CUST1712,2026-06-01,1152.58,Beauty
ORD008056,CUST2332,2026-08-25,1151.81,Fashion
ORD004624,CUST2027,2026-06-27,3937.59,Home & Kitchen
ORD004819,CUST2048,2026-07-08,2875.18,Home & Kitchen
ORD000221,CUST0221,2026-09-30,895.7,Fashion
ORD011098,CUST2468,2026-09-24,8038.28,Electronics
ORD007068,CUST2280,2026-06-24,511.58,Beauty
ORD010054,CUST2432,2026-08-26,1848.81,Electronics
ORD006741,CUST2262,2026-09-08,1597.4,Fashion
ORD009416,CUST2405,2026-09-27,517.68,Grocery
ORD006426,CUST2238,2026-08-20,3444.27,Home & Kitchen
ORD004017,CUST1955,2026-08-29,2247.1,Home & Kitchen
ORD006023,CUST2189,2026-09-14,681.0,Fashion
ORD004249,CUST1982,2026-07-10,615.41,Grocery
ORD011051,CUST2467,2026-07-22,2488.6,Home & Kitchen
ORD010310,CUST2441,2026-08-13,391.84,Grocery
ORD010126,CUST2434,2026-09-03,8965.64,Electronics
ORD008170,CUST2339,2026-08-11,439.64,Grocery
ORD006340,CUST2228,2026-04-18,2617.11,Home & Kitchen
ORD001265,CUST1171,2026-08-05,1729.58,Fashion
ORD004242,CUST1981,2026-08-31,1258.43,Beauty
ORD005651,CUST2144,2026-09-27,1454.63,Beauty
ORD006193,CUST2211,2026-08-06,858.8,Fashion
ORD011350,CUST2477,2026-05-23,694.97,Grocery
ORD007177,CUST2285,2026-09-02,12890.21,Electronics
ORD011087,CUST2468,2026-09-17,1705.37,Home & Kitchen
ORD011744,CUST2491,2026-07-11,464.58,Grocery
ORD008392,CUST2353,2026-05-14,2957.44,Fashion
ORD002882,CUST1710,2026-06-02,403.53,Grocery
ORD001678,CUST1309,2026-08-05,4426.38,Electronics
ORD008608,CUST2363,2026-05-28,746.92,Fashion
ORD000902,CUST0902,2026-08-22,720.5,Fashion
ORD009231,CUST2396,2026-07-28,614.89,Fashion
ORD002297,CUST1514,2026-08-27,841.21,Grocery
ORD003403,CUST1880,2026-09-20,213.76,Grocery
ORD010485,CUST2447,2026-08-31,234.49,Grocery
ORD000297,CUST0297,2026-03-17,859.06,Fashion
ORD010610,CUST2451,2026-09-13,31122.97,Electronics
ORD004154,CUST1971,2026-09-11,401.21,Fashion
ORD009816,CUST2425,2026-01-12,6042.65,Home & Kitchen
ORD006429,CUST2238,2026-09-02,1298.28,Home & Kitchen
ORD000028,CUST0028,2026-03-06,6057.98,Electronics
ORD008825,CUST2374,2026-08-18,1480.81,Home & Kitchen
ORD008948,CUST2381,2026-08-13,3088.27,Home & Kitchen
ORD003830,CUST1933,2026-08-25,1251.64,Fashion
ORD010688,CUST2454,2026-09-21,5396.92,Home & Kitchen
ORD003249,CUST1834,2026-07-26,609.92,Grocery
ORD008338,CUST2350,2026-08-30,952.36,Grocery
ORD009568,CUST2413,2026-06-16,1475.48,Home & Kitchen
ORD007593,CUST2307,2026-09-16,1464.93,Fashion
ORD002581,CUST1609,2026-08-04,350.53,Grocery
ORD006456,CUST2241,2026-07-30,2025.71,Home & Kitchen
ORD010624,CUST2452,2026-09-07,16129.18,Electronics
ORD008224,CUST2342,2026-09-16,651.89,Grocery
ORD001371,CUST1207,2026-09-23,1353.73,Grocery
ORD011906,CUST2495,2026-09-24,1754.13,Fashion
ORD011734,CUST2490,2026-09-19,13628.9,Electronics
ORD007589,CUST2307,2026-09-05,10620.08,Electronics
ORD005552,CUST2133,2026-08-07,4260.57,Electronics
ORD006919,CUST2271,2026-09-17,644.09,Beauty
ORD005255,CUST2098,2026-09-30,2882.35,Home & Kitchen
ORD000682,CUST0682,2026-09-26,2428.19,Home & Kitchen
ORD011242,CUST2473,2026-09-12,650.78,Beauty
ORD004776,CUST2044,2026-07-29,9691.22,Electronics
ORD005423,CUST2118,2026-09-08,272.94,Grocery
ORD003160,CUST1801,2026-09-24,6391.11,Electronics
ORD010292,CUST2441,2026-04-18,5807.72,Electronics
ORD002988,CUST1745,2026-08-15,6045.43,Electronics
ORD004909,CUST2058,2026-09-30,672.12,Fashion
ORD001883,CUST1380,2026-08-06,272.17,Grocery
ORD007855,CUST2321,2026-05-04,1349.22,Fashion
ORD008374,CUST2352,2026-07-19,3089.18,Home & Kitchen
ORD001941,CUST1397,2026-01-26,1022.87,Beauty
ORD003297,CUST1851,2026-07-13,901.15,Beauty
ORD003535,CUST1896,2026-07-12,4328.41,Electronics
ORD003730,CUST1921,2026-07-19,580.07,Fashion
ORD000491,CUST0491,2026-07-04,1005.85,Fashion
ORD011474,CUST2481,2026-03-12,9017.36,Electronics
ORD001182,CUST1145,2026-06-16,494.03,Grocery
ORD001376,CUST1209,2026-03-18,13880.43,Electronics
ORD005015,CUST2070,2026-09-15,887.24,Grocery
ORD007653,CUST2310,2026-09-01,1907.05,Home & Kitchen
ORD008015,CUST2330,2026-06-05,2176.0,Home & Kitchen
ORD000627,CUST0627,2026-08-11,2013.69,Home & Kitchen
ORD004759,CUST2041,2026-09-23,768.38,Fashion
ORD010968,CUST2464,2026-04-29,1420.48,Home & Kitchen
ORD002113,CUST1454,2026-03-25,7295.34,Electronics
ORD008350,CUST2350,2026-09-23,1051.19,Grocery
ORD005956,CUST2181,2026-09-23,9470.26,Electronics
ORD001768,CUST1340,2026-09-14,1504.08,Fashion
ORD008860,CUST2376,2026-09-13,315.88,Grocery
ORD004181,CUST1974,2026-07-21,1643.32,Beauty
ORD009149,CUST2392,2026-09-24,1495.31,Fashion
ORD006097,CUST2200,2026-08-17,1428.32,Home & Kitchen
ORD001463,CUST1238,2026-09-16,381.12,Beauty
ORD002888,CUST1711,2026-09-30,707.31,Beauty
ORD006464,CUST2242,2026-09-01,3427.06,Home & Kitchen
ORD000685,CUST0685,2026-06-11,866.94,Beauty
ORD004540,CUST2017,2026-08-30,393.84,Grocery
ORD004515,CUST2014,2026-09-11,4451.43,Home & Kitchen
ORD009289,CUST2399,2026-05-09,802.92,Home & Kitchen
ORD011093,CUST2468,2026-09-20,1243.24,Fashion
ORD001367,CUST1206,2026-08-29,444.08,Grocery
ORD003917,CUST1943,2026-09-18,1643.07,Home & Kitchen
ORD011842,CUST2493,2026-09-30,8698.45,Electronics
ORD002640,CUST1629,2026-05-08,498.5,Beauty
ORD011428,CUST2479,2026-07-23,2604.63,Home & Kitchen
ORD005603,CUST2139,2026-07-28,402.33,Grocery
ORD010905,CUST2462,2026-09-19,1347.7,Home & Kitchen
ORD005730,CUST2153,2026-08-03,921.87,Fashion
ORD005731,CUST2153,2026-08-09,3292.28,Home & Kitchen
ORD008822,CUST2374,2026-08-08,3021.26,Home & Kitchen
ORD008363,CUST2351,2026-08-10,454.19,Grocery
ORD002301,CUST1516,2026-09-21,1416.68,Home & Kitchen
ORD004788,CUST2045,2026-07-25,513.47,Fashion
ORD002939,CUST1729,2026-06-16,4637.27,Home & Kitchen
ORD005660,CUST2145,2026-07-08,5730.58,Electronics
ORD009496,CUST2409,2026-08-22,782.08,Fashion
ORD010459,CUST2446,2026-08-03,3099.26,Electronics
ORD007479,CUST2301,2026-08-09,2087.17,Home & Kitchen
ORD001980,CUST1410,2026-04-01,995.44,Fashion
ORD005980,CUST2184,2026-07-06,1630.8,Home & Kitchen
ORD003804,CUST1930,2026-07-05,496.97,Fashion
ORD004535,CUST2017,2026-07-03,1176.12,Grocery
ORD010328,CUST2442,2026-05-21,1064.89,Fashion
ORD006344,CUST2228,2026-07-10,843.01,Beauty
ORD009232,CUST2396,2026-07-30,339.56,Grocery
ORD006940,CUST2273,2026-08-10,1100.8,Home & Kitchen
ORD009066,CUST2387,2026-09-24,2226.18,Home & Kitchen
ORD004801,CUST2046,2026-08-31,817.51,Grocery
ORD002281,CUST1509,2026-08-13,467.05,Fashion
ORD008651,CUST2366,2026-04-17,1485.18,Fashion
ORD006073,CUST2197,2026-09-04,736.91,Grocery
ORD004470,CUST2009,2026-09-30,1483.81,Beauty
ORD005134,CUST2084,2026-05-19,845.5,Fashion
ORD007550,CUST2305,2026-08-30,9521.03,Electronics
ORD000999,CUST0999,2026-07-31,452.67,Beauty
ORD004131,CUST1968,2026-09-11,8015.67,Electronics
ORD005267,CUST2100,2026-08-22,779.97,Grocery
ORD008522,CUST2359,2026-08-25,1620.74,Home & Kitchen
ORD011847,CUST2494,2026-05-04,4036.25,Electronics
ORD001785,CUST1347,2026-03-06,888.97,Grocery
ORD003183,CUST1810,2026-01-05,815.11,Fashion
ORD010469,CUST2446,2026-09-03,1951.87,Electronics
ORD000495,CUST0495,2026-05-23,1366.26,Grocery
ORD006537,CUST2251,2026-09-20,3010.14,Home & Kitchen
ORD009916,CUST2428,2026-06-21,5772.69,Electronics
ORD008730,CUST2369,2026-08-20,7225.79,Home & Kitchen
ORD002861,CUST1703,2026-08-16,435.87,Grocery
ORD002039,CUST1430,2026-06-08,3827.34,Fashion
ORD004042,CUST1958,2026-09-07,2386.49,Fashion
ORD009268,CUST2398,2026-04-30,6958.72,Electronics
ORD002898,CUST1715,2026-09-13,1374.82,Home & Kitchen
ORD000367,CUST0367,2026-05-13,514.69,Beauty
ORD000850,CUST0850,2026-06-15,481.62,Grocery
ORD010669,CUST2454,2026-09-11,4662.7,Home & Kitchen
ORD006486,CUST2245,2026-09-26,662.52,Fashion
ORD007862,CUST2321,2026-09-02,3922.23,Electronics
ORD008171,CUST2339,2026-08-18,302.15,Grocery
ORD002654,CUST1633,2026-05-31,1491.45,Beauty
ORD003504,CUST1893,2026-09-07,1407.63,Fashion
ORD008333,CUST2349,2026-09-28,542.42,Beauty
ORD001542,CUST1262,2026-08-13,202.88,Fashion
ORD010043,CUST2432,2026-08-08,1221.37,Beauty
ORD010708,CUST2455,2026-07-01,1834.79,Home & Kitchen
ORD000323,CUST0323,2026-07-08,2820.53,Home & Kitchen
ORD002032,CUST1428,2026-09-29,1546.19,Beauty
ORD008923,CUST2380,2026-07-16,588.95,Grocery
ORD006947,CUST2273,2026-09-06,15792.13,Electronics
ORD000814,CUST0814,2026-08-18,685.67,Grocery
ORD002529,CUST1593,2026-04-06,2182.03,Home & Kitchen
ORD011325,CUST2476,2026-08-28,8827.62,Electronics
ORD011822,CUST2493,2026-09-29,702.22,Grocery
ORD011107,CUST2469,2026-09-03,6666.48,Electronics
ORD010293,CUST2441,2026-04-26,3814.57,Home & Kitchen
ORD005275,CUST2101,2026-07-30,1354.73,Beauty
ORD001080,CUST1080,2026-01-30,1235.18,Home & Kitchen
ORD002227,CUST1493,2026-06-13,647.47,Beauty
ORD010412,CUST2445,2026-07-28,2654.9,Grocery
ORD011030,CUST2466,2026-08-02,9347.04,Electronics
ORD008881,CUST2377,2026-07-22,11679.51,Electronics
ORD002706,CUST1650,2026-09-15,747.4,Beauty
ORD010506,CUST2448,2026-07-21,1073.56,Fashion
ORD006226,CUST2216,2026-03-31,3277.15,Home & Kitchen
ORD001165,CUST1140,2026-06-25,1864.69,Home & Kitchen
ORD003262,CUST1839,2026-07-27,748.4,Grocery
ORD007829,CUST2320,2026-09-02,13375.82,Electronics
ORD007729,CUST2314,2026-09-24,4698.21,Home & Kitchen
ORD001451,CUST1234,2026-09-27,1115.91,Fashion
ORD004230,CUST1980,2026-05-13,1581.31,Fashion
ORD003863,CUST1936,2026-07-25,1423.67,Fashion
ORD002937,CUST1728,2026-08-08,591.68,Grocery
ORD009759,CUST2422,2026-07-15,585.06,Grocery
ORD003918,CUST1943,2026-09-21,3377.39,Home & Kitchen
ORD005488,CUST2126,2026-06-10,2179.13,Electronics
ORD007181,CUST2285,2026-09-20,842.99,Grocery
ORD009843,CUST2426,2026-07-13,8589.38,Electronics
ORD001724,CUST1325,2026-04-02,1447.5,Home & Kitchen
ORD008904,CUST2379,2026-09-27,6358.32,Home & Kitchen
ORD006593,CUST2255,2026-09-22,9263.32,Fashion
ORD004057,CUST1960,2026-09-25,8947.51,Electronics
ORD011488,CUST2481,2026-08-06,1162.38,Beauty
ORD003000,CUST1749,2026-06-15,1261.68,Fashion
ORD007220,CUST2288,2026-07-29,1283.09,Home & Kitchen
ORD010892,CUST2461,2026-09-17,1038.87,Beauty
ORD001232,CUST1161,2026-09-29,6359.58,Home & Kitchen
ORD001515,CUST1253,2026-07-30,1544.91,Home & Kitchen
ORD002314,CUST1521,2026-09-23,740.21,Grocery
ORD001452,CUST1235,2026-09-13,2343.61,Home & Kitchen
ORD007551,CUST2305,2026-08-31,316.33,Fashion
ORD008293,CUST2347,2026-09-01,1028.39,Fashion
ORD010300,CUST2441,2026-07-03,2287.15,Home & Kitchen
ORD004322,CUST1990,2026-09-11,1174.17,Fashion
ORD008576,CUST2361,2026-09-29,459.58,Fashion
ORD000839,CUST0839,2026-07-10,738.68,Grocery
ORD011975,CUST2498,2026-05-29,873.27,Home & Kitchen
ORD006783,CUST2264,2026-08-25,6724.16,Electronics
ORD003900,CUST1941,2026-05-28,8281.65,Electronics
ORD010266,CUST2440,2026-07-15,6507.34,Electronics
ORD003568,CUST1900,2026-07-27,854.47,Grocery
ORD011189,CUST2472,2026-09-22,5061.32,Fashion
ORD005453,CUST2122,2026-08-19,4386.7,Electronics
ORD003088,CUST1777,2026-05-22,918.5,Grocery
ORD007908,CUST2324,2026-06-30,4889.05,Home & Kitchen
ORD010442,CUST2446,2026-06-07,1908.7,Home & Kitchen
ORD004547,CUST2018,2026-06-22,487.93,Grocery
ORD004693,CUST2034,2026-06-08,1346.45,Home & Kitchen
ORD001715,CUST1321,2026-09-28,451.18,Fashion
ORD006734,CUST2261,2026-09-18,520.7,Beauty
ORD004271,CUST1985,2026-05-31,13014.12,Electronics
ORD000340,CUST0340,2026-09-20,2413.62,Fashion
ORD009695,CUST2419,2026-06-24,562.4,Grocery
ORD004087,CUST1964,2026-07-10,9135.02,Electronics
ORD007509,CUST2303,2026-01-30,392.11,Grocery
ORD009827,CUST2425,2026-09-15,2199.12,Fashion
ORD007202,CUST2286,2026-09-26,423.67,Grocery
ORD000589,CUST0589,2026-05-28,482.51,Fashion
ORD003366,CUST1875,2026-06-25,470.03,Fashion
ORD002671,CUST1638,2026-08-06,3098.08,Home & Kitchen
ORD005516,CUST2129,2026-09-28,1601.65,Fashion
ORD003590,CUST1903,2026-03-11,1507.1,Home & Kitchen
ORD000035,CUST0035,2026-08-15,374.86,Grocery
ORD000029,CUST0029,2026-08-03,1930.05,Home & Kitchen
ORD002396,CUST1551,2026-01-17,3358.34,Electronics
ORD006562,CUST2253,2026-08-11,1196.81,Beauty
ORD006619,CUST2256,2026-08-26,6512.27,Fashion
ORD005507,CUST2128,2026-01-27,3132.95,Fashion
ORD006728,CUST2261,2026-06-24,508.01,Grocery
ORD002171,CUST1475,2026-01-04,3289.53,Electronics
ORD007542,CUST2304,2026-09-11,748.93,Fashion
ORD006848,CUST2268,2026-05-14,2349.78,Home & Kitchen
ORD000890,CUST0890,2026-07-01,2469.68,Fashion
ORD003879,CUST1938,2026-08-23,847.55,Fashion
ORD003323,CUST1860,2026-04-12,1395.12,Beauty
ORD011351,CUST2477,2026-06-21,8638.96,Electronics
ORD003515,CUST1894,2026-09-12,1055.9,Fashion
ORD008332,CUST2349,2026-09-28,881.46,Grocery
ORD010076,CUST2432,2026-09-30,1765.02,Fashion
ORD005674,CUST2147,2026-05-12,2722.18,Home & Kitchen
ORD007878,CUST2322,2026-07-06,2010.45,Home & Kitchen
ORD003734,CUST1921,2026-08-24,1339.38,Beauty
ORD010930,CUST2463,2026-08-16,16317.98,Electronics
ORD011433,CUST2479,2026-09-02,5571.51,Electronics
ORD009199,CUST2395,2026-04-04,688.68,Grocery
ORD004529,CUST2016,2026-06-08,1882.32,Grocery
ORD001655,CUST1302,2026-06-19,1789.87,Home & Kitchen
ORD007567,CUST2306,2026-04-28,2883.78,Electronics
ORD007573,CUST2306,2026-06-04,441.79,Fashion
ORD000224,CUST0224,2026-02-22,565.53,Fashion
ORD010415,CUST2445,2026-08-01,822.09,Grocery
ORD006386,CUST2233,2026-09-28,1092.95,Beauty
ORD006506,CUST2248,2026-09-19,2503.4,Fashion
ORD005983,CUST2184,2026-08-20,4135.53,Electronics
ORD004240,CUST1981,2026-08-19,329.48,Fashion
ORD005883,CUST2171,2026-09-26,1485.64,Fashion
ORD001591,CUST1279,2026-07-28,893.99,Fashion
ORD008476,CUST2357,2026-03-20,7599.0,Electronics
ORD003257,CUST1837,2026-07-18,4581.99,Home & Kitchen
ORD006787,CUST2265,2026-09-06,936.7,Fashion
ORD007002,CUST2277,2026-01-01,2250.11,Home & Kitchen
ORD002182,CUST1479,2026-05-03,3266.17,Home & Kitchen
ORD011724,CUST2490,2026-08-19,1237.5,Fashion
ORD009030,CUST2385,2026-07-27,439.12,Grocery
ORD007211,CUST2287,2026-09-03,1754.83,Home & Kitchen
ORD007799,CUST2318,2026-09-14,3887.81,Fashion
ORD008001,CUST2329,2026-09-18,5965.99,Electronics
ORD009130,CUST2391,2026-09-16,479.24,Home & Kitchen
ORD009017,CUST2384,2026-09-11,4805.7,Home & Kitchen
ORD004818,CUST2048,2026-07-08,555.98,Grocery
ORD007034,CUST2278,2026-09-06,670.25,Grocery
ORD007387,CUST2296,2026-09-11,4578.15,Home & Kitchen
ORD001210,CUST1155,2026-05-04,533.88,Grocery
ORD008062,CUST2333,2026-05-18,2474.45,Home & Kitchen
ORD000422,CUST0422,2026-04-23,2782.56,Fashion
ORD010565,CUST2450,2026-09-25,919.36,Grocery
ORD001707,CUST1319,2026-05-22,431.59,Grocery
ORD001159,CUST1138,2026-07-16,1207.44,Beauty
ORD002307,CUST1518,2026-02-15,567.03,Beauty
ORD000274,CUST0274,2026-09-05,660.48,Fashion
ORD000172,CUST0172,2026-09-01,1876.4,Fashion
ORD003957,CUST1948,2026-09-21,6525.32,Electronics
ORD005607,CUST2139,2026-09-21,537.71,Beauty
ORD007273,CUST2290,2026-09-15,550.92,Grocery
ORD004866,CUST2053,2026-09-23,2364.55,Home & Kitchen
ORD007131,CUST2283,2026-09-22,1426.46,Fashion
ORD003189,CUST1812,2026-07-06,394.96,Grocery
ORD001726,CUST1326,2026-05-17,7598.05,Electronics
ORD011644,CUST2488,2026-08-22,5578.66,Electronics
ORD008247,CUST2343,2026-09-30,4207.45,Electronics
ORD001565,CUST1271,2026-06-07,768.35,Fashion
ORD001783,CUST1346,2026-09-11,7284.06,Electronics
ORD000844,CUST0844,2026-05-09,571.99,Beauty
ORD011291,CUST2475,2026-07-31,9352.17,Electronics
ORD009862,CUST2426,2026-09-16,1108.83,Fashion
ORD000905,CUST0905,2026-01-02,1660.11,Fashion
ORD003495,CUST1891,2026-09-13,1518.13,Beauty
ORD011684,CUST2489,2026-07-13,2670.55,Fashion
ORD007507,CUST2302,2026-09-29,9527.27,Electronics
ORD001548,CUST1265,2026-03-15,166.3,Fashion
ORD010086,CUST2433,2026-08-17,395.34,Grocery
ORD002081,CUST1443,2026-09-19,784.05,Fashion
ORD009226,CUST2396,2026-05-16,4572.17,Electronics
ORD009050,CUST2386,2026-08-30,922.67,Beauty
ORD006591,CUST2255,2026-09-21,1767.8,Fashion
ORD003986,CUST1951,2026-09-30,1509.42,Fashion
ORD008740,CUST2369,2026-09-19,279.04,Grocery
ORD010013,CUST2431,2026-08-10,638.19,Grocery
ORD008607,CUST2363,2026-04-24,1616.01,Beauty
ORD011519,CUST2483,2026-09-14,3390.72,Home & Kitchen
ORD009899,CUST2427,2026-09-28,4286.44,Beauty
ORD004678,CUST2032,2026-05-08,1750.21,Beauty
ORD003821,CUST1932,2026-09-23,2170.54,Home & Kitchen
ORD005210,CUST2094,2026-09-27,2562.89,Home & Kitchen
ORD002647,CUST1631,2026-05-20,1115.47,Beauty
ORD006536,CUST2251,2026-09-18,304.08,Grocery
ORD009254,CUST2397,2026-09-11,6678.52,Electronics
ORD007489,CUST2301,2026-09-24,1785.12,Home & Kitchen
ORD000257,CUST0257,2026-03-04,380.98,Grocery
ORD009159,CUST2393,2026-06-29,4354.58,Home & Kitchen
ORD004351,CUST1994,2026-09-28,2203.96,Home & Kitchen
ORD008529,CUST2359,2026-09-12,838.34,Grocery
ORD006806,CUST2265,2026-09-30,2639.72,Home & Kitchen
ORD005924,CUST2176,2026-09-15,1252.11,Fashion
ORD002156,CUST1468,2026-09-15,481.87,Grocery
ORD008827,CUST2374,2026-08-19,2821.54,Home & Kitchen
ORD010736,CUST2456,2026-09-15,1617.33,Home & Kitchen
ORD003716,CUST1918,2026-09-15,3477.53,Home & Kitchen
ORD004058,CUST1960,2026-09-26,718.16,Fashion
ORD008843,CUST2375,2026-08-16,4350.83,Electronics
ORD010019,CUST2431,2026-08-23,22822.67,Electronics
ORD003623,CUST1907,2026-05-24,4993.08,Home & Kitchen
ORD005649,CUST2144,2026-06-01,750.51,Grocery
ORD006551,CUST2252,2026-09-17,2407.41,Home & Kitchen
ORD003103,CUST1781,2026-09-24,1169.71,Beauty
ORD000559,CUST0559,2026-06-12,2232.04,Home & Kitchen
ORD007560,CUST2305,2026-09-22,1547.54,Fashion
ORD009354,CUST2402,2026-06-17,8464.54,Electronics
ORD001437,CUST1229,2026-08-21,1146.96,Fashion
ORD000508,CUST0508,2026-07-30,4221.75,Electronics
ORD005276,CUST2101,2026-08-15,678.21,Grocery
ORD004473,CUST2010,2026-09-15,1105.63,Fashion
ORD001870,CUST1376,2026-07-13,300.68,Beauty
ORD005664,CUST2146,2026-09-12,966.16,Beauty
ORD011250,CUST2474,2026-03-22,8295.65,Electronics
ORD005931,CUST2178,2026-08-26,3055.84,Fashion
ORD008447,CUST2355,2026-09-01,1920.12,Home & Kitchen
ORD000756,CUST0756,2026-07-17,574.48,Fashion
ORD007537,CUST2304,2026-08-20,1198.15,Home & Kitchen
ORD010287,CUST2441,2026-02-26,1360.88,Grocery
ORD004051,CUST1959,2026-09-27,1282.51,Home & Kitchen
ORD007720,CUST2314,2026-09-02,3736.08,Home & Kitchen
ORD003837,CUST1934,2026-08-01,496.22,Beauty
ORD004387,CUST2000,2026-03-13,815.35,Home & Kitchen
ORD006844,CUST2267,2026-08-18,692.19,Fashion
ORD002119,CUST1456,2026-09-02,364.7,Grocery
ORD009309,CUST2400,2026-08-25,3355.03,Fashion
ORD000730,CUST0730,2026-09-18,1097.16,Beauty
ORD000502,CUST0502,2026-04-09,457.47,Fashion
ORD006887,CUST2270,2026-05-07,2186.16,Home & Kitchen
ORD000644,CUST0644,2026-05-19,575.11,Fashion
ORD007302,CUST2292,2026-01-27,4725.11,Home & Kitchen
ORD001540,CUST1261,2026-07-21,846.18,Fashion
ORD008580,CUST2361,2026-09-30,552.23,Grocery
ORD001212,CUST1155,2026-07-01,874.84,Fashion
ORD008917,CUST2379,2026-09-30,302.83,Fashion
ORD011011,CUST2466,2026-05-18,1264.28,Grocery
ORD000673,CUST0673,2026-07-04,8096.53,Electronics
ORD004916,CUST2059,2026-08-12,2059.91,Fashion
ORD006107,CUST2202,2026-01-05,5439.18,Electronics
ORD006339,CUST2227,2026-09-23,632.88,Grocery
ORD003378,CUST1877,2026-07-25,5747.99,Electronics
ORD004477,CUST2011,2026-08-20,798.45,Fashion
ORD005616,CUST2140,2026-08-29,2256.53,Electronics
ORD010616,CUST2452,2026-08-22,2439.47,Home & Kitchen
ORD001465,CUST1239,2026-08-03,10521.09,Electronics
ORD004746,CUST2040,2026-09-15,9412.86,Electronics
ORD010775,CUST2457,2026-08-31,540.69,Beauty
ORD001193,CUST1148,2026-05-02,1354.46,Fashion
ORD003794,CUST1928,2026-07-25,3173.17,Home & Kitchen
ORD001873,CUST1377,2026-09-24,3296.29,Home & Kitchen
ORD003591,CUST1903,2026-06-03,6118.51,Home & Kitchen
ORD003159,CUST1801,2026-09-24,2393.05,Home & Kitchen
ORD009758,CUST2422,2026-07-12,1371.87,Beauty
ORD000506,CUST0506,2026-06-05,1220.78,Fashion
ORD000244,CUST0244,2026-05-14,1087.69,Fashion
ORD005679,CUST2147,2026-09-01,879.92,Fashion
ORD000507,CUST0507,2026-04-19,754.82,Fashion
ORD009881,CUST2427,2026-08-12,2338.69,Electronics
ORD011843,CUST2493,2026-09-30,2430.48,Home & Kitchen
ORD006500,CUST2247,2026-08-30,2261.66,Home & Kitchen
ORD008162,CUST2339,2026-05-26,1493.12,Grocery
ORD006223,CUST2215,2026-05-10,3985.88,Home & Kitchen
ORD006766,CUST2263,2026-09-22,1315.63,Fashion
ORD006854,CUST2268,2026-07-27,365.31,Beauty
ORD007333,CUST2293,2026-09-25,1326.07,Fashion
ORD001774,CUST1343,2026-01-27,1484.04,Fashion
ORD008021,CUST2330,2026-07-15,13018.2,Electronics
ORD003011,CUST1752,2026-09-18,4576.71,Electronics
ORD007204,CUST2287,2026-07-27,884.08,Fashion
ORD009871,CUST2427,2026-07-09,462.58,Beauty
ORD000798,CUST0798,2026-04-01,2869.79,Home & Kitchen
ORD003619,CUST1906,2026-09-27,4535.22,Electronics
ORD002382,CUST1546,2026-06-01,4577.51,Electronics
ORD002830,CUST1691,2026-04-06,1088.62,Grocery
ORD007283,CUST2291,2026-03-18,973.17,Fashion
ORD011257,CUST2474,2026-04-30,5926.74,Electronics
ORD010561,CUST2450,2026-09-24,9223.4,Electronics
ORD004634,CUST2028,2026-02-02,802.06,Fashion
ORD000313,CUST0313,2026-03-31,865.24,Grocery
ORD000747,CUST0747,2026-05-10,4189.88,Home & Kitchen
ORD003570,CUST1900,2026-09-13,643.78,Fashion
ORD000791,CUST0791,2026-01-20,1647.43,Grocery
ORD002477,CUST1576,2026-09-03,955.77,Beauty
ORD006121,CUST2203,2026-09-21,565.79,Fashion
ORD007029,CUST2278,2026-08-13,4576.16,Home & Kitchen
ORD011266,CUST2474,2026-06-26,457.41,Grocery
ORD002571,CUST1605,2026-06-15,978.24,Fashion
ORD005754,CUST2156,2026-07-13,1316.6,Beauty
ORD007773,CUST2316,2026-09-22,1047.39,Grocery
ORD010443,CUST2446,2026-06-10,4692.8,Electronics
ORD005600,CUST2139,2026-07-13,7253.3,Electronics
ORD007657,CUST2310,2026-09-12,8403.02,Electronics
ORD004356,CUST1995,2026-09-16,3616.65,Home & Kitchen
ORD002164,CUST1471,2026-09-18,739.07,Fashion
ORD008873,CUST2377,2026-05-17,396.66,Grocery
ORD008702,CUST2368,2026-07-27,4063.47,Home & Kitchen
ORD000381,CUST0381,2026-02-26,1432.02,Beauty
ORD010993,CUST2465,2026-08-02,798.65,Grocery
ORD001293,CUST1181,2026-06-17,9602.24,Home & Kitchen
ORD001913,CUST1389,2026-05-12,487.2,Grocery
ORD008700,CUST2368,2026-07-21,2427.87,Home & Kitchen
ORD000600,CUST0600,2026-03-24,5917.93,Fashion
ORD003893,CUST1940,2026-08-12,6993.9,Home & Kitchen
ORD004142,CUST1969,2026-09-14,959.13,Fashion
ORD005541,CUST2132,2026-09-21,562.96,Grocery
ORD001653,CUST1301,2026-09-06,462.3,Grocery
ORD007679,CUST2312,2026-04-27,1499.35,Home & Kitchen
ORD009523,CUST2410,2026-08-21,788.29,Fashion
ORD001894,CUST1384,2026-01-28,2461.13,Home & Kitchen
ORD001945,CUST1398,2026-03-07,865.48,Grocery
ORD003396,CUST1879,2026-09-16,840.84,Beauty
ORD008043,CUST2331,2026-09-28,3706.41,Home & Kitchen
ORD004363,CUST1997,2026-07-08,360.93,Grocery
ORD011799,CUST2492,2026-09-23,12483.13,Electronics
ORD000376,CUST0376,2026-04-22,3317.77,Home & Kitchen
ORD001967,CUST1406,2026-03-30,12387.61,Electronics
ORD003958,CUST1948,2026-09-24,6038.77,Electronics
ORD011136,CUST2470,2026-06-24,14976.7,Home & Kitchen
ORD010600,CUST2451,2026-08-07,1052.61,Grocery
ORD004424,CUST2004,2026-08-29,1302.72,Beauty
ORD005352,CUST2110,2026-07-31,2834.59,Home & Kitchen
ORD005697,CUST2149,2026-09-27,3711.38,Electronics
ORD001244,CUST1164,2026-09-23,13924.38,Electronics
ORD011200,CUST2472,2026-09-27,28088.32,Electronics
ORD009743,CUST2421,2026-08-20,12743.15,Home & Kitchen
ORD010780,CUST2458,2026-07-20,3335.81,Home & Kitchen
ORD007585,CUST2306,2026-09-28,6415.74,Electronics
ORD007776,CUST2317,2026-07-20,1091.46,Grocery
ORD001472,CUST1241,2026-05-19,905.07,Grocery
ORD003347,CUST1869,2026-09-29,481.59,Fashion
ORD004523,CUST2015,2026-09-28,853.19,Home & Kitchen
ORD002658,CUST1634,2026-07-25,511.05,Grocery
ORD002854,CUST1701,2026-08-31,771.91,Fashion
ORD004507,CUST2013,2026-09-25,563.47,Grocery
ORD011845,CUST2494,2026-04-24,431.35,Grocery
ORD010852,CUST2460,2026-09-16,2804.29,Home & Kitchen
ORD011806,CUST2493,2026-09-28,2695.17,Home & Kitchen
ORD004046,CUST1959,2026-09-21,579.44,Grocery
ORD004063,CUST1961,2026-05-10,2324.1,Home & Kitchen
ORD005327,CUST2107,2026-06-21,1398.09,Fashion
ORD008299,CUST2347,2026-09-21,387.5,Fashion
ORD010105,CUST2434,2026-05-10,5433.97,Electronics
ORD007047,CUST2279,2026-06-14,1134.45,Grocery
ORD004307,CUST1989,2026-03-03,875.72,Fashion
ORD005140,CUST2085,2026-06-30,10496.31,Electronics
ORD007158,CUST2284,2026-09-23,559.14,Fashion
ORD009308,CUST2400,2026-08-25,6835.32,Electronics
ORD007754,CUST2316,2026-05-29,3563.91,Electronics
ORD003991,CUST1952,2026-09-01,924.34,Fashion
ORD001050,CUST1050,2026-07-31,488.82,Beauty
ORD003824,CUST1932,2026-09-30,554.84,Grocery
ORD010609,CUST2451,2026-09-05,1931.75,Fashion
ORD009678,CUST2418,2026-08-01,1432.65,Home & Kitchen
ORD002036,CUST1429,2026-05-17,808.62,Grocery
ORD004040,CUST1958,2026-07-10,413.19,Beauty
ORD007690,CUST2312,2026-08-25,721.24,Grocery
ORD007622,CUST2308,2026-09-08,1742.5,Fashion
ORD011301,CUST2475,2026-08-24,6525.73,Electronics
ORD001973,CUST1408,2026-02-20,1637.5,Home & Kitchen
ORD007008,CUST2277,2026-06-16,358.04,Beauty
ORD002100,CUST1450,2026-02-28,431.88,Grocery
ORD001500,CUST1249,2026-07-05,612.84,Fashion
ORD005206,CUST2093,2026-07-20,3078.15,Home & Kitchen
ORD003513,CUST1894,2026-08-26,298.99,Grocery
ORD006394,CUST2234,2026-09-15,1223.24,Fashion
ORD010118,CUST2434,2026-08-04,949.19,Grocery
ORD000653,CUST0653,2026-06-13,772.89,Fashion
ORD000171,CUST0171,2026-08-08,2709.7,Electronics
ORD004086,CUST1964,2026-07-08,1817.52,Fashion
ORD000243,CUST0243,2026-07-29,1533.23,Fashion
ORD009536,CUST2411,2026-08-04,6449.96,Electronics
ORD005799,CUST2162,2026-01-09,289.85,Grocery
ORD010264,CUST2440,2026-07-10,7438.79,Electronics
ORD004372,CUST1998,2026-04-28,7603.65,Electronics
ORD001645,CUST1298,2026-08-24,801.94,Fashion
ORD006356,CUST2229,2026-09-27,5197.71,Electronics
ORD005595,CUST2138,2026-09-16,6481.39,Electronics
ORD002757,CUST1669,2026-02-15,633.41,Fashion
ORD007874,CUST2322,2026-05-27,5339.52,Electronics
ORD008810,CUST2373,2026-07-24,601.28,Grocery
ORD009302,CUST2399,2026-08-27,24163.54,Electronics
ORD009082,CUST2388,2026-09-23,492.03,Beauty
ORD009934,CUST2428,2026-09-08,1008.91,Beauty
ORD005232,CUST2096,2026-07-16,530.8,Grocery
ORD002077,CUST1442,2026-08-20,2939.41,Beauty
ORD004104,CUST1966,2026-06-18,1418.32,Fashion
ORD011548,CUST2484,2026-07-10,2742.06,Electronics
ORD003997,CUST1953,2026-08-31,719.9,Beauty
ORD004802,CUST2046,2026-09-17,373.26,Grocery
ORD005969,CUST2183,2026-07-15,1874.62,Fashion
ORD010060,CUST2432,2026-08-30,1052.38,Fashion
ORD007190,CUST2286,2026-07-01,3733.32,Home & Kitchen
ORD010532,CUST2449,2026-06-09,743.58,Fashion
ORD008391,CUST2353,2026-05-03,1786.71,Home & Kitchen
ORD007071,CUST2280,2026-07-20,2443.54,Electronics
ORD011322,CUST2476,2026-08-22,1153.8,Fashion
ORD006956,CUST2274,2026-07-09,10921.61,Electronics
ORD011930,CUST2496,2026-09-29,7332.22,Home & Kitchen
ORD005850,CUST2168,2026-08-29,1753.64,Home & Kitchen
ORD006755,CUST2262,2026-09-30,15698.14,Electronics
ORD006578,CUST2254,2026-04-25,1225.98,Home & Kitchen
ORD010047,CUST2432,2026-08-14,6742.87,Electronics
ORD004662,CUST2030,2026-09-28,724.94,Beauty
ORD004079,CUST1963,2026-09-21,555.64,Fashion
ORD006055,CUST2194,2026-08-06,501.52,Fashion
ORD010204,CUST2438,2026-06-10,1915.01,Home & Kitchen
ORD005975,CUST2183,2026-09-02,4285.13,Electronics
ORD000641,CUST0641,2026-08-22,820.41,Grocery
ORD001271,CUST1173,2026-08-17,2355.28,Home & Kitchen
ORD006729,CUST2261,2026-07-08,614.97,Fashion
ORD002779,CUST1675,2026-09-10,6547.46,Electronics
ORD007728,CUST2314,2026-09-22,2934.48,Electronics
ORD004933,CUST2061,2026-08-07,1295.35,Fashion
ORD006061,CUST2195,2026-07-16,491.24,Grocery
ORD001986,CUST1412,2026-06-23,677.29,Grocery
ORD003862,CUST1936,2026-07-15,801.37,Beauty
ORD003481,CUST1889,2026-09-30,1139.61,Fashion
ORD001535,CUST1259,2026-09-28,1363.94,Fashion
ORD000326,CUST0326,2026-03-01,454.31,Beauty
ORD005765,CUST2157,2026-05-20,871.92,Fashion
ORD002339,CUST1530,2026-08-23,822.71,Grocery
ORD007435,CUST2298,2026-08-09,1504.01,Fashion
ORD003981,CUST1951,2026-09-14,1388.23,Home & Kitchen
ORD010401,CUST2444,2026-09-25,1192.8,Home & Kitchen
ORD008208,CUST2341,2026-09-28,582.59,Grocery
ORD004055,CUST1960,2026-09-23,5631.05,Electronics
ORD002238,CUST1496,2026-07-12,754.69,Fashion
ORD005230,CUST2096,2026-06-19,13540.21,Electronics
ORD009214,CUST2395,2026-09-27,840.21,Beauty
ORD004572,CUST2021,2026-06-21,2924.4,Home & Kitchen
ORD011681,CUST2489,2026-07-10,2609.68,Home & Kitchen
ORD005475,CUST2124,2026-09-17,910.29,Fashion
ORD006968,CUST2274,2026-09-23,606.2,Grocery
ORD000865,CUST0865,2026-07-21,1027.68,Fashion
ORD008263,CUST2344,2026-09-23,313.22,Grocery
ORD004943,CUST2062,2026-09-24,686.74,Fashion
ORD008086,CUST2334,2026-09-23,11441.4,Electronics
ORD006011,CUST2188,2026-08-11,2218.81,Home & Kitchen
ORD007638,CUST2309,2026-09-28,5437.98,Electronics
ORD000372,CUST0372,2026-08-27,928.88,Fashion
ORD008674,CUST2367,2026-04-09,696.43,Fashion
ORD008148,CUST2338,2026-09-25,546.02,Grocery
ORD000610,CUST0610,2026-01-14,2266.44,Home & Kitchen
ORD006941,CUST2273,2026-08-12,2180.27,Home & Kitchen
ORD010526,CUST2448,2026-09-05,643.26,Fashion
ORD010740,CUST2456,2026-09-17,402.44,Fashion
ORD011215,CUST2473,2026-05-21,2077.51,Fashion
ORD010171,CUST2436,2026-09-18,2411.91,Home & Kitchen
ORD011653,CUST2488,2026-09-02,6980.18,Fashion
ORD009697,CUST2419,2026-06-26,7585.92,Electronics
ORD005831,CUST2165,2026-07-28,3643.63,Fashion
ORD002365,CUST1539,2026-08-09,1098.24,Beauty
ORD003214,CUST1822,2026-06-16,403.22,Beauty
ORD005457,CUST2123,2026-05-19,3690.26,Home & Kitchen
ORD000912,CUST0912,2026-08-03,484.92,Beauty
ORD010918,CUST2462,2026-09-25,14049.29,Electronics
ORD010535,CUST2449,2026-06-20,3855.58,Home & Kitchen
ORD003790,CUST1927,2026-09-06,7316.14,Electronics
ORD008840,CUST2375,2026-07-01,574.07,Beauty
ORD011651,CUST2488,2026-08-31,969.95,Grocery
ORD005582,CUST2137,2026-05-21,3312.3,Home & Kitchen
ORD007289,CUST2291,2026-06-21,6099.02,Electronics
ORD008845,CUST2375,2026-08-21,492.41,Grocery
ORD008457,CUST2356,2026-07-25,6145.14,Electronics
ORD005061,CUST2076,2026-09-22,19507.69,Electronics
ORD001424,CUST1226,2026-07-27,4267.52,Home & Kitchen
ORD011844,CUST2494,2026-04-20,3859.18,Electronics
ORD000480,CUST0480,2026-03-17,2477.15,Beauty
ORD000663,CUST0663,2026-06-16,1279.25,Beauty
ORD006573,CUST2253,2026-09-27,535.44,Grocery
ORD006438,CUST2239,2026-08-19,865.84,Fashion
ORD010845,CUST2460,2026-09-07,8560.63,Electronics
ORD009814,CUST2424,2026-09-27,993.35,Home & Kitchen
ORD002989,CUST1745,2026-08-29,1473.45,Home & Kitchen
ORD001120,CUST1120,2026-03-17,455.98,Grocery
ORD002777,CUST1675,2026-07-23,2701.6,Home & Kitchen
ORD004536,CUST2017,2026-07-26,1708.98,Beauty
ORD010725,CUST2455,2026-08-26,454.31,Fashion
ORD009417,CUST2405,2026-09-28,4641.93,Home & Kitchen
ORD007336,CUST2293,2026-09-26,3123.99,Fashion
ORD006350,CUST2229,2026-09-23,2112.84,Fashion
ORD009993,CUST2430,2026-08-06,3208.98,Electronics
ORD010033,CUST2431,2026-09-21,968.05,Fashion
ORD007498,CUST2302,2026-09-18,4538.91,Home & Kitchen
ORD005574,CUST2136,2026-06-23,7183.13,Home & Kitchen
ORD006136,CUST2205,2026-09-24,674.24,Grocery
ORD005270,CUST2100,2026-09-15,1847.37,Home & Kitchen
ORD004428,CUST2005,2026-08-13,2648.69,Home & Kitchen
ORD009423,CUST2405,2026-09-30,499.99,Grocery
ORD005248,CUST2098,2026-01-17,227.84,Grocery
ORD007019,CUST2278,2026-06-16,834.03,Grocery
ORD003982,CUST1951,2026-09-18,323.96,Grocery
ORD008714,CUST2368,2026-09-18,758.68,Fashion
ORD011501,CUST2482,2026-07-31,7650.81,Electronics
ORD002894,CUST1713,2026-07-18,4367.21,Electronics
ORD002670,CUST1637,2026-09-18,713.69,Grocery
ORD003978,CUST1951,2026-09-08,517.55,Grocery
ORD007733,CUST2314,2026-09-30,341.56,Beauty
ORD000280,CUST0280,2026-05-14,607.46,Grocery
ORD009537,CUST2411,2026-08-10,1222.31,Fashion
ORD008980,CUST2382,2026-09-28,1133.66,Fashion
ORD008934,CUST2380,2026-09-01,11066.29,Electronics
ORD009165,CUST2393,2026-07-28,708.54,Grocery
ORD005198,CUST2092,2026-07-21,380.22,Fashion
ORD004665,CUST2031,2026-08-19,3753.02,Electronics
ORD001695,CUST1315,2026-02-18,16368.26,Electronics
ORD010760,CUST2457,2026-04-28,1080.5,Beauty
ORD005019,CUST2070,2026-09-20,511.81,Grocery
ORD006134,CUST2205,2026-08-10,2585.77,Fashion
ORD003480,CUST1889,2026-09-09,8599.17,Electronics
ORD005555,CUST2134,2026-09-29,4254.47,Home & Kitchen
ORD004417,CUST2004,2026-06-26,1957.68,Home & Kitchen
ORD011244,CUST2473,2026-09-14,10782.92,Electronics
ORD004156,CUST1971,2026-09-17,2466.68,Fashion
ORD004884,CUST2055,2026-06-23,556.08,Grocery
ORD005808,CUST2163,2026-09-25,1137.75,Fashion
ORD003810,CUST1931,2026-09-09,645.32,Grocery
ORD007827,CUST2319,2026-09-11,4085.84,Home & Kitchen
ORD011400,CUST2478,2026-08-31,1012.72,Grocery
ORD009636,CUST2416,2026-07-09,1013.4,Fashion
ORD004297,CUST1987,2026-09-28,1070.58,Fashion
ORD012006,CUST2498,2026-09-26,966.92,Fashion
ORD004684,CUST2033,2026-08-15,1291.11,Fashion
ORD010169,CUST2436,2026-09-04,4243.59,Home & Kitchen
ORD008662,CUST2366,2026-07-14,716.36,Grocery
ORD010881,CUST2461,2026-07-30,11645.3,Electronics
ORD005594,CUST2138,2026-09-12,3014.58,Home & Kitchen
ORD002210,CUST1487,2026-07-28,1648.05,Home & Kitchen
ORD009530,CUST2411,2026-07-01,485.0,Grocery
ORD008736,CUST2369,2026-09-08,428.88,Beauty
ORD005403,CUST2116,2026-08-01,610.23,Grocery
ORD008073,CUST2333,2026-09-01,1510.75,Fashion
ORD004564,CUST2019,2026-08-21,2371.74,Home & Kitchen
ORD000185,CUST0185,2026-06-09,3155.07,Electronics
ORD009986,CUST2430,2026-07-02,3123.9,Home & Kitchen
ORD007114,CUST2282,2026-09-25,378.34,Fashion
ORD004517,CUST2015,2026-09-17,10823.47,Electronics
ORD002351,CUST1535,2026-05-23,635.22,Fashion
ORD000554,CUST0554,2026-07-10,540.87,Grocery
ORD001398,CUST1217,2026-09-09,1402.43,Fashion
ORD001385,CUST1213,2026-07-22,590.32,Grocery
ORD011625,CUST2487,2026-07-15,8915.31,Electronics
ORD009150,CUST2392,2026-09-27,2228.99,Home & Kitchen
ORD005857,CUST2168,2026-09-23,829.07,Home & Kitchen
ORD004904,CUST2058,2026-09-26,2916.25,Home & Kitchen
ORD000298,CUST0298,2026-06-03,1296.36,Fashion
ORD000444,CUST0444,2026-08-22,2152.64,Home & Kitchen
ORD010622,CUST2452,2026-09-05,15605.96,Electronics
ORD005216,CUST2094,2026-09-30,4504.29,Home & Kitchen
ORD009371,CUST2403,2026-07-31,2577.34,Home & Kitchen
ORD007342,CUST2293,2026-09-30,640.66,Beauty
ORD002078,CUST1443,2026-08-23,1513.32,Home & Kitchen
ORD006018,CUST2188,2026-09-27,616.31,Grocery
ORD004752,CUST2041,2026-06-16,1918.3,Beauty
ORD009945,CUST2429,2026-09-24,578.13,Fashion
ORD002230,CUST1493,2026-07-22,482.93,Grocery
ORD002843,CUST1696,2026-06-30,578.91,Grocery
ORD002538,CUST1596,2026-09-07,517.25,Grocery
ORD000195,CUST0195,2026-01-11,1068.72,Beauty
ORD010021,CUST2431,2026-08-26,1212.79,Fashion
ORD007291,CUST2291,2026-07-15,996.94,Fashion
ORD000818,CUST0818,2026-08-06,1601.0,Beauty
ORD003368,CUST1875,2026-09-24,713.54,Beauty
ORD009101,CUST2389,2026-09-18,2693.12,Home & Kitchen
ORD006554,CUST2252,2026-09-29,682.11,Grocery
ORD002579,CUST1608,2026-09-13,276.71,Grocery
ORD001132,CUST1128,2026-07-20,1542.99,Home & Kitchen
ORD006850,CUST2268,2026-06-01,2021.01,Home & Kitchen
ORD005506,CUST2127,2026-09-28,817.69,Grocery
ORD011803,CUST2492,2026-09-26,8764.86,Electronics
ORD007077,CUST2280,2026-09-25,990.64,Fashion
ORD009344,CUST2401,2026-09-29,2531.06,Home & Kitchen
ORD000321,CUST0321,2026-03-19,1927.88,Fashion
ORD001372,CUST1208,2026-01-29,3673.34,Home & Kitchen
ORD004043,CUST1958,2026-09-29,474.92,Fashion
ORD006763,CUST2263,2026-09-18,760.52,Fashion
ORD012009,CUST2498,2026-09-30,18890.95,Electronics
ORD000908,CUST0908,2026-06-30,9200.36,Electronics
ORD000306,CUST0306,2026-03-05,909.55,Fashion
ORD003951,CUST1947,2026-08-15,2237.72,Fashion
ORD005530,CUST2131,2026-08-17,959.75,Fashion
ORD006921,CUST2271,2026-09-19,5541.56,Home & Kitchen
ORD010734,CUST2455,2026-09-19,5073.45,Electronics
ORD010390,CUST2444,2026-08-02,2122.55,Home & Kitchen
ORD007306,CUST2292,2026-04-30,4663.57,Home & Kitchen
ORD010769,CUST2457,2026-07-15,19469.76,Electronics
ORD008543,CUST2360,2026-08-21,2376.71,Electronics
ORD010147,CUST2435,2026-07-02,5638.31,Electronics
ORD000927,CUST0927,2026-07-12,622.25,Fashion
ORD000245,CUST0245,2026-02-14,807.51,Beauty
ORD009400,CUST2404,2026-09-15,1141.73,Beauty
ORD000016,CUST0016,2026-04-13,595.52,Grocery
ORD000144,CUST0144,2026-02-19,4802.02,Home & Kitchen
ORD005984,CUST2184,2026-09-19,3869.05,Electronics
ORD002364,CUST1539,2026-04-10,2768.7,Home & Kitchen
ORD008867,CUST2376,2026-09-28,921.11,Fashion
ORD000130,CUST0130,2026-07-03,568.59,Grocery
ORD001162,CUST1139,2026-09-24,486.07,Grocery
ORD008406,CUST2353,2026-09-23,509.25,Fashion
ORD011829,CUST2493,2026-09-29,1541.97,Home & Kitchen
ORD007603,CUST2307,2026-09-25,7178.29,Electronics
ORD006851,CUST2268,2026-06-03,4193.71,Electronics
ORD007574,CUST2306,2026-06-21,645.29,Fashion
ORD008656,CUST2366,2026-05-27,725.38,Grocery
ORD005459,CUST2123,2026-06-18,750.84,Beauty
ORD007559,CUST2305,2026-09-22,5866.16,Electronics
ORD005309,CUST2105,2026-08-22,3422.96,Fashion
ORD001877,CUST1379,2026-08-19,1766.26,Home & Kitchen
ORD002489,CUST1580,2026-06-27,806.68,Beauty
ORD007954,CUST2327,2026-09-04,1165.02,Home & Kitchen
ORD004480,CUST2011,2026-08-31,752.96,Beauty
ORD001183,CUST1146,2026-09-13,2229.17,Home & Kitchen
ORD002526,CUST1592,2026-09-25,827.1,Fashion
ORD009754,CUST2421,2026-09-17,298.96,Grocery
ORD001171,CUST1142,2026-06-06,2841.27,Electronics
ORD010497,CUST2448,2026-06-24,8511.99,Electronics
ORD002183,CUST1479,2026-07-06,537.56,Grocery
ORD011529,CUST2483,2026-09-22,743.27,Grocery
ORD008780,CUST2372,2026-09-20,7784.77,Electronics
ORD008871,CUST2377,2026-05-07,3381.79,Home & Kitchen
ORD007533,CUST2304,2026-07-22,455.43,Fashion
ORD003372,CUST1876,2026-09-04,1805.65,Fashion
ORD009792,CUST2423,2026-09-28,566.93,Beauty
ORD001860,CUST1373,2026-09-21,668.22,Beauty
ORD009315,CUST2400,2026-09-08,3726.45,Home & Kitchen
ORD010031,CUST2431,2026-09-17,706.58,Fashion
ORD008508,CUST2358,2026-06-22,1319.37,Fashion
ORD001879,CUST1379,2026-09-03,7436.29,Electronics
ORD010593,CUST2451,2026-07-21,654.8,Beauty
ORD003589,CUST1903,2026-01-23,7283.64,Electronics
ORD008223,CUST2342,2026-09-12,739.54,Beauty
ORD003122,CUST1787,2026-07-24,452.32,Grocery
ORD000388,CUST0388,2026-08-06,1121.4,Fashion
ORD001312,CUST1188,2026-02-08,584.82,Fashion
ORD001033,CUST1033,2026-04-26,2576.37,Fashion
ORD012017,CUST2499,2026-03-13,7001.61,Electronics
ORD006585,CUST2254,2026-08-10,739.05,Grocery
ORD007961,CUST2327,2026-09-13,2418.23,Home & Kitchen
ORD006383,CUST2233,2026-09-25,447.97,Grocery
ORD008779,CUST2372,2026-09-19,7626.37,Electronics
ORD007541,CUST2304,2026-08-30,1347.1,Fashion
ORD004937,CUST2061,2026-09-24,825.08,Home & Kitchen
ORD000932,CUST0932,2026-09-05,636.89,Grocery
ORD008861,CUST2376,2026-09-17,624.83,Home & Kitchen
ORD004020,CUST1956,2026-04-03,2185.04,Home & Kitchen
ORD000692,CUST0692,2026-05-01,401.27,Grocery
ORD007788,CUST2317,2026-09-23,5607.79,Electronics
ORD005988,CUST2185,2026-06-20,1721.29,Home & Kitchen
ORD006365,CUST2231,2026-03-10,497.14,Grocery
ORD001910,CUST1388,2026-09-02,4455.48,Home & Kitchen
ORD000830,CUST0830,2026-08-26,861.01,Fashion
ORD003499,CUST1892,2026-08-31,2519.95,Electronics
ORD002082,CUST1444,2026-06-04,2813.9,Fashion
ORD010759,CUST2457,2026-04-27,1429.57,Fashion
ORD011404,CUST2478,2026-09-20,733.16,Beauty
ORD000045,CUST0045,2026-07-03,3514.3,Electronics
ORD003940,CUST1945,2026-09-30,3196.43,Home & Kitchen
ORD008957,CUST2381,2026-09-18,1333.48,Fashion
ORD007298,CUST2291,2026-08-25,247.59,Fashion
ORD004320,CUST1990,2026-08-31,401.31,Grocery
ORD002966,CUST1738,2026-02-05,516.16,Beauty
ORD003970,CUST1949,2026-08-20,1303.49,Fashion
ORD001188,CUST1147,2026-09-06,7378.23,Electronics
ORD010813,CUST2459,2026-09-14,557.94,Fashion
ORD007800,CUST2318,2026-09-16,2393.2,Electronics
ORD006792,CUST2265,2026-09-13,6565.79,Electronics
ORD009261,CUST2397,2026-09-23,2495.7,Electronics
ORD000285,CUST0285,2026-08-05,1016.96,Grocery
ORD010716,CUST2455,2026-08-04,1434.41,Home & Kitchen
ORD006309,CUST2224,2026-06-01,632.07,Grocery
ORD004160,CUST1971,2026-09-24,1910.14,Fashion
ORD003093,CUST1778,2026-09-26,2049.98,Home & Kitchen
ORD009458,CUST2407,2026-07-06,372.22,Grocery
ORD004557,CUST2019,2026-04-05,698.32,Beauty
ORD005556,CUST2134,2026-09-29,632.95,Grocery
ORD006726,CUST2261,2026-06-02,2364.63,Home & Kitchen
ORD004324,CUST1990,2026-09-28,397.84,Grocery
ORD008078,CUST2334,2026-09-06,690.29,Grocery
ORD007825,CUST2319,2026-08-30,5855.56,Home & Kitchen
ORD003365,CUST1874,2026-08-22,1810.44,Home & Kitchen
ORD001405,CUST1219,2026-07-03,410.09,Fashion
ORD003196,CUST1815,2026-04-25,1109.04,Beauty
ORD008290,CUST2346,2026-09-22,408.11,Grocery
ORD007536,CUST2304,2026-08-18,943.3,Beauty
ORD000970,CUST0970,2026-07-25,11268.49,Home & Kitchen
ORD009812,CUST2424,2026-09-23,4890.72,Electronics
ORD006544,CUST2252,2026-07-01,4429.5,Electronics
ORD003735,CUST1921,2026-09-05,389.55,Grocery
ORD000926,CUST0926,2026-09-28,644.73,Beauty
ORD011472,CUST2481,2026-02-21,2970.44,Home & Kitchen
ORD008776,CUST2371,2026-09-30,2010.02,Home & Kitchen
ORD004726,CUST2038,2026-08-07,690.98,Grocery
ORD002844,CUST1697,2026-08-17,1355.83,Grocery
ORD002852,CUST1700,2026-07-20,796.28,Fashion
ORD009959,CUST2429,2026-09-28,414.03,Grocery
ORD010623,CUST2452,2026-09-07,1688.96,Home & Kitchen
ORD005957,CUST2182,2026-07-21,699.71,Grocery
ORD000520,CUST0520,2026-06-09,1320.33,Fashion
ORD010707,CUST2455,2026-06-23,3431.2,Electronics
ORD009653,CUST2416,2026-09-14,920.83,Beauty
ORD004472,CUST2010,2026-08-28,5070.64,Electronics
ORD007563,CUST2306,2026-03-15,548.85,Fashion
ORD004349,CUST1994,2026-09-25,556.04,Fashion
ORD010842,CUST2460,2026-09-05,9338.45,Electronics
ORD011510,CUST2482,2026-08-30,1758.74,Home & Kitchen
ORD003627,CUST1907,2026-06-25,3338.18,Electronics
ORD001790,CUST1349,2026-07-23,1591.53,Fashion
ORD010004,CUST2430,2026-09-13,1869.89,Fashion
ORD002060,CUST1436,2026-09-16,583.23,Beauty
ORD010603,CUST2451,2026-08-25,1277.19,Home & Kitchen
ORD011438,CUST2479,2026-09-26,484.39,Grocery
ORD004014,CUST1955,2026-08-12,626.15,Grocery
ORD006007,CUST2187,2026-09-23,1391.24,Home & Kitchen
ORD001903,CUST1386,2026-08-12,1689.18,Home & Kitchen
ORD006216,CUST2214,2026-09-20,3066.51,Home & Kitchen
ORD004687,CUST2033,2026-09-05,1384.74,Fashion
ORD008182,CUST2340,2026-09-08,455.3,Beauty
ORD004923,CUST2060,2026-06-15,8803.46,Electronics
ORD011134,CUST2470,2026-06-15,8625.15,Electronics
ORD008272,CUST2345,2026-07-09,618.62,Grocery
ORD010476,CUST2446,2026-09-30,540.36,Beauty
ORD000076,CUST0076,2026-02-12,1257.57,Fashion
ORD002346,CUST1533,2026-09-29,1051.75,Beauty
ORD006448,CUST2240,2026-07-08,6358.42,Electronics
ORD008049,CUST2332,2026-07-02,969.6,Grocery
ORD000431,CUST0431,2026-08-10,664.06,Fashion
ORD004587,CUST2022,2026-09-11,9064.74,Electronics
ORD005484,CUST2125,2026-09-23,1287.83,Fashion
ORD007251,CUST2289,2026-06-26,672.21,Grocery
ORD006406,CUST2235,2026-09-27,986.98,Grocery
ORD009900,CUST2427,2026-09-28,551.48,Grocery
ORD007421,CUST2298,2026-03-07,2599.17,Fashion
ORD009858,CUST2426,2026-09-05,7837.07,Electronics
ORD009267,CUST2398,2026-04-13,763.39,Fashion
ORD001554,CUST1267,2026-08-04,1042.84,Fashion
ORD005875,CUST2170,2026-09-29,546.32,Fashion
ORD000241,CUST0241,2026-06-15,946.68,Fashion
ORD000784,CUST0784,2026-09-07,630.51,Grocery
ORD011417,CUST2479,2026-04-29,5317.36,Home & Kitchen
ORD003067,CUST1771,2026-07-02,2576.92,Home & Kitchen
ORD011782,CUST2492,2026-09-10,7863.83,Electronics
ORD000978,CUST0978,2026-03-01,576.32,Grocery
ORD004906,CUST2058,2026-09-27,3078.6,Electronics
ORD006265,CUST2219,2026-09-30,1795.99,Home & Kitchen
ORD009057,CUST2387,2026-08-20,2660.79,Home & Kitchen
ORD005696,CUST2149,2026-09-23,229.63,Beauty
ORD002942,CUST1729,2026-08-10,214.85,Fashion
ORD006952,CUST2274,2026-05-15,894.94,Home & Kitchen
ORD007896,CUST2323,2026-09-25,12869.52,Electronics
ORD009257,CUST2397,2026-09-14,439.62,Grocery
ORD010402,CUST2444,2026-09-25,23880.45,Electronics
ORD007956,CUST2327,2026-09-08,664.38,Grocery
ORD009745,CUST2421,2026-08-23,554.72,Grocery
ORD001621,CUST1290,2026-06-01,1155.06,Fashion
ORD005643,CUST2143,2026-06-02,11662.56,Electronics
ORD012071,CUST2500,2026-09-20,6829.26,Home & Kitchen
ORD002147,CUST1465,2026-09-08,2615.89,Fashion
ORD001802,CUST1353,2026-05-31,1352.09,Beauty
ORD002096,CUST1448,2026-08-07,2477.79,Home & Kitchen
ORD008892,CUST2378,2026-09-13,3154.75,Home & Kitchen
ORD007710,CUST2313,2026-09-29,3421.07,Electronics
ORD001358,CUST1203,2026-05-11,5592.6,Electronics
ORD009805,CUST2424,2026-08-02,2005.94,Electronics
ORD010303,CUST2441,2026-07-21,3373.17,Home & Kitchen
ORD010098,CUST2433,2026-09-09,10800.91,Electronics
ORD007026,CUST2278,2026-07-21,1982.41,Home & Kitchen
ORD008029,CUST2330,2026-09-22,8361.84,Electronics
ORD003566,CUST1900,2026-04-02,468.98,Grocery
ORD011993,CUST2498,2026-08-11,3156.99,Electronics
ORD010599,CUST2451,2026-08-05,853.83,Grocery
ORD012003,CUST2498,2026-09-18,726.12,Beauty
ORD001610,CUST1286,2026-09-02,249.9,Grocery
ORD003097,CUST1779,2026-09-24,707.31,Grocery
ORD008122,CUST2337,2026-05-28,8419.68,Electronics
ORD002416,CUST1556,2026-06-09,556.1,Grocery
ORD002018,CUST1423,2026-09-19,1318.76,Fashion
ORD002972,CUST1740,2026-09-17,427.17,Fashion
ORD006425,CUST2238,2026-08-11,2963.54,Home & Kitchen
ORD004126,CUST1968,2026-06-27,3997.42,Home & Kitchen
ORD005847,CUST2167,2026-08-08,872.59,Fashion
ORD005376,CUST2112,2026-08-28,488.51,Grocery
ORD011839,CUST2493,2026-09-30,641.06,Beauty
ORD011580,CUST2485,2026-05-23,4378.58,Fashion
ORD003247,CUST1833,2026-09-09,3616.64,Home & Kitchen
ORD000125,CUST0125,2026-05-26,2667.44,Fashion
ORD001107,CUST1107,2026-07-23,839.31,Grocery
ORD011554,CUST2484,2026-08-14,5507.68,Electronics
ORD007802,CUST2318,2026-09-21,855.5,Beauty
ORD000841,CUST0841,2026-08-16,1032.59,Fashion
ORD006395,CUST2234,2026-09-15,2498.7,Home & Kitchen
ORD009513,CUST2410,2026-07-14,6137.22,Electronics
ORD005650,CUST2144,2026-06-15,9971.12,Electronics
ORD011054,CUST2467,2026-08-04,6090.46,Home & Kitchen
ORD003342,CUST1867,2026-08-13,12166.05,Electronics
ORD000599,CUST0599,2026-05-28,528.46,Fashion
ORD002124,CUST1458,2026-07-14,637.36,Fashion
ORD005513,CUST2129,2026-09-24,3882.05,Electronics
ORD008474,CUST2356,2026-09-26,11443.73,Electronics
ORD011503,CUST2482,2026-08-03,644.85,Fashion
ORD008658,CUST2366,2026-05-30,1373.62,Beauty
ORD010836,CUST2460,2026-08-30,6476.32,Electronics
ORD011673,CUST2489,2026-05-18,353.0,Beauty
ORD006000,CUST2187,2026-04-19,598.9,Grocery
ORD002198,CUST1483,2026-08-14,630.7,Home & Kitchen
ORD004052,CUST1959,2026-09-28,351.91,Grocery
ORD001217,CUST1156,2026-07-21,2393.58,Home & Kitchen
ORD003363,CUST1873,2026-08-31,670.5,Beauty
ORD002502,CUST1584,2026-09-11,729.82,Fashion
ORD000726,CUST0726,2026-09-16,1389.28,Fashion
ORD007236,CUST2288,2026-09-18,2741.09,Home & Kitchen
ORD000979,CUST0979,2026-09-13,1621.68,Home & Kitchen
ORD000809,CUST0809,2026-05-25,248.55,Grocery
ORD007439,CUST2298,2026-09-24,385.7,Beauty
ORD001476,CUST1242,2026-05-11,1366.81,Fashion
ORD009072,CUST2388,2026-06-26,871.29,Beauty
ORD006900,CUST2271,2026-07-04,1755.61,Beauty
ORD008118,CUST2336,2026-09-06,893.85,Fashion
ORD004907,CUST2058,2026-09-29,1043.51,Beauty
ORD008453,CUST2356,2026-06-16,2303.96,Home & Kitchen
ORD010904,CUST2462,2026-09-19,21536.86,Electronics
ORD004931,CUST2060,2026-09-20,334.71,Grocery
ORD004543,CUST2017,2026-09-23,5145.52,Home & Kitchen
ORD003963,CUST1948,2026-09-30,2551.54,Home & Kitchen
ORD009377,CUST2403,2026-08-20,4446.94,Electronics
ORD002672,CUST1638,2026-08-15,506.6,Fashion
ORD007203,CUST2287,2026-07-22,5102.99,Electronics
ORD001236,CUST1162,2026-05-28,1469.58,Fashion
ORD001226,CUST1160,2026-05-24,2977.58,Fashion
ORD001765,CUST1339,2026-09-29,251.49,Grocery
ORD008654,CUST2366,2026-05-20,637.22,Fashion
ORD010915,CUST2462,2026-09-25,2454.22,Home & Kitchen
ORD010408,CUST2445,2026-07-07,490.04,Grocery
ORD010112,CUST2434,2026-07-03,2132.86,Beauty
ORD006890,CUST2270,2026-06-20,3276.52,Home & Kitchen
ORD003218,CUST1823,2026-08-27,505.14,Grocery
ORD005738,CUST2154,2026-08-25,700.08,Beauty
ORD000288,CUST0288,2026-08-08,19006.38,Electronics
ORD007365,CUST2294,2026-09-29,474.81,Fashion
ORD002967,CUST1738,2026-04-29,223.45,Fashion
ORD003165,CUST1803,2026-08-24,1611.33,Beauty
ORD008495,CUST2357,2026-09-19,4733.34,Home & Kitchen
ORD011946,CUST2497,2026-07-31,374.57,Grocery
ORD010735,CUST2456,2026-09-15,9238.22,Electronics
ORD001658,CUST1303,2026-04-15,3010.16,Home & Kitchen
ORD001976,CUST1409,2026-09-24,6017.95,Electronics
ORD002398,CUST1551,2026-09-21,1802.46,Home & Kitchen
ORD000453,CUST0453,2026-03-13,575.44,Fashion
ORD002711,CUST1652,2026-07-28,540.39,Fashion
ORD011059,CUST2467,2026-08-08,313.58,Grocery
ORD006889,CUST2270,2026-06-03,722.24,Beauty
ORD003682,CUST1915,2026-06-08,6552.13,Electronics
ORD006716,CUST2261,2026-02-23,4167.98,Home & Kitchen
ORD000423,CUST0423,2026-09-03,5663.48,Home & Kitchen
ORD008517,CUST2358,2026-08-19,288.85,Grocery
ORD005317,CUST2106,2026-08-22,1339.22,Home & Kitchen
ORD000658,CUST0658,2026-07-10,851.85,Beauty
ORD003302,CUST1853,2026-09-21,467.54,Grocery
ORD008381,CUST2352,2026-08-22,2991.59,Home & Kitchen
ORD002846,CUST1698,2026-04-18,995.63,Fashion
ORD004067,CUST1962,2026-05-10,2557.24,Home & Kitchen
ORD011992,CUST2498,2026-08-07,7354.59,Electronics
ORD005245,CUST2097,2026-09-15,706.48,Home & Kitchen
ORD001002,CUST1002,2026-04-21,1224.91,Fashion
ORD004199,CUST1976,2026-07-07,3549.5,Home & Kitchen
ORD002419,CUST1558,2026-06-13,874.58,Beauty
ORD000876,CUST0876,2026-08-11,3072.08,Home & Kitchen
ORD007771,CUST2316,2026-09-02,360.28,Grocery
ORD006727,CUST2261,2026-06-19,257.12,Grocery
ORD003848,CUST1935,2026-05-24,1341.82,Home & Kitchen
ORD000962,CUST0962,2026-02-27,843.62,Beauty
ORD001581,CUST1276,2026-08-17,6932.82,Electronics
ORD009683,CUST2418,2026-08-25,4576.06,Electronics
ORD007641,CUST2310,2026-07-30,530.93,Fashion
ORD002207,CUST1486,2026-08-21,1427.08,Fashion
ORD004267,CUST1984,2026-09-18,1307.13,Home & Kitchen
ORD008440,CUST2355,2026-05-05,1952.4,Fashion
ORD011982,CUST2498,2026-06-24,352.96,Beauty
ORD004232,CUST1980,2026-07-27,1456.61,Home & Kitchen
ORD000758,CUST0758,2026-02-07,776.58,Beauty
ORD004867,CUST2053,2026-09-23,735.19,Grocery
ORD005407,CUST2117,2026-05-13,715.62,Fashion
ORD005314,CUST2105,2026-09-27,5540.17,Home & Kitchen
ORD002285,CUST1510,2026-07-15,8062.01,Electronics
ORD008936,CUST2380,2026-09-05,3728.91,Fashion
ORD009714,CUST2419,2026-09-20,2838.4,Electronics
ORD005508,CUST2128,2026-05-18,978.96,Grocery
ORD005310,CUST2105,2026-08-28,318.41,Beauty
ORD009059,CUST2387,2026-09-01,1714.75,Fashion
ORD004828,CUST2049,2026-09-10,501.05,Grocery
ORD007429,CUST2298,2026-07-08,1706.94,Home & Kitchen
ORD007413,CUST2297,2026-07-19,686.83,Grocery
ORD000808,CUST0808,2026-09-22,3409.35,Home & Kitchen
ORD003908,CUST1942,2026-09-03,644.54,Beauty
ORD006142,CUST2206,2026-03-05,736.88,Fashion
ORD010438,CUST2446,2026-05-25,4006.05,Home & Kitchen
ORD009606,CUST2414,2026-06-26,2762.07,Home & Kitchen
ORD001957,CUST1403,2026-01-17,870.33,Beauty
ORD002446,CUST1566,2026-09-09,5051.3,Electronics
ORD008411,CUST2354,2026-03-11,676.97,Fashion
ORD009863,CUST2426,2026-09-16,2492.14,Home & Kitchen
ORD010869,CUST2461,2026-06-18,504.31,Grocery
ORD009860,CUST2426,2026-09-14,4863.29,Electronics
ORD002403,CUST1553,2026-08-18,2959.04,Electronics
ORD009597,CUST2414,2026-05-05,1271.4,Home & Kitchen
ORD001074,CUST1074,2026-02-15,3443.71,Home & Kitchen
ORD010436,CUST2445,2026-09-23,1365.01,Home & Kitchen
ORD003399,CUST1880,2026-08-04,795.2,Fashion
ORD004241,CUST1981,2026-08-29,9762.5,Electronics
ORD006525,CUST2250,2026-07-27,555.62,Grocery
ORD005437,CUST2120,2026-08-25,3642.9,Home & Kitchen
ORD011195,CUST2472,2026-09-24,20937.23,Electronics
ORD010272,CUST2440,2026-08-09,2862.9,Home & Kitchen
ORD002092,CUST1447,2026-01-09,817.4,Grocery
ORD004528,CUST2016,2026-05-19,811.45,Grocery
ORD012074,CUST2500,2026-09-22,6139.61,Electronics
ORD001699,CUST1316,2026-05-17,546.88,Grocery
ORD009023,CUST2385,2026-05-27,3819.29,Home & Kitchen
ORD010133,CUST2435,2026-01-25,5699.85,Electronics
ORD009418,CUST2405,2026-09-29,1461.69,Beauty
ORD006935,CUST2272,2026-09-26,5914.39,Electronics
ORD009055,CUST2387,2026-08-17,1024.55,Fashion
ORD001004,CUST1004,2026-08-18,7436.56,Electronics
ORD009996,CUST2430,2026-08-15,4845.69,Grocery
ORD010981,CUST2464,2026-08-16,3425.44,Home & Kitchen
ORD010055,CUST2432,2026-08-27,8863.97,Electronics
ORD007801,CUST2318,2026-09-19,716.59,Beauty
ORD004652,CUST2030,2026-07-17,4343.46,Electronics
ORD010102,CUST2434,2026-03-04,737.9,Fashion
ORD007810,CUST2318,2026-09-30,14417.41,Electronics
ORD006157,CUST2208,2026-09-09,3285.1,Home & Kitchen
ORD001486,CUST1245,2026-04-18,546.04,Grocery
ORD011145,CUST2470,2026-08-26,14568.46,Electronics
ORD005369,CUST2112,2026-07-29,1361.18,Beauty
ORD009765,CUST2422,2026-08-14,989.86,Grocery
ORD001412,CUST1221,2026-09-25,1083.17,Grocery
ORD006290,CUST2222,2026-04-08,1198.39,Grocery
ORD011394,CUST2478,2026-08-23,4394.92,Electronics
ORD010964,CUST2464,2026-03-17,10689.68,Electronics
ORD009838,CUST2426,2026-06-22,502.52,Grocery
ORD000710,CUST0710,2026-05-25,745.37,Grocery
ORD009951,CUST2429,2026-09-27,2089.23,Home & Kitchen
ORD003604,CUST1905,2026-05-18,767.03,Grocery
ORD000986,CUST0986,2026-07-18,1158.83,Grocery
ORD003077,CUST1774,2026-06-12,296.68,Grocery
ORD006170,CUST2209,2026-07-04,534.0,Grocery
ORD011983,CUST2498,2026-07-05,5574.67,Electronics
ORD011078,CUST2467,2026-09-28,2995.52,Home & Kitchen
ORD006714,CUST2261,2026-02-14,3865.78,Fashion
ORD005078,CUST2078,2026-08-23,605.22,Fashion
ORD004102,CUST1965,2026-08-31,420.58,Fashion
ORD009660,CUST2417,2026-05-17,653.12,Beauty
ORD002723,CUST1657,2026-07-07,400.71,Beauty
ORD011307,CUST2475,2026-09-03,45304.54,Electronics
ORD001269,CUST1172,2026-09-08,3011.46,Home & Kitchen
ORD002463,CUST1571,2026-06-18,432.34,Beauty
ORD008024,CUST2330,2026-08-21,8180.99,Home & Kitchen
ORD000269,CUST0269,2026-07-02,1273.18,Fashion
ORD003581,CUST1901,2026-09-21,560.89,Grocery
ORD004751,CUST2041,2026-06-15,2497.76,Home & Kitchen
ORD007863,CUST2321,2026-09-13,6194.24,Electronics
ORD007249,CUST2289,2026-06-22,659.97,Grocery
ORD010996,CUST2465,2026-08-18,3589.98,Fashion
ORD008201,CUST2341,2026-08-04,1357.52,Fashion
ORD009596,CUST2414,2026-05-04,9145.66,Home & Kitchen
ORD002822,CUST1688,2026-09-24,1012.59,Fashion
ORD007984,CUST2329,2026-08-30,746.46,Grocery
ORD000590,CUST0590,2026-03-06,569.38,Grocery
ORD009452,CUST2407,2026-04-20,590.54,Grocery
ORD010848,CUST2460,2026-09-10,690.74,Beauty
ORD007723,CUST2314,2026-09-06,25411.08,Electronics
ORD000657,CUST0657,2026-05-09,579.03,Beauty
ORD009804,CUST2424,2026-07-28,8366.66,Electronics
ORD009564,CUST2412,2026-09-18,232.26,Grocery
ORD002038,CUST1429,2026-09-02,1922.33,Home & Kitchen
ORD008022,CUST2330,2026-08-01,1389.14,Beauty
ORD008746,CUST2370,2026-06-27,6639.98,Electronics
ORD003759,CUST1923,2026-09-26,3050.7,Home & Kitchen
ORD006846,CUST2267,2026-09-17,691.13,Fashion
ORD006152,CUST2207,2026-07-17,2488.38,Home & Kitchen
ORD007793,CUST2318,2026-09-12,1073.01,Fashion
ORD002029,CUST1427,2026-06-12,1010.41,Fashion
ORD009039,CUST2386,2026-06-06,796.59,Fashion
ORD000678,CUST0678,2026-09-27,5255.66,Electronics
ORD008314,CUST2348,2026-07-17,6193.93,Electronics
ORD001233,CUST1161,2026-09-29,545.51,Grocery
ORD005455,CUST2122,2026-09-29,10101.62,Electronics
ORD007785,CUST2317,2026-09-07,506.98,Grocery
ORD009429,CUST2406,2026-05-21,1427.72,Fashion
ORD007661,CUST2310,2026-09-28,9112.96,Electronics
ORD007434,CUST2298,2026-08-04,1244.64,Home & Kitchen
ORD004857,CUST2052,2026-09-22,1311.99,Beauty
ORD008002,CUST2329,2026-09-22,584.83,Grocery
ORD002433,CUST1561,2026-09-18,1890.43,Fashion
ORD008687,CUST2367,2026-08-03,822.18,Grocery
ORD008564,CUST2361,2026-09-25,510.11,Grocery
ORD004648,CUST2029,2026-08-28,610.77,Fashion
ORD008639,CUST2365,2026-07-29,866.02,Grocery
ORD008490,CUST2357,2026-07-22,2455.08,Home & Kitchen
ORD000897,CUST0897,2026-09-09,805.79,Fashion
ORD001612,CUST1287,2026-03-28,639.98,Grocery
ORD009949,CUST2429,2026-09-26,11622.04,Electronics
ORD001588,CUST1278,2026-07-18,4459.7,Home & Kitchen
ORD006687,CUST2259,2026-09-23,2670.95,Home & Kitchen
ORD007183,CUST2286,2026-05-06,1121.1,Grocery
ORD008091,CUST2334,2026-09-27,2071.21,Fashion
ORD001720,CUST1323,2026-04-05,1022.09,Home & Kitchen
ORD007290,CUST2291,2026-07-06,476.57,Grocery
ORD009529,CUST2411,2026-07-01,724.59,Grocery
ORD003807,CUST1930,2026-07-29,547.9,Fashion
ORD008500,CUST2358,2026-04-06,14210.82,Electronics
ORD010965,CUST2464,2026-03-24,13868.31,Electronics
ORD004702,CUST2035,2026-09-12,2291.19,Home & Kitchen
ORD003962,CUST1948,2026-09-30,949.77,Grocery
ORD007960,CUST2327,2026-09-11,5493.76,Electronics
ORD005558,CUST2134,2026-09-29,358.86,Grocery
ORD005565,CUST2135,2026-09-26,7498.41,Electronics
ORD009382,CUST2403,2026-09-08,1288.26,Grocery
ORD010219,CUST2438,2026-08-05,27743.44,Electronics
ORD006088,CUST2199,2026-09-05,340.26,Grocery
ORD000891,CUST0891,2026-03-29,535.41,Grocery
ORD008286,CUST2346,2026-09-06,600.65,Fashion
ORD010872,CUST2461,2026-06-22,4850.3,Electronics
ORD004007,CUST1954,2026-06-13,510.78,Beauty
ORD004940,CUST2062,2026-07-17,1054.25,Fashion
ORD009590,CUST2414,2026-02-27,2373.19,Home & Kitchen
ORD007482,CUST2301,2026-08-28,938.64,Grocery
ORD005899,CUST2174,2026-02-17,4163.75,Home & Kitchen
ORD006174,CUST2209,2026-08-10,3031.98,Home & Kitchen
ORD009114,CUST2390,2026-07-17,5562.48,Electronics
ORD005820,CUST2164,2026-07-31,1067.84,Fashion
ORD009025,CUST2385,2026-06-30,8615.3,Electronics
ORD008317,CUST2348,2026-08-18,1980.06,Home & Kitchen
ORD002800,CUST1682,2026-09-17,565.95,Grocery
ORD009981,CUST2430,2026-06-15,1481.25,Home & Kitchen
ORD000585,CUST0585,2026-01-30,1427.5,Beauty
ORD003269,CUST1841,2026-05-10,15270.33,Electronics
ORD003933,CUST1944,2026-09-17,1779.53,Home & Kitchen
ORD004966,CUST2064,2026-09-26,1529.51,Fashion
ORD001261,CUST1170,2026-06-03,5345.94,Electronics
ORD009840,CUST2426,2026-06-27,736.81,Fashion
ORD006200,CUST2212,2026-05-20,6421.44,Electronics
ORD006693,CUST2260,2026-02-23,11776.86,Electronics
ORD000311,CUST0311,2026-02-10,574.93,Fashion
ORD001717,CUST1322,2026-08-31,1168.18,Beauty
ORD011584,CUST2485,2026-07-12,5097.17,Electronics
ORD006010,CUST2188,2026-07-30,1139.8,Grocery
ORD002053,CUST1434,2026-09-04,755.34,Fashion
ORD011304,CUST2475,2026-08-29,1402.59,Home & Kitchen
ORD004669,CUST2031,2026-08-31,496.18,Grocery
ORD004299,CUST1988,2026-05-11,3764.68,Home & Kitchen
ORD006647,CUST2257,2026-09-23,1535.76,Grocery
ORD003784,CUST1927,2026-02-19,2577.43,Home & Kitchen
ORD001009,CUST1009,2026-07-16,2565.3,Beauty
ORD010079,CUST2433,2026-07-15,2025.27,Electronics
ORD002186,CUST1480,2026-04-25,3148.95,Home & Kitchen
ORD003624,CUST1907,2026-06-04,5094.86,Electronics
ORD011820,CUST2493,2026-09-29,1867.94,Fashion
ORD007223,CUST2288,2026-08-07,1443.35,Fashion
ORD011687,CUST2489,2026-07-29,914.1,Fashion
ORD008962,CUST2382,2026-09-17,1301.38,Home & Kitchen
ORD008132,CUST2337,2026-08-24,494.86,Fashion
ORD004835,CUST2050,2026-09-18,3737.06,Home & Kitchen
ORD004060,CUST1960,2026-09-28,6394.25,Electronics
ORD004757,CUST2041,2026-09-07,900.76,Fashion
ORD008038,CUST2331,2026-09-19,427.33,Fashion
ORD000091,CUST0091,2026-07-25,1354.32,Fashion
ORD001988,CUST1413,2026-08-25,10428.4,Electronics
ORD000471,CUST0471,2026-05-31,383.27,Fashion
ORD001327,CUST1193,2026-08-30,1113.85,Fashion
ORD008206,CUST2341,2026-09-15,334.19,Grocery
ORD010089,CUST2433,2026-08-26,5494.36,Electronics
ORD002118,CUST1456,2026-07-16,3149.08,Fashion
ORD002938,CUST1728,2026-09-10,1810.75,Home & Kitchen
ORD000889,CUST0889,2026-08-20,903.01,Beauty
ORD000984,CUST0984,2026-06-03,553.62,Grocery
ORD006933,CUST2272,2026-09-16,1771.26,Home & Kitchen
ORD010989,CUST2465,2026-07-28,1742.25,Fashion
ORD011600,CUST2486,2026-08-09,1799.25,Fashion
ORD010388,CUST2444,2026-07-27,4082.84,Home & Kitchen
ORD002926,CUST1724,2026-05-25,4277.88,Home & Kitchen
ORD007906,CUST2324,2026-05-28,710.59,Beauty
ORD003215,CUST1822,2026-08-16,6057.37,Electronics
ORD005885,CUST2172,2026-03-24,4655.56,Home & Kitchen
ORD002342,CUST1532,2026-03-12,447.42,Fashion
ORD008683,CUST2367,2026-06-23,734.19,Fashion
ORD008067,CUST2333,2026-07-01,571.82,Grocery
ORD010483,CUST2447,2026-08-25,5867.35,Electronics
ORD008841,CUST2375,2026-07-06,609.45,Beauty
ORD009539,CUST2411,2026-08-22,3034.64,Electronics
ORD009380,CUST2403,2026-09-02,1553.95,Home & Kitchen
ORD000628,CUST0628,2026-04-22,1259.88,Fashion
ORD008046,CUST2332,2026-06-27,12590.65,Electronics
ORD004948,CUST2063,2026-06-28,609.04,Grocery
ORD005081,CUST2078,2026-09-03,912.6,Grocery
ORD004245,CUST1982,2026-05-17,4915.2,Electronics
ORD007521,CUST2303,2026-06-21,289.39,Fashion
ORD004766,CUST2043,2026-03-30,6043.96,Electronics
ORD001602,CUST1283,2026-06-08,1937.26,Home & Kitchen
ORD011597,CUST2486,2026-07-13,2344.54,Home & Kitchen
ORD001270,CUST1173,2026-07-23,516.35,Beauty
ORD000129,CUST0129,2026-08-31,244.35,Grocery
ORD009661,CUST2417,2026-06-07,604.71,Grocery
ORD008417,CUST2354,2026-05-18,3885.51,Home & Kitchen
ORD001712,CUST1320,2026-09-28,936.1,Grocery
ORD004183,CUST1974,2026-08-11,8286.69,Electronics
ORD010912,CUST2462,2026-09-24,297.47,Fashion
ORD004236,CUST1980,2026-09-19,989.72,Fashion
ORD006996,CUST2276,2026-08-12,3289.47,Home & Kitchen
ORD007627,CUST2309,2026-06-12,3879.71,Home & Kitchen
ORD002399,CUST1552,2026-05-02,2793.77,Home & Kitchen
ORD012005,CUST2498,2026-09-24,9147.89,Electronics
ORD008899,CUST2378,2026-09-23,780.79,Fashion
ORD009896,CUST2427,2026-09-18,3024.1,Home & Kitchen
ORD008521,CUST2359,2026-08-25,2847.61,Fashion
ORD012054,CUST2500,2026-08-28,3080.54,Home & Kitchen
ORD001187,CUST1147,2026-02-19,1433.5,Fashion
ORD008498,CUST2358,2026-04-05,787.75,Grocery
ORD011827,CUST2493,2026-09-29,6090.91,Electronics
ORD011738,CUST2490,2026-09-25,7351.09,Home & Kitchen
ORD001978,CUST1409,2026-09-28,699.09,Fashion
ORD005315,CUST2106,2026-08-11,7126.75,Electronics
ORD011943,CUST2497,2026-07-17,4284.52,Beauty
ORD004248,CUST1982,2026-06-24,734.69,Fashion
ORD009573,CUST2413,2026-07-23,349.33,Grocery
ORD000916,CUST0916,2026-04-21,13267.48,Electronics
ORD001306,CUST1186,2026-02-24,528.85,Fashion
ORD009303,CUST2399,2026-09-07,9157.81,Electronics
ORD003050,CUST1765,2026-09-29,788.76,Fashion
ORD010715,CUST2455,2026-08-02,2184.93,Home & Kitchen
ORD006654,CUST2258,2026-09-15,1278.24,Beauty
ORD011499,CUST2482,2026-07-29,3891.68,Electronics
ORD001274,CUST1175,2026-05-19,5776.53,Electronics
ORD005699,CUST2150,2026-07-09,707.74,Fashion
ORD006946,CUST2273,2026-09-04,551.77,Grocery
ORD009799,CUST2424,2026-07-10,727.07,Home & Kitchen
ORD002797,CUST1681,2026-08-11,3704.07,Fashion
ORD006798,CUST2265,2026-09-19,284.93,Fashion
ORD001399,CUST1217,2026-09-20,311.08,Fashion
ORD006616,CUST2256,2026-08-22,2147.15,Home & Kitchen
ORD003359,CUST1872,2026-09-26,914.96,Grocery
ORD000184,CUST0184,2026-04-14,4332.53,Home & Kitchen
ORD007417,CUST2297,2026-09-14,2650.29,Home & Kitchen
ORD004463,CUST2009,2026-09-30,505.32,Grocery
ORD008763,CUST2371,2026-09-26,1575.64,Fashion
ORD007812,CUST2319,2026-03-23,5707.27,Home & Kitchen
ORD003564,CUST1899,2026-09-21,399.55,Grocery
ORD009151,CUST2392,2026-09-27,1403.77,Home & Kitchen
ORD011218,CUST2473,2026-06-02,888.84,Grocery
ORD006514,CUST2249,2026-08-07,1678.57,Fashion
ORD004568,CUST2020,2026-09-05,568.13,Grocery
ORD009259,CUST2397,2026-09-16,2493.86,Fashion
ORD006604,CUST2255,2026-09-29,1071.17,Fashion
ORD011908,CUST2495,2026-09-25,1955.97,Home & Kitchen
ORD002657,CUST1634,2026-06-01,17836.6,Electronics
ORD010024,CUST2431,2026-09-03,1094.93,Fashion
ORD004306,CUST1989,2026-02-12,1154.61,Fashion
ORD001962,CUST1404,2026-04-23,493.91,Grocery
ORD004993,CUST2067,2026-09-05,1641.04,Beauty
ORD004892,CUST2056,2026-09-15,7136.11,Electronics
ORD006139,CUST2206,2026-01-22,1007.63,Fashion
ORD005816,CUST2163,2026-09-30,4971.79,Home & Kitchen
ORD005870,CUST2170,2026-06-21,2601.34,Fashion
ORD009795,CUST2424,2026-05-17,9603.85,Electronics
ORD006396,CUST2234,2026-09-19,385.61,Grocery
ORD011447,CUST2480,2026-08-18,4599.5,Electronics
ORD006227,CUST2216,2026-06-20,13677.27,Electronics
ORD009108,CUST2390,2026-05-02,943.77,Beauty
ORD012048,CUST2500,2026-08-14,5207.4,Home & Kitchen
ORD008688,CUST2367,2026-08-10,1003.18,Fashion
ORD001252,CUST1167,2026-05-01,554.73,Grocery
ORD003177,CUST1807,2026-09-25,267.77,Grocery
ORD005073,CUST2077,2026-08-31,5296.02,Home & Kitchen
ORD003360,CUST1873,2026-06-13,681.74,Grocery
ORD007350,CUST2294,2026-09-12,1770.89,Home & Kitchen
ORD008035,CUST2331,2026-08-28,450.65,Fashion
ORD009372,CUST2403,2026-08-01,593.07,Fashion
ORD008846,CUST2375,2026-08-24,7067.46,Electronics
ORD010855,CUST2460,2026-09-18,5917.84,Electronics
ORD003290,CUST1849,2026-07-07,575.07,Grocery
ORD010897,CUST2461,2026-09-26,3957.32,Fashion
ORD010550,CUST2449,2026-09-12,5153.11,Electronics
ORD003191,CUST1813,2026-04-14,975.55,Fashion
ORD001574,CUST1274,2026-09-13,7921.98,Electronics
ORD009085,CUST2389,2026-07-22,3701.7,Home & Kitchen
ORD001052,CUST1052,2026-01-02,3565.92,Home & Kitchen
ORD004070,CUST1962,2026-06-17,2249.09,Fashion
ORD011690,CUST2489,2026-08-06,2693.35,Fashion
ORD003219,CUST1823,2026-09-12,1085.7,Fashion
ORD008150,CUST2338,2026-09-26,12016.86,Electronics
ORD000273,CUST0273,2026-01-08,4144.81,Home & Kitchen
ORD002043,CUST1431,2026-07-25,1418.73,Home & Kitchen
ORD004764,CUST2042,2026-05-29,290.72,Grocery
ORD007300,CUST2291,2026-09-17,1490.81,Fashion
ORD008337,CUST2350,2026-08-30,577.15,Fashion
ORD007769,CUST2316,2026-08-13,4262.39,Electronics
ORD001087,CUST1087,2026-02-08,1124.08,Fashion
ORD001474,CUST1242,2026-02-18,993.36,Fashion
ORD008710,CUST2368,2026-09-12,1749.55,Fashion
ORD008028,CUST2330,2026-09-19,932.28,Fashion
ORD009220,CUST2396,2026-03-26,2962.48,Home & Kitchen
ORD002187,CUST1480,2026-08-02,439.75,Grocery
ORD010697,CUST2454,2026-09-28,6985.03,Electronics
ORD004323,CUST1990,2026-09-17,909.78,Fashion
ORD009271,CUST2398,2026-05-16,7588.95,Electronics
ORD009620,CUST2415,2026-06-20,998.31,Fashion
ORD005832,CUST2165,2026-09-23,775.06,Fashion
ORD009810,CUST2424,2026-09-21,7975.11,Electronics
ORD008099,CUST2335,2026-09-09,17023.82,Electronics
ORD011642,CUST2487,2026-09-26,6937.51,Electronics
ORD008599,CUST2362,2026-09-27,1784.3,Home & Kitchen
ORD004710,CUST2036,2026-07-25,1684.32,Beauty
ORD008250,CUST2344,2026-08-10,7499.23,Electronics
ORD009837,CUST2426,2026-06-21,4472.14,Electronics
ORD004486,CUST2011,2026-09-27,4872.61,Home & Kitchen
ORD010463,CUST2446,2026-08-14,1081.49,Beauty
ORD003479,CUST1889,2026-08-28,610.83,Grocery
ORD009221,CUST2396,2026-04-05,2893.25,Home & Kitchen
ORD003925,CUST1944,2026-08-17,746.85,Grocery
ORD001749,CUST1333,2026-08-25,3534.48,Home & Kitchen
ORD000733,CUST0733,2026-09-30,4677.78,Home & Kitchen
ORD002554,CUST1601,2026-06-13,2902.55,Home & Kitchen
ORD008012,CUST2330,2026-05-28,8090.76,Electronics
ORD007255,CUST2289,2026-07-27,2359.42,Home & Kitchen
ORD008944,CUST2381,2026-07-17,1694.28,Fashion
ORD008629,CUST2364,2026-09-30,448.93,Beauty
ORD002663,CUST1635,2026-09-15,827.99,Fashion
ORD009052,CUST2387,2026-07-02,11977.63,Electronics
ORD008375,CUST2352,2026-07-22,1241.26,Fashion
ORD003114,CUST1785,2026-08-30,527.64,Grocery
ORD003304,CUST1854,2026-04-06,1707.04,Home & Kitchen
ORD006251,CUST2218,2026-07-28,1913.53,Fashion
ORD001345,CUST1199,2026-06-26,1084.78,Grocery
ORD010627,CUST2452,2026-09-13,9047.28,Home & Kitchen
ORD001691,CUST1313,2026-05-11,4501.12,Electronics
ORD007368,CUST2295,2026-08-11,3296.39,Electronics
ORD008817,CUST2373,2026-08-28,490.66,Fashion
ORD005049,CUST2074,2026-09-16,2108.05,Home & Kitchen
ORD007400,CUST2296,2026-09-24,1924.3,Home & Kitchen
ORD008098,CUST2335,2026-09-06,2784.31,Home & Kitchen
ORD003309,CUST1855,2026-08-31,715.64,Grocery
ORD001505,CUST1250,2026-09-22,598.95,Fashion
ORD011052,CUST2467,2026-07-30,5128.8,Electronics
ORD001807,CUST1354,2026-09-18,914.5,Grocery
ORD003872,CUST1937,2026-08-12,4565.78,Home & Kitchen
ORD007886,CUST2323,2026-09-21,389.99,Beauty
ORD003792,CUST1928,2026-04-23,1179.26,Beauty
ORD005218,CUST2094,2026-09-30,1078.52,Home & Kitchen
ORD009846,CUST2426,2026-07-22,4917.28,Home & Kitchen
ORD011498,CUST2482,2026-07-25,6316.98,Electronics
ORD001068,CUST1068,2026-07-24,1011.9,Fashion
ORD009835,CUST2426,2026-06-12,5219.5,Electronics
ORD011831,CUST2493,2026-09-30,2020.41,Fashion
ORD001718,CUST1322,2026-09-11,458.16,Grocery
ORD002697,CUST1647,2026-05-14,1974.68,Beauty
ORD006452,CUST2240,2026-09-13,14637.69,Electronics
ORD001849,CUST1368,2026-09-26,821.04,Grocery
ORD004513,CUST2014,2026-09-07,611.58,Grocery
ORD011683,CUST2489,2026-07-12,949.95,Grocery
ORD011155,CUST2471,2026-08-17,611.36,Beauty
ORD002432,CUST1561,2026-05-05,1106.35,Fashion
ORD010508,CUST2448,2026-07-28,4613.22,Home & Kitchen
ORD004661,CUST2030,2026-09-27,753.44,Fashion
ORD006623,CUST2256,2026-09-02,434.21,Grocery
ORD003436,CUST1884,2026-08-22,631.57,Grocery
ORD011068,CUST2467,2026-09-02,1491.75,Home & Kitchen
ORD011329,CUST2476,2026-09-05,283.21,Grocery
ORD000143,CUST0143,2026-08-28,4990.41,Electronics
ORD008489,CUST2357,2026-07-16,444.38,Grocery
ORD005587,CUST2138,2026-06-22,502.0,Grocery
ORD010589,CUST2451,2026-07-13,4055.12,Electronics
ORD006993,CUST2276,2026-07-13,6689.1,Electronics
ORD008883,CUST2377,2026-07-29,11227.19,Electronics
ORD008493,CUST2357,2026-08-10,900.07,Grocery
ORD006805,CUST2265,2026-09-29,21096.16,Electronics
ORD006750,CUST2262,2026-09-23,705.32,Grocery
ORD006101,CUST2200,2026-09-16,7331.54,Electronics
ORD005291,CUST2103,2026-07-06,318.49,Beauty
ORD007739,CUST2315,2026-08-06,781.61,Grocery
ORD003410,CUST1882,2026-07-28,3937.08,Home & Kitchen
ORD001118,CUST1118,2026-05-30,1323.45,Beauty
ORD007472,CUST2301,2026-07-13,9916.64,Electronics
ORD001757,CUST1336,2026-08-31,1166.14,Fashion
ORD000498,CUST0498,2026-05-22,828.92,Beauty
ORD007373,CUST2295,2026-08-30,5489.21,Electronics
ORD007609,CUST2308,2026-06-20,1817.77,Beauty
ORD000871,CUST0871,2026-06-26,1453.34,Fashion
ORD003358,CUST1872,2026-09-12,770.29,Fashion
ORD000913,CUST0913,2026-09-07,953.04,Grocery
ORD000722,CUST0722,2026-08-25,4459.12,Fashion
ORD002806,CUST1683,2026-07-23,4006.86,Electronics
ORD012008,CUST2498,2026-09-29,1717.33,Home & Kitchen
ORD000887,CUST0887,2026-07-01,3886.21,Home & Kitchen
ORD011595,CUST2486,2026-07-11,2243.34,Home & Kitchen
ORD008882,CUST2377,2026-07-29,1707.78,Home & Kitchen
ORD010035,CUST2431,2026-09-25,687.21,Grocery
ORD009265,CUST2397,2026-09-25,5535.98,Electronics
ORD001521,CUST1256,2026-05-30,329.38,Grocery
ORD010501,CUST2448,2026-07-11,681.57,Fashion
ORD002747,CUST1665,2026-06-20,1035.12,Fashion
ORD009194,CUST2394,2026-09-06,3067.27,Home & Kitchen
ORD003546,CUST1898,2026-09-02,10386.78,Electronics
ORD000315,CUST0315,2026-04-01,906.2,Fashion
ORD001800,CUST1352,2026-08-03,727.24,Fashion
ORD000328,CUST0328,2026-07-11,641.12,Grocery
ORD003758,CUST1923,2026-09-11,2936.9,Home & Kitchen
ORD004205,CUST1977,2026-07-19,413.21,Grocery
ORD005851,CUST2168,2026-08-30,8282.36,Electronics
ORD006130,CUST2205,2026-06-14,1916.86,Fashion
ORD005448,CUST2121,2026-09-27,1725.57,Grocery
ORD003130,CUST1790,2026-03-25,1945.96,Fashion
ORD001997,CUST1416,2026-09-29,1727.54,Fashion
ORD009815,CUST2425,2026-01-10,439.95,Beauty
ORD003969,CUST1949,2026-08-20,474.47,Grocery
ORD009854,CUST2426,2026-08-21,319.18,Fashion
ORD008092,CUST2334,2026-09-29,6538.13,Electronics
ORD001974,CUST1408,2026-05-28,1179.24,Fashion
ORD000337,CUST0337,2026-08-30,3633.19,Electronics
ORD002765,CUST1671,2026-01-07,1181.58,Beauty
ORD009566,CUST2412,2026-09-30,4673.0,Home & Kitchen
ORD000276,CUST0276,2026-08-04,2284.46,Home & Kitchen
ORD002986,CUST1744,2026-09-15,797.21,Grocery
ORD002687,CUST1643,2026-09-27,3053.72,Fashion
ORD004621,CUST2026,2026-08-27,784.33,Home & Kitchen
ORD006532,CUST2251,2026-07-17,2147.18,Home & Kitchen
ORD003478,CUST1889,2026-08-26,531.57,Beauty
ORD007699,CUST2313,2026-07-03,2860.43,Home & Kitchen
ORD003559,CUST1899,2026-09-12,14685.26,Electronics
ORD010560,CUST2450,2026-09-23,2983.79,Home & Kitchen
ORD002810,CUST1685,2026-09-07,1063.56,Grocery
ORD011000,CUST2465,2026-08-30,5587.41,Electronics
ORD004862,CUST2053,2026-09-20,1144.0,Fashion
ORD002335,CUST1529,2026-01-31,349.87,Beauty
ORD008772,CUST2371,2026-09-28,533.14,Grocery
ORD005247,CUST2097,2026-09-17,1041.18,Fashion
ORD003417,CUST1882,2026-09-17,656.07,Grocery
ORD000308,CUST0308,2026-04-16,1385.5,Fashion
ORD003909,CUST1942,2026-09-05,589.22,Grocery
ORD009188,CUST2394,2026-08-14,481.7,Grocery
ORD000349,CUST0349,2026-02-24,1344.7,Fashion
ORD005919,CUST2176,2026-08-03,2334.93,Home & Kitchen
ORD000827,CUST0827,2026-09-07,1501.46,Home & Kitchen
ORD005297,CUST2103,2026-09-08,375.13,Grocery
ORD007244,CUST2289,2026-04-25,782.81,Grocery
ORD011477,CUST2481,2026-04-19,6376.35,Electronics
ORD011900,CUST2495,2026-09-20,4948.15,Electronics
ORD004483,CUST2011,2026-09-14,2021.37,Fashion
ORD008872,CUST2377,2026-05-10,10601.98,Electronics
ORD003683,CUST1915,2026-06-14,444.75,Grocery
ORD008412,CUST2354,2026-03-26,770.14,Grocery
ORD010121,CUST2434,2026-08-14,4449.87,Home & Kitchen
ORD002054,CUST1434,2026-09-13,518.61,Grocery
ORD007964,CUST2327,2026-09-22,881.11,Beauty
ORD011610,CUST2486,2026-09-10,16382.14,Electronics
ORD000072,CUST0072,2026-08-07,820.16,Fashion
ORD008084,CUST2334,2026-09-19,817.79,Home & Kitchen
ORD006856,CUST2268,2026-08-03,617.14,Fashion
ORD010984,CUST2464,2026-08-26,1299.83,Fashion
ORD011504,CUST2482,2026-08-05,1236.57,Beauty
ORD006752,CUST2262,2026-09-26,4862.88,Home & Kitchen
ORD009163,CUST2393,2026-07-24,593.52,Grocery
ORD008661,CUST2366,2026-07-11,1078.0,Fashion
ORD009856,CUST2426,2026-08-29,5218.72,Electronics
ORD011357,CUST2477,2026-08-12,1681.24,Beauty
ORD005357,CUST2111,2026-07-26,468.92,Grocery
ORD001667,CUST1305,2026-08-09,511.54,Fashion
ORD005571,CUST2136,2026-05-09,7361.86,Electronics
ORD008603,CUST2363,2026-03-05,4255.51,Electronics
ORD000053,CUST0053,2026-08-04,806.82,Grocery
ORD007884,CUST2323,2026-09-20,436.46,Grocery
ORD006264,CUST2219,2026-09-28,2505.85,Fashion
ORD001446,CUST1233,2026-07-04,1176.01,Fashion
ORD007682,CUST2312,2026-05-12,3315.23,Fashion
ORD009330,CUST2401,2026-09-16,1017.24,Beauty
ORD008222,CUST2342,2026-09-11,4271.51,Electronics
ORD001696,CUST1315,2026-03-19,1010.99,Fashion
ORD002893,CUST1713,2026-05-25,1056.7,Beauty
ORD012078,CUST2500,2026-09-24,8379.33,Electronics
ORD001575,CUST1274,2026-09-27,4659.96,Electronics
ORD008973,CUST2382,2026-09-25,1764.4,Fashion
ORD003204,CUST1819,2026-08-04,1268.99,Beauty
ORD004406,CUST2002,2026-09-04,10060.42,Electronics
ORD001631,CUST1293,2026-08-02,3318.68,Home & Kitchen
ORD011171,CUST2471,2026-09-08,698.1,Beauty
ORD001882,CUST1380,2026-07-30,648.68,Fashion
ORD011980,CUST2498,2026-06-16,3028.89,Home & Kitchen
ORD005113,CUST2081,2026-09-23,6927.67,Electronics
ORD005709,CUST2150,2026-09-23,1642.05,Fashion
ORD005075,CUST2077,2026-09-19,8715.83,Electronics
ORD005510,CUST2128,2026-08-29,838.38,Beauty
ORD010657,CUST2453,2026-09-12,1920.93,Home & Kitchen
ORD008197,CUST2341,2026-06-16,398.21,Grocery
ORD000849,CUST0849,2026-07-10,1000.93,Grocery
ORD002925,CUST1724,2026-05-06,241.56,Fashion
ORD008604,CUST2363,2026-03-09,415.29,Fashion
ORD008404,CUST2353,2026-09-15,366.47,Grocery
ORD002878,CUST1709,2026-09-13,2908.21,Home & Kitchen
ORD006368,CUST2231,2026-05-08,861.6,Beauty
ORD009782,CUST2423,2026-08-18,8733.74,Electronics
ORD000187,CUST0187,2026-07-22,590.73,Grocery
ORD003780,CUST1926,2026-08-05,480.44,Grocery
ORD001831,CUST1363,2026-07-26,1241.94,Beauty
ORD007459,CUST2300,2026-08-18,1888.76,Fashion
ORD002960,CUST1736,2026-05-23,5076.62,Electronics
ORD007186,CUST2286,2026-05-26,1320.09,Home & Kitchen
ORD011160,CUST2471,2026-08-19,273.58,Beauty
ORD009298,CUST2399,2026-08-14,1599.58,Fashion
ORD006905,CUST2271,2026-07-16,3615.2,Electronics
ORD005447,CUST2121,2026-09-25,1512.59,Home & Kitchen
ORD006588,CUST2254,2026-09-16,1507.33,Fashion
ORD001235,CUST1162,2026-05-06,1025.37,Home & Kitchen
ORD008471,CUST2356,2026-09-24,10572.81,Electronics
ORD003916,CUST1943,2026-09-11,917.97,Grocery
ORD000447,CUST0447,2026-08-19,994.24,Beauty
ORD008972,CUST2382,2026-09-25,1991.33,Fashion
ORD005840,CUST2166,2026-09-30,456.05,Grocery
ORD000845,CUST0845,2026-04-23,2109.9,Fashion
ORD005202,CUST2092,2026-09-30,1559.33,Home & Kitchen
ORD010618,CUST2452,2026-08-24,2586.23,Fashion
ORD010095,CUST2433,2026-09-05,6389.72,Home & Kitchen
ORD011942,CUST2496,2026-09-30,10864.72,Electronics
ORD010104,CUST2434,2026-04-29,2771.6,Home & Kitchen
ORD007938,CUST2326,2026-08-24,1545.01,Fashion
ORD002441,CUST1564,2026-09-30,9648.86,Electronics
ORD003104,CUST1781,2026-09-27,2939.65,Electronics
ORD010366,CUST2444,2026-03-09,3665.73,Electronics
ORD004775,CUST2044,2026-06-05,3470.93,Fashion
ORD008243,CUST2343,2026-09-26,1768.87,Home & Kitchen
ORD006975,CUST2275,2026-07-29,7817.37,Electronics
ORD006095,CUST2200,2026-08-04,874.79,Fashion
ORD001295,CUST1182,2026-03-14,550.32,Fashion
ORD007458,CUST2300,2026-08-16,515.08,Grocery
ORD005519,CUST2129,2026-09-29,427.92,Fashion
ORD011945,CUST2497,2026-07-29,4111.87,Electronics
ORD005068,CUST2077,2026-06-12,354.77,Grocery
ORD003443,CUST1885,2026-08-01,8285.91,Electronics
ORD010194,CUST2437,2026-09-20,4357.33,Electronics
ORD010075,CUST2432,2026-09-29,619.67,Grocery
ORD010065,CUST2432,2026-09-08,1868.23,Home & Kitchen
ORD002838,CUST1694,2026-07-16,669.92,Grocery
ORD000777,CUST0777,2026-08-04,2206.07,Fashion
ORD011737,CUST2490,2026-09-24,9779.01,Electronics
ORD011216,CUST2473,2026-05-31,1777.57,Grocery
ORD006325,CUST2226,2026-08-21,4465.03,Home & Kitchen
ORD002154,CUST1467,2026-09-16,4171.17,Home & Kitchen
ORD005559,CUST2134,2026-09-29,719.85,Grocery
ORD004921,CUST2059,2026-09-09,1176.6,Home & Kitchen
ORD007877,CUST2322,2026-06-27,1152.31,Fashion
ORD011467,CUST2481,2026-01-25,869.31,Beauty
ORD008117,CUST2336,2026-08-24,354.31,Grocery
ORD003137,CUST1793,2026-07-28,456.14,Grocery
ORD011903,CUST2495,2026-09-23,662.02,Home & Kitchen
ORD005463,CUST2123,2026-08-23,11498.2,Electronics
ORD008798,CUST2372,2026-09-29,2741.77,Home & Kitchen
ORD009791,CUST2423,2026-09-24,3043.99,Electronics
ORD003184,CUST1810,2026-05-10,1125.18,Grocery
ORD010032,CUST2431,2026-09-19,9034.59,Electronics
ORD001944,CUST1398,2026-02-17,743.8,Fashion
ORD009614,CUST2415,2026-04-13,509.17,Grocery
ORD003200,CUST1817,2026-08-04,1705.46,Fashion
ORD012047,CUST2500,2026-08-11,667.7,Grocery
ORD001290,CUST1180,2026-09-09,6252.04,Electronics
ORD004582,CUST2022,2026-08-24,1122.55,Beauty
ORD006336,CUST2227,2026-08-22,1006.77,Fashion
ORD002501,CUST1584,2026-08-03,800.37,Fashion
ORD011489,CUST2481,2026-08-18,10680.0,Electronics
ORD010787,CUST2458,2026-08-18,230.26,Grocery
ORD011528,CUST2483,2026-09-21,8361.45,Electronics
ORD009009,CUST2384,2026-06-30,659.59,Fashion
ORD004107,CUST1966,2026-07-06,1252.23,Beauty
ORD004127,CUST1968,2026-07-09,672.09,Fashion
ORD009905,CUST2428,2026-04-25,1243.47,Beauty
ORD006934,CUST2272,2026-09-16,1085.25,Fashion
ORD003967,CUST1949,2026-07-08,448.87,Grocery
ORD001880,CUST1380,2026-01-31,764.99,Grocery
ORD012028,CUST2499,2026-06-13,2256.24,Electronics
ORD011229,CUST2473,2026-07-22,4712.76,Electronics
ORD007949,CUST2326,2026-09-22,582.99,Fashion
ORD005458,CUST2123,2026-05-22,8398.65,Electronics
ORD011607,CUST2486,2026-08-30,7874.3,Electronics
ORD003588,CUST1902,2026-09-25,2257.93,Electronics
ORD010617,CUST2452,2026-08-24,6209.47,Electronics
ORD003866,CUST1936,2026-09-04,546.61,Grocery
ORD002149,CUST1466,2026-05-25,1392.41,Fashion
ORD004132,CUST1968,2026-09-13,317.78,Grocery
ORD001037,CUST1037,2026-01-19,589.75,Grocery
ORD000637,CUST0637,2026-04-17,4977.41,Home & Kitchen
ORD007217,CUST2287,2026-09-23,2077.01,Fashion
ORD009352,CUST2402,2026-05-31,1130.12,Grocery
ORD004135,CUST1969,2026-07-01,397.67,Fashion
ORD008085,CUST2334,2026-09-21,13209.97,Electronics
ORD001084,CUST1084,2026-07-30,1453.53,Beauty
ORD006712,CUST2260,2026-09-30,12743.62,Electronics
ORD000862,CUST0862,2026-09-21,904.77,Fashion
ORD005213,CUST2094,2026-09-27,3401.26,Home & Kitchen
ORD000904,CUST0904,2026-02-23,931.85,Fashion
ORD000192,CUST0192,2026-06-11,1564.94,Home & Kitchen
ORD000110,CUST0110,2026-03-17,504.59,Grocery
ORD006027,CUST2190,2026-05-07,428.83,Fashion
ORD004456,CUST2008,2026-09-28,4840.13,Home & Kitchen
ORD001943,CUST1397,2026-07-23,584.65,Grocery
ORD007774,CUST2317,2026-06-16,2827.09,Home & Kitchen
ORD004332,CUST1991,2026-08-13,13692.82,Electronics
ORD010693,CUST2454,2026-09-24,1495.7,Fashion
ORD010314,CUST2441,2026-09-02,11601.98,Electronics
ORD005928,CUST2177,2026-06-21,881.49,Beauty
ORD002041,CUST1430,2026-08-19,533.3,Fashion
ORD009366,CUST2403,2026-07-21,2387.28,Home & Kitchen
ORD009062,CUST2387,2026-09-08,816.21,Fashion
ORD007894,CUST2323,2026-09-24,8953.82,Electronics
ORD004879,CUST2054,2026-05-02,549.1,Grocery
ORD004660,CUST2030,2026-09-25,1800.21,Beauty
ORD008281,CUST2346,2026-08-10,937.12,Home & Kitchen
ORD005002,CUST2069,2026-02-13,410.17,Fashion
ORD002776,CUST1674,2026-09-22,640.39,Grocery
ORD007526,CUST2303,2026-08-18,554.75,Grocery
ORD004146,CUST1970,2026-07-15,4147.53,Electronics
ORD002324,CUST1525,2026-03-24,5253.56,Fashion
ORD000763,CUST0763,2026-09-20,713.41,Grocery
ORD005922,CUST2176,2026-09-06,317.07,Grocery
ORD002618,CUST1622,2026-08-09,739.25,Grocery
ORD002412,CUST1555,2026-07-11,8493.12,Home & Kitchen
ORD001095,CUST1095,2026-01-30,637.55,Beauty
ORD006066,CUST2196,2026-02-16,4145.52,Electronics
ORD007266,CUST2290,2026-08-19,3928.43,Electronics
ORD001547,CUST1264,2026-08-26,518.93,Beauty
ORD004590,CUST2023,2026-09-21,855.46,Fashion
ORD006035,CUST2191,2026-07-29,351.61,Fashion
ORD011324,CUST2476,2026-08-28,11867.52,Fashion
ORD007518,CUST2303,2026-05-20,547.2,Grocery
ORD006954,CUST2274,2026-07-07,1607.36,Home & Kitchen
ORD003136,CUST1793,2026-07-17,1043.49,Fashion
ORD003857,CUST1936,2026-05-04,1688.04,Beauty
ORD005041,CUST2073,2026-05-08,13512.72,Electronics
ORD007436,CUST2298,2026-08-17,3351.66,Home & Kitchen
ORD011128,CUST2470,2026-04-27,4995.18,Electronics
ORD005429,CUST2119,2026-08-28,2552.93,Fashion
ORD006524,CUST2250,2026-06-26,732.26,Grocery
ORD006420,CUST2237,2026-09-07,9139.59,Electronics
ORD009320,CUST2400,2026-09-15,6780.68,Electronics
ORD003806,CUST1930,2026-07-20,2099.88,Home & Kitchen
ORD000885,CUST0885,2026-06-30,3684.39,Home & Kitchen
ORD002655,CUST1633,2026-07-29,2038.79,Fashion
ORD009192,CUST2394,2026-08-31,475.54,Grocery
ORD008618,CUST2364,2026-09-29,1762.73,Home & Kitchen
ORD010069,CUST2432,2026-09-22,2584.66,Home & Kitchen
ORD006775,CUST2264,2026-05-09,2598.9,Fashion
ORD010606,CUST2451,2026-08-31,2812.71,Electronics
ORD011138,CUST2470,2026-06-26,577.86,Grocery
ORD000465,CUST0465,2026-03-13,557.69,Fashion
ORD001258,CUST1169,2026-01-14,423.06,Fashion
ORD011556,CUST2484,2026-08-21,7732.1,Electronics
ORD002260,CUST1502,2026-09-28,1978.73,Home & Kitchen
ORD004275,CUST1985,2026-08-03,1419.93,Grocery
ORD007075,CUST2280,2026-09-02,1745.64,Home & Kitchen
ORD005193,CUST2091,2026-09-16,1059.13,Beauty
ORD005631,CUST2142,2026-09-08,1012.18,Grocery
ORD011702,CUST2489,2026-09-28,13818.25,Electronics
ORD006232,CUST2216,2026-08-11,1154.45,Fashion
ORD007383,CUST2295,2026-09-26,1870.85,Fashion
ORD005301,CUST2104,2026-04-09,3075.06,Home & Kitchen
ORD002203,CUST1485,2026-09-29,1523.63,Fashion
ORD010777,CUST2457,2026-09-24,944.66,Fashion
ORD009979,CUST2430,2026-06-04,390.6,Fashion
ORD001263,CUST1170,2026-07-29,1903.86,Home & Kitchen
ORD009290,CUST2399,2026-05-12,647.07,Fashion
ORD007213,CUST2287,2026-09-09,430.15,Grocery
ORD000976,CUST0976,2026-04-12,1874.84,Fashion
ORD008665,CUST2366,2026-08-03,3433.05,Home & Kitchen
ORD005867,CUST2169,2026-09-23,972.2,Grocery
ORD004926,CUST2060,2026-08-03,1137.18,Grocery
ORD000942,CUST0942,2026-05-24,2704.59,Fashion
ORD005264,CUST2099,2026-09-15,6160.29,Electronics
ORD006583,CUST2254,2026-06-19,660.76,Beauty
ORD004724,CUST2037,2026-08-28,201.64,Beauty
ORD002388,CUST1548,2026-05-04,856.23,Grocery
ORD011752,CUST2491,2026-08-14,6319.15,Home & Kitchen
ORD005022,CUST2070,2026-09-22,2332.7,Home & Kitchen
ORD007130,CUST2283,2026-09-21,7564.68,Electronics
ORD004392,CUST2000,2026-05-25,1495.4,Fashion
ORD005149,CUST2086,2026-09-30,6048.36,Electronics
ORD010097,CUST2433,2026-09-08,6287.41,Electronics
ORD006804,CUST2265,2026-09-28,422.61,Grocery
ORD003222,CUST1824,2026-08-08,8161.4,Electronics
ORD003883,CUST1939,2026-07-17,636.98,Grocery
ORD008063,CUST2333,2026-05-26,5583.54,Home & Kitchen
ORD011402,CUST2478,2026-09-07,7228.64,Electronics
ORD001611,CUST1286,2026-09-13,541.42,Beauty
ORD003876,CUST1937,2026-08-21,2070.38,Home & Kitchen
ORD005954,CUST2181,2026-09-17,1505.28,Beauty
ORD002790,CUST1679,2026-06-19,254.38,Grocery
ORD000945,CUST0945,2026-05-10,837.41,Fashion
ORD011085,CUST2468,2026-09-15,649.34,Grocery
ORD001858,CUST1372,2026-09-27,1027.38,Beauty
ORD010473,CUST2446,2026-09-16,7735.79,Home & Kitchen
ORD004109,CUST1966,2026-07-19,2103.18,Home & Kitchen
ORD005214,CUST2094,2026-09-28,2228.07,Fashion
ORD010278,CUST2440,2026-08-21,4132.1,Home & Kitchen
ORD003256,CUST1836,2026-09-23,2163.85,Home & Kitchen
ORD007324,CUST2293,2026-09-22,533.38,Fashion
ORD002691,CUST1645,2026-07-03,473.06,Grocery
ORD008315,CUST2348,2026-07-27,297.32,Grocery
ORD007390,CUST2296,2026-09-12,5915.84,Electronics
ORD004628,CUST2027,2026-07-31,230.3,Grocery
ORD009024,CUST2385,2026-05-28,384.65,Grocery
ORD001320,CUST1191,2026-08-08,1725.29,Fashion
ORD009146,CUST2392,2026-09-23,1529.15,Beauty
ORD011936,CUST2496,2026-09-30,999.47,Home & Kitchen
ORD005163,CUST2088,2026-07-29,1117.7,Fashion
ORD008787,CUST2372,2026-09-23,2619.38,Home & Kitchen
ORD010185,CUST2437,2026-09-10,802.84,Grocery
ORD009022,CUST2385,2026-05-14,4406.5,Electronics
ORD001136,CUST1129,2026-07-21,1211.2,Fashion
ORD004530,CUST2016,2026-06-25,813.57,Home & Kitchen
ORD003476,CUST1889,2026-07-12,1823.76,Fashion
ORD003506,CUST1893,2026-09-16,1228.66,Fashion
ORD004750,CUST2041,2026-06-15,1659.3,Fashion
ORD002478,CUST1576,2026-09-04,6647.85,Electronics
ORD011747,CUST2491,2026-07-20,9690.02,Electronics
ORD008232,CUST2343,2026-09-19,1231.66,Beauty
ORD007087,CUST2281,2026-05-28,418.17,Grocery
ORD008905,CUST2379,2026-09-27,2901.71,Electronics
ORD009376,CUST2403,2026-08-19,11454.82,Electronics
ORD004502,CUST2013,2026-09-02,622.64,Beauty
ORD007857,CUST2321,2026-06-30,4448.17,Home & Kitchen
ORD011919,CUST2496,2026-09-28,350.51,Grocery
ORD006337,CUST2227,2026-08-29,4752.05,Home & Kitchen
ORD009933,CUST2428,2026-09-07,405.39,Grocery
ORD006983,CUST2275,2026-09-16,1392.99,Beauty
ORD007232,CUST2288,2026-09-10,18503.99,Electronics
ORD009015,CUST2384,2026-09-01,1728.55,Fashion
ORD001875,CUST1378,2026-03-27,2949.64,Home & Kitchen
ORD010281,CUST2440,2026-09-04,1481.15,Home & Kitchen
ORD007748,CUST2315,2026-09-25,583.91,Beauty
ORD011401,CUST2478,2026-09-03,902.74,Fashion
ORD005097,CUST2080,2026-06-18,11333.64,Electronics
ORD002905,CUST1718,2026-02-07,812.51,Fashion
ORD000571,CUST0571,2026-06-27,1772.68,Home & Kitchen
ORD001449,CUST1234,2026-09-18,1550.6,Fashion
ORD003415,CUST1882,2026-08-31,1584.72,Beauty
ORD009748,CUST2421,2026-09-07,1673.48,Beauty
ORD000940,CUST0940,2026-07-16,458.97,Grocery
ORD009381,CUST2403,2026-09-07,8980.3,Electronics
ORD011066,CUST2467,2026-08-22,3042.57,Home & Kitchen
ORD008137,CUST2338,2026-09-16,9546.62,Electronics
ORD009624,CUST2415,2026-07-18,1342.9,Fashion
ORD005842,CUST2167,2026-05-15,4256.41,Electronics
ORD006838,CUST2267,2026-07-28,2593.92,Fashion
ORD008813,CUST2373,2026-08-03,2214.45,Fashion
ORD003227,CUST1825,2026-09-28,818.29,Fashion
ORD011769,CUST2492,2026-09-02,574.29,Grocery
ORD006333,CUST2227,2026-07-28,4249.66,Home & Kitchen
ORD003979,CUST1951,2026-09-10,359.96,Fashion
ORD004384,CUST1999,2026-09-21,1161.13,Fashion
ORD005835,CUST2166,2026-08-17,462.05,Grocery
ORD009609,CUST2414,2026-08-15,15238.16,Electronics
ORD009253,CUST2397,2026-09-09,883.18,Grocery
ORD003540,CUST1897,2026-07-26,1416.23,Home & Kitchen
ORD008558,CUST2361,2026-09-23,149.49,Beauty
ORD010817,CUST2459,2026-09-17,3692.21,Electronics
ORD010737,CUST2456,2026-09-15,2393.85,Home & Kitchen
ORD011387,CUST2478,2026-08-06,503.26,Grocery
ORD005682,CUST2148,2026-07-31,3363.46,Home & Kitchen
ORD002828,CUST1690,2026-07-07,419.53,Grocery
ORD005781,CUST2159,2026-03-20,1188.95,Grocery
ORD003635,CUST1908,2026-09-15,670.43,Grocery
ORD004997,CUST2068,2026-08-27,1596.97,Fashion
ORD001339,CUST1197,2026-04-20,1728.2,Home & Kitchen
ORD003263,CUST1839,2026-07-27,727.49,Grocery
ORD008737,CUST2369,2026-09-14,460.07,Grocery
ORD006839,CUST2267,2026-07-29,10482.83,Electronics
ORD005090,CUST2079,2026-09-24,1147.13,Fashion
ORD005742,CUST2154,2026-09-17,21724.01,Electronics
ORD000651,CUST0651,2026-03-01,351.6,Grocery
ORD006040,CUST2192,2026-08-16,664.59,Fashion
ORD002903,CUST1717,2026-01-13,5070.82,Home & Kitchen
ORD002259,CUST1502,2026-09-27,2419.31,Home & Kitchen
ORD011955,CUST2497,2026-08-16,2328.22,Home & Kitchen
ORD005396,CUST2115,2026-06-24,1880.9,Beauty
ORD007083,CUST2281,2026-05-12,2318.99,Fashion
ORD009405,CUST2405,2026-09-24,11095.7,Electronics
ORD008566,CUST2361,2026-09-25,1015.36,Fashion
ORD003522,CUST1895,2026-09-28,663.34,Grocery
ORD002731,CUST1659,2026-09-24,1842.05,Fashion
ORD008066,CUST2333,2026-06-13,3867.94,Electronics
ORD004479,CUST2011,2026-08-27,587.63,Fashion
ORD005661,CUST2146,2026-07-24,377.16,Grocery
ORD001597,CUST1281,2026-09-23,9795.07,Electronics
ORD000068,CUST0068,2026-02-26,14820.12,Electronics
ORD002585,CUST1610,2026-09-24,1080.83,Fashion
ORD011623,CUST2487,2026-07-09,3232.85,Home & Kitchen
ORD006282,CUST2221,2026-09-18,12648.96,Electronics
ORD003197,CUST1816,2026-08-04,742.7,Fashion
ORD011316,CUST2475,2026-09-20,10941.87,Electronics
ORD005328,CUST2107,2026-08-23,772.63,Home & Kitchen
ORD009579,CUST2413,2026-08-21,3934.16,Home & Kitchen
ORD007895,CUST2323,2026-09-25,3956.04,Home & Kitchen
ORD007610,CUST2308,2026-07-04,409.59,Grocery
ORD001259,CUST1169,2026-06-26,345.78,Beauty
ORD007760,CUST2316,2026-06-17,869.24,Grocery
ORD006351,CUST2229,2026-09-23,2833.53,Home & Kitchen
ORD010288,CUST2441,2026-03-08,999.27,Fashion
ORD007524,CUST2303,2026-07-29,11756.39,Electronics
ORD000992,CUST0992,2026-06-27,2088.46,Home & Kitchen
ORD003505,CUST1893,2026-09-13,1626.75,Home & Kitchen
ORD000114,CUST0114,2026-08-16,363.04,Grocery
ORD000920,CUST0920,2026-05-03,559.49,Grocery
ORD002510,CUST1587,2026-03-19,6142.37,Electronics
ORD011360,CUST2477,2026-08-25,771.87,Beauty
ORD000166,CUST0166,2026-09-15,2241.27,Home & Kitchen
ORD006742,CUST2262,2026-09-10,17996.23,Electronics
ORD009464,CUST2407,2026-08-10,19840.97,Electronics
ORD010318,CUST2442,2026-02-03,272.21,Beauty
ORD009719,CUST2420,2026-08-01,20290.94,Electronics
ORD004604,CUST2024,2026-09-13,2310.89,Home & Kitchen
ORD008898,CUST2378,2026-09-22,2704.24,Home & Kitchen
ORD010271,CUST2440,2026-08-08,3210.89,Home & Kitchen
ORD000950,CUST0950,2026-05-18,1591.19,Home & Kitchen
ORD004595,CUST2023,2026-09-27,1606.3,Fashion
ORD009802,CUST2424,2026-07-24,771.31,Fashion
ORD003771,CUST1925,2026-06-28,5748.83,Electronics
ORD002507,CUST1586,2026-06-24,2016.76,Home & Kitchen
ORD005108,CUST2081,2026-07-08,538.88,Grocery
ORD002851,CUST1700,2026-05-17,1546.42,Fashion
ORD006001,CUST2187,2026-06-08,576.93,Beauty
ORD009323,CUST2400,2026-09-17,1130.94,Fashion
ORD012055,CUST2500,2026-09-05,4408.54,Electronics
ORD010529,CUST2448,2026-09-19,5283.41,Home & Kitchen
ORD011251,CUST2474,2026-03-24,413.65,Fashion
ORD004447,CUST2007,2026-09-19,1503.82,Home & Kitchen
ORD005795,CUST2161,2026-07-20,782.37,Grocery
ORD009822,CUST2425,2026-06-14,1230.42,Fashion
ORD004461,CUST2009,2026-09-30,845.83,Grocery
ORD009227,CUST2396,2026-05-21,8092.28,Electronics
ORD002506,CUST1585,2026-09-28,1319.63,Fashion
ORD010862,CUST2461,2026-05-13,1170.04,Fashion
ORD006624,CUST2256,2026-09-03,3027.18,Home & Kitchen
ORD001115,CUST1115,2026-05-26,606.98,Beauty
ORD006943,CUST2273,2026-08-15,1398.43,Fashion
ORD010134,CUST2435,2026-02-09,4217.07,Home & Kitchen
ORD000299,CUST0299,2026-06-06,838.4,Beauty
ORD001676,CUST1308,2026-04-06,814.66,Beauty
ORD003348,CUST1869,2026-09-30,565.52,Beauty
ORD006171,CUST2209,2026-07-22,644.16,Grocery
ORD002736,CUST1661,2026-04-30,286.77,Grocery
ORD005670,CUST2147,2026-02-12,242.14,Grocery
ORD009658,CUST2417,2026-04-11,6331.33,Electronics
ORD004989,CUST2067,2026-06-14,1809.22,Fashion
ORD010860,CUST2460,2026-09-29,7446.85,Electronics
ORD002379,CUST1544,2026-07-26,895.09,Fashion
ORD007432,CUST2298,2026-07-18,4296.73,Home & Kitchen
ORD007426,CUST2298,2026-05-31,1059.68,Fashion
ORD008409,CUST2354,2026-03-06,5028.31,Electronics
ORD004326,CUST1991,2026-05-14,1725.88,Home & Kitchen
ORD004173,CUST1973,2026-07-03,386.39,Beauty
ORD008441,CUST2355,2026-05-22,1079.05,Beauty
ORD004551,CUST2018,2026-08-03,3296.47,Home & Kitchen
ORD007913,CUST2324,2026-08-16,369.56,Grocery
ORD008673,CUST2367,2026-04-03,2106.51,Fashion
ORD009669,CUST2417,2026-09-02,156.91,Grocery
ORD002104,CUST1451,2026-09-25,6165.85,Electronics
ORD005337,CUST2108,2026-06-15,2523.04,Home & Kitchen
ORD008360,CUST2351,2026-07-16,737.78,Grocery
ORD003760,CUST1924,2026-04-30,1219.87,Beauty
ORD009437,CUST2406,2026-07-12,495.17,Grocery
ORD001838,CUST1365,2026-08-16,1062.22,Grocery
ORD009708,CUST2419,2026-09-01,2033.5,Fashion
ORD010036,CUST2431,2026-09-26,23302.94,Electronics
ORD011422,CUST2479,2026-06-03,6330.28,Electronics
ORD005711,CUST2151,2026-04-22,968.03,Fashion
ORD000608,CUST0608,2026-03-22,7303.05,Electronics
ORD004501,CUST2013,2026-08-28,1649.38,Fashion
ORD007037,CUST2278,2026-09-09,581.89,Grocery
ORD001094,CUST1094,2026-01-26,15598.58,Electronics
ORD008280,CUST2346,2026-08-05,2361.51,Home & Kitchen
ORD006719,CUST2261,2026-04-16,3791.74,Home & Kitchen
ORD008697,CUST2368,2026-07-13,1988.58,Fashion
ORD010821,CUST2459,2026-09-24,3268.45,Home & Kitchen
ORD004488,CUST2011,2026-09-29,21299.85,Electronics
ORD007708,CUST2313,2026-08-29,548.94,Beauty
ORD000161,CUST0161,2026-03-25,2904.03,Home & Kitchen
ORD000204,CUST0204,2026-08-09,407.05,Fashion
ORD006484,CUST2245,2026-09-23,617.84,Grocery
ORD003941,CUST1946,2026-07-23,1028.36,Grocery
ORD008424,CUST2354,2026-07-14,2796.83,Fashion
ORD006104,CUST2201,2026-09-06,450.09,Grocery
ORD004934,CUST2061,2026-08-09,658.62,Grocery
ORD002935,CUST1727,2026-08-07,8615.67,Electronics
ORD001815,CUST1358,2026-06-30,1570.56,Home & Kitchen
ORD007648,CUST2310,2026-08-17,23993.14,Electronics
ORD002436,CUST1562,2026-09-30,315.61,Beauty
ORD001231,CUST1161,2026-09-27,1351.22,Fashion
ORD010481,CUST2447,2026-08-20,383.93,Grocery
ORD009559,CUST2412,2026-08-16,10743.4,Electronics
ORD003047,CUST1764,2026-08-24,318.3,Beauty
ORD005706,CUST2150,2026-09-05,2116.35,Home & Kitchen
ORD011665,CUST2488,2026-09-21,6721.35,Home & Kitchen
ORD002916,CUST1721,2026-09-28,3605.46,Home & Kitchen
ORD010956,CUST2463,2026-09-21,594.97,Grocery
ORD009191,CUST2394,2026-08-29,938.21,Beauty
ORD007546,CUST2304,2026-09-25,674.04,Fashion
ORD003989,CUST1952,2026-05-16,1904.65,Fashion
ORD004252,CUST1982,2026-08-25,999.52,Beauty
ORD006112,CUST2202,2026-09-15,17095.62,Electronics
ORD006829,CUST2267,2026-03-21,3373.69,Home & Kitchen
ORD009321,CUST2400,2026-09-15,6248.33,Electronics
ORD008186,CUST2340,2026-09-19,503.29,Beauty
ORD006205,CUST2212,2026-07-19,2067.2,Beauty
ORD003294,CUST1850,2026-09-10,3214.53,Fashion
ORD004035,CUST1957,2026-09-19,2251.14,Fashion
ORD002726,CUST1658,2026-09-26,2170.93,Electronics
ORD004291,CUST1987,2026-09-02,3665.38,Home & Kitchen
ORD004335,CUST1992,2026-03-18,15304.23,Electronics
ORD002553,CUST1600,2026-05-05,2069.97,Fashion
ORD003878,CUST1938,2026-08-06,1678.73,Beauty
ORD006206,CUST2212,2026-08-20,1819.6,Fashion
ORD007973,CUST2328,2026-06-28,1649.02,Home & Kitchen
ORD012014,CUST2499,2026-02-20,639.65,Grocery
ORD006880,CUST2269,2026-09-28,389.07,Grocery
ORD007486,CUST2301,2026-09-12,7610.82,Electronics
ORD004754,CUST2041,2026-07-16,14953.53,Electronics
ORD004887,CUST2055,2026-08-21,1845.64,Home & Kitchen
ORD000858,CUST0858,2026-03-05,3200.61,Home & Kitchen
ORD000371,CUST0371,2026-09-07,311.3,Grocery
ORD006540,CUST2251,2026-09-30,2527.56,Fashion
ORD010106,CUST2434,2026-05-17,596.12,Fashion
ORD002562,CUST1603,2026-08-31,11909.37,Electronics
ORD003802,CUST1929,2026-06-14,9075.37,Electronics
ORD002641,CUST1629,2026-05-18,1341.44,Beauty
ORD005456,CUST2122,2026-09-30,4040.77,Home & Kitchen
ORD008204,CUST2341,2026-08-21,2264.03,Home & Kitchen
ORD004491,CUST2012,2026-09-29,403.47,Grocery
ORD002348,CUST1534,2026-06-08,850.66,Fashion
ORD000650,CUST0650,2026-07-09,2028.82,Fashion
ORD006860,CUST2268,2026-09-03,979.9,Grocery
ORD002782,CUST1676,2026-07-21,263.27,Grocery
ORD008244,CUST2343,2026-09-28,4726.38,Electronics
ORD010316,CUST2441,2026-09-17,32573.16,Electronics
ORD010484,CUST2447,2026-08-31,536.89,Beauty
ORD011596,CUST2486,2026-07-11,834.06,Fashion
ORD007208,CUST2287,2026-08-16,1801.55,Fashion
ORD005945,CUST2179,2026-09-16,254.78,Grocery
ORD008302,CUST2347,2026-09-30,754.76,Grocery
ORD000616,CUST0616,2026-04-02,831.08,Fashion
ORD010191,CUST2437,2026-09-18,11981.17,Electronics
ORD002576,CUST1607,2026-08-25,3862.37,Home & Kitchen
ORD000054,CUST0054,2026-09-14,614.57,Fashion
ORD009929,CUST2428,2026-08-23,4379.83,Electronics
ORD003341,CUST1866,2026-09-29,410.98,Fashion
ORD009174,CUST2393,2026-09-02,412.26,Grocery
ORD001706,CUST1318,2026-04-18,410.12,Beauty
ORD010935,CUST2463,2026-08-26,3845.68,Electronics
ORD008100,CUST2335,2026-09-10,7085.52,Electronics
ORD008023,CUST2330,2026-08-19,562.37,Grocery
ORD001494,CUST1247,2026-07-30,11423.33,Electronics
ORD005877,CUST2171,2026-05-03,1003.66,Grocery
ORD012036,CUST2499,2026-08-15,5633.15,Home & Kitchen
ORD010724,CUST2455,2026-08-26,1264.61,Home & Kitchen
ORD000804,CUST0804,2026-02-09,239.94,Beauty
ORD004954,CUST2063,2026-09-24,3610.73,Home & Kitchen
ORD007744,CUST2315,2026-09-16,491.25,Grocery
ORD001813,CUST1357,2026-08-29,5107.19,Home & Kitchen
ORD009212,CUST2395,2026-09-15,639.49,Fashion
ORD000991,CUST0991,2026-08-25,1773.01,Fashion
ORD002775,CUST1674,2026-07-11,1107.05,Fashion
ORD009495,CUST2409,2026-08-21,24677.56,Electronics
ORD002449,CUST1567,2026-09-12,4301.85,Home & Kitchen
ORD003514,CUST1894,2026-09-08,475.72,Grocery
ORD010718,CUST2455,2026-08-12,6951.42,Electronics
ORD011314,CUST2475,2026-09-14,883.31,Fashion
ORD000220,CUST0220,2026-04-29,720.31,Grocery
ORD008133,CUST2337,2026-09-27,693.4,Grocery
ORD001289,CUST1180,2026-06-07,3258.68,Home & Kitchen
ORD003164,CUST1803,2026-07-05,728.53,Grocery
ORD004679,CUST2032,2026-06-13,471.61,Grocery
ORD002619,CUST1622,2026-09-29,1430.4,Home & Kitchen
ORD003613,CUST1906,2026-09-18,3180.56,Fashion
ORD000044,CUST0044,2026-09-15,1226.18,Home & Kitchen
ORD007872,CUST2322,2026-04-23,6367.15,Electronics
ORD009667,CUST2417,2026-09-01,1025.7,Home & Kitchen
ORD008982,CUST2382,2026-09-30,2806.96,Home & Kitchen
ORD008837,CUST2374,2026-09-11,3502.69,Home & Kitchen
ORD003793,CUST1928,2026-06-03,878.2,Grocery
ORD003572,CUST1901,2026-03-25,1703.78,Fashion
ORD012056,CUST2500,2026-09-08,1180.99,Fashion
ORD001504,CUST1250,2026-08-19,1809.46,Beauty
ORD008157,CUST2338,2026-09-30,3280.68,Home & Kitchen
ORD011875,CUST2494,2026-09-18,2788.03,Home & Kitchen
ORD007597,CUST2307,2026-09-23,11653.74,Electronics
ORD003440,CUST1884,2026-09-23,4274.59,Home & Kitchen
ORD001893,CUST1384,2026-01-11,2633.71,Home & Kitchen
ORD011643,CUST2487,2026-09-30,439.8,Grocery
ORD011263,CUST2474,2026-06-11,2546.53,Home & Kitchen
ORD009175,CUST2393,2026-09-06,1703.52,Fashion
ORD005256,CUST2099,2026-04-10,4296.75,Electronics
ORD001956,CUST1402,2026-09-30,1238.95,Fashion
ORD011379,CUST2478,2026-07-08,631.92,Grocery
ORD005168,CUST2088,2026-09-02,11033.75,Electronics
ORD004815,CUST2048,2026-05-20,2532.73,Fashion
ORD003576,CUST1901,2026-06-11,19757.7,Electronics
ORD006461,CUST2241,2026-09-06,407.21,Grocery
ORD001506,CUST1251,2026-06-02,13851.09,Electronics
ORD008367,CUST2351,2026-09-18,402.53,Beauty
ORD000671,CUST0671,2026-04-01,2657.96,Home & Kitchen
ORD006492,CUST2246,2026-09-23,1987.83,Home & Kitchen
ORD007049,CUST2279,2026-08-01,1045.86,Grocery
ORD011699,CUST2489,2026-09-11,928.61,Grocery
ORD010755,CUST2456,2026-09-29,1109.62,Fashion
ORD001086,CUST1086,2026-07-21,8606.08,Electronics
ORD000898,CUST0898,2026-07-16,478.81,Beauty
ORD003307,CUST1855,2026-08-25,1772.31,Fashion
ORD008105,CUST2335,2026-09-29,1527.84,Fashion
ORD006240,CUST2217,2026-08-22,362.3,Fashion
ORD002667,CUST1637,2026-07-29,966.78,Fashion
ORD007647,CUST2310,2026-08-14,3067.69,Home & Kitchen
ORD003194,CUST1814,2026-06-05,874.01,Grocery
ORD002891,CUST1713,2026-02-14,407.44,Fashion
ORD006004,CUST2187,2026-08-08,3703.66,Electronics
ORD007740,CUST2315,2026-08-17,970.68,Fashion
ORD009680,CUST2418,2026-08-11,2693.23,Home & Kitchen
ORD004740,CUST2039,2026-06-09,1683.58,Home & Kitchen
ORD002622,CUST1623,2026-09-21,7862.95,Electronics
ORD008753,CUST2370,2026-08-22,1837.72,Fashion
ORD006203,CUST2212,2026-06-25,322.01,Grocery
ORD009331,CUST2401,2026-09-16,1769.93,Beauty
ORD008769,CUST2371,2026-09-28,590.82,Fashion
ORD008464,CUST2356,2026-08-29,7916.39,Electronics
ORD005814,CUST2163,2026-09-30,1948.21,Home & Kitchen
ORD000003,CUST0003,2026-08-12,540.92,Grocery
ORD005971,CUST2183,2026-08-07,7569.41,Electronics
ORD002371,CUST1542,2026-05-10,10747.22,Electronics
ORD003805,CUST1930,2026-07-08,12496.66,Electronics
ORD001770,CUST1341,2026-07-09,12723.85,Electronics
ORD011127,CUST2470,2026-04-20,4091.42,Fashion
ORD008502,CUST2358,2026-04-13,6114.14,Electronics
ORD006080,CUST2198,2026-06-19,1278.86,Beauty
ORD000532,CUST0532,2026-04-10,880.98,Beauty
ORD010413,CUST2445,2026-07-30,23801.5,Electronics
ORD010449,CUST2446,2026-06-25,2553.75,Home & Kitchen
ORD006477,CUST2244,2026-08-12,17871.51,Electronics
ORD006978,CUST2275,2026-08-16,16427.87,Electronics
ORD010767,CUST2457,2026-06-27,4748.91,Electronics
ORD010235,CUST2439,2026-06-15,4773.93,Fashion
ORD003121,CUST1787,2026-07-18,408.24,Fashion
ORD010889,CUST2461,2026-09-10,417.05,Fashion
ORD006260,CUST2219,2026-09-19,2429.46,Home & Kitchen
ORD000732,CUST0732,2026-05-27,622.43,Fashion
ORD003407,CUST1881,2026-07-26,819.1,Grocery
ORD002340,CUST1531,2026-03-03,965.27,Beauty
ORD005992,CUST2185,2026-08-31,893.55,Fashion
ORD006329,CUST2226,2026-09-24,2542.28,Fashion
ORD002799,CUST1682,2026-09-01,820.45,Fashion
ORD008384,CUST2352,2026-08-30,1693.7,Fashion
ORD002566,CUST1604,2026-09-10,423.38,Grocery
ORD002582,CUST1609,2026-09-02,1462.48,Home & Kitchen
ORD009876,CUST2427,2026-07-15,696.87,Beauty
ORD010774,CUST2457,2026-08-29,1536.68,Fashion
ORD009654,CUST2416,2026-09-18,8872.93,Electronics
ORD008047,CUST2332,2026-06-27,1139.13,Beauty
ORD000384,CUST0384,2026-08-15,6405.57,Electronics
ORD010834,CUST2460,2026-08-26,1255.27,Beauty
ORD011437,CUST2479,2026-09-16,14359.96,Electronics
ORD001256,CUST1168,2026-06-13,468.76,Grocery
ORD002105,CUST1451,2026-09-27,491.71,Beauty
ORD011225,CUST2473,2026-07-04,277.56,Grocery
ORD010028,CUST2431,2026-09-12,724.75,Grocery
ORD008632,CUST2364,2026-09-30,8064.78,Electronics
ORD011046,CUST2467,2026-07-05,1502.86,Beauty
ORD004995,CUST2068,2026-08-10,910.41,Beauty
ORD009272,CUST2398,2026-05-24,3603.9,Home & Kitchen
ORD010827,CUST2460,2026-08-21,604.35,Beauty
ORD009056,CUST2387,2026-08-19,2427.49,Home & Kitchen
ORD005058,CUST2075,2026-09-18,2585.02,Home & Kitchen
ORD000659,CUST0659,2026-07-27,671.94,Beauty
ORD004435,CUST2005,2026-09-30,3068.22,Home & Kitchen
ORD003485,CUST1890,2026-08-10,1820.51,Home & Kitchen
ORD011468,CUST2481,2026-01-30,1128.73,Fashion
ORD005319,CUST2106,2026-09-07,2292.76,Home & Kitchen
ORD003817,CUST1932,2026-09-01,2003.52,Home & Kitchen
ORD006774,CUST2264,2026-05-02,6039.14,Electronics
ORD008295,CUST2347,2026-09-14,6723.17,Electronics
ORD010751,CUST2456,2026-09-22,2010.25,Grocery
ORD002547,CUST1598,2026-07-26,1502.96,Fashion
ORD008144,CUST2338,2026-09-20,1459.29,Home & Kitchen
ORD006480,CUST2244,2026-09-09,2772.0,Home & Kitchen
ORD001622,CUST1291,2026-03-13,889.06,Beauty
ORD011382,CUST2478,2026-07-14,3977.01,Home & Kitchen
ORD007261,CUST2290,2026-08-05,462.71,Grocery
ORD003905,CUST1941,2026-08-10,2245.98,Home & Kitchen
ORD001848,CUST1368,2026-09-08,1925.14,Home & Kitchen
ORD010750,CUST2456,2026-09-22,4420.04,Electronics
ORD001097,CUST1097,2026-01-27,850.19,Grocery
ORD006812,CUST2266,2026-05-14,489.51,Grocery
ORD008720,CUST2369,2026-07-19,610.02,Fashion
ORD011116,CUST2469,2026-09-21,2742.09,Home & Kitchen
ORD011453,CUST2480,2026-09-07,6791.76,Home & Kitchen
ORD005500,CUST2127,2026-08-11,1419.48,Fashion
ORD011168,CUST2471,2026-09-01,3875.3,Electronics
ORD002464,CUST1571,2026-07-18,472.2,Beauty
ORD010672,CUST2454,2026-09-13,15737.55,Electronics
ORD003701,CUST1917,2026-07-19,2665.49,Home & Kitchen
ORD006685,CUST2259,2026-09-21,1217.95,Home & Kitchen
ORD009240,CUST2396,2026-08-29,7026.58,Electronics
ORD011870,CUST2494,2026-08-03,512.08,Grocery
ORD001789,CUST1349,2026-06-28,667.05,Fashion
ORD000251,CUST0251,2026-06-01,557.41,Grocery
ORD007705,CUST2313,2026-08-18,2735.98,Electronics
ORD006315,CUST2225,2026-08-17,5100.99,Electronics
ORD009512,CUST2410,2026-07-07,350.09,Grocery
ORD003646,CUST1910,2026-07-23,2976.39,Home & Kitchen
ORD001777,CUST1344,2026-09-30,343.23,Fashion
ORD000193,CUST0193,2026-05-15,833.45,Beauty
ORD000821,CUST0821,2026-05-07,7711.5,Electronics
ORD011632,CUST2487,2026-08-18,2031.7,Home & Kitchen
ORD008288,CUST2346,2026-09-18,999.21,Fashion
ORD009281,CUST2398,2026-09-18,1478.31,Beauty
ORD010386,CUST2444,2026-07-07,10998.8,Electronics
ORD009657,CUST2417,2026-03-28,1173.97,Home & Kitchen
ORD004401,CUST2001,2026-09-29,696.46,Fashion
ORD009721,CUST2420,2026-08-06,533.91,Grocery
ORD009179,CUST2393,2026-09-22,5299.58,Electronics
ORD005389,CUST2114,2026-09-30,1099.89,Home & Kitchen
ORD004167,CUST1973,2026-04-05,5751.76,Electronics
ORD008325,CUST2349,2026-09-20,9559.62,Electronics
ORD011303,CUST2475,2026-08-28,14353.73,Electronics
ORD004952,CUST2063,2026-09-04,634.69,Fashion
ORD002688,CUST1643,2026-09-28,435.52,Grocery
ORD004391,CUST2000,2026-05-11,1613.3,Home & Kitchen
ORD008398,CUST2353,2026-07-18,2828.19,Electronics
ORD003389,CUST1879,2026-08-15,1947.66,Home & Kitchen
ORD004928,CUST2060,2026-08-07,2347.08,Home & Kitchen
ORD008984,CUST2383,2026-07-02,1219.05,Home & Kitchen
ORD005553,CUST2133,2026-08-10,905.81,Home & Kitchen
ORD002608,CUST1619,2026-06-28,1571.06,Fashion
ORD010957,CUST2463,2026-09-22,1070.89,Home & Kitchen
ORD000239,CUST0239,2026-09-22,685.78,Fashion
ORD004016,CUST1955,2026-08-24,2470.61,Home & Kitchen
ORD011187,CUST2472,2026-09-20,5834.83,Electronics
ORD002978,CUST1742,2026-09-08,669.24,Grocery
ORD008284,CUST2346,2026-08-23,1019.04,Fashion
ORD008082,CUST2334,2026-09-13,7475.22,Electronics
ORD008852,CUST2375,2026-09-22,14452.11,Electronics
ORD011966,CUST2497,2026-09-16,916.69,Home & Kitchen
ORD005474,CUST2124,2026-09-04,5611.79,Electronics
ORD000946,CUST0946,2026-04-23,397.69,Grocery
ORD008754,CUST2370,2026-09-25,611.6,Grocery
ORD009578,CUST2413,2026-08-20,592.51,Grocery
ORD005098,CUST2080,2026-07-26,13480.96,Electronics
ORD008752,CUST2370,2026-08-20,5112.98,Home & Kitchen
ORD006056,CUST2194,2026-08-07,1625.2,Fashion
ORD006474,CUST2243,2026-09-26,4790.48,Home & Kitchen
ORD009031,CUST2385,2026-07-31,3399.56,Electronics
ORD008349,CUST2350,2026-09-21,565.9,Fashion
ORD003553,CUST1898,2026-09-17,357.06,Fashion
ORD012043,CUST2499,2026-09-22,1613.8,Home & Kitchen
ORD003361,CUST1873,2026-06-21,1994.35,Fashion
ORD007343,CUST2293,2026-09-30,1266.32,Fashion
ORD011323,CUST2476,2026-08-27,4582.57,Fashion
ORD005629,CUST2141,2026-09-29,4285.99,Home & Kitchen
ORD002411,CUST1555,2026-07-06,861.52,Grocery
ORD007752,CUST2316,2026-05-25,1063.63,Fashion
ORD005784,CUST2159,2026-09-06,2722.53,Fashion
ORD004508,CUST2014,2026-07-05,2683.86,Home & Kitchen
ORD010209,CUST2438,2026-07-13,1836.21,Home & Kitchen
ORD003983,CUST1951,2026-09-19,772.64,Fashion
ORD008355,CUST2351,2026-05-10,1089.84,Beauty
ORD000147,CUST0147,2026-07-31,407.04,Beauty
ORD008270,CUST2345,2026-06-30,420.33,Grocery
ORD006902,CUST2271,2026-07-09,4529.83,Home & Kitchen
ORD008927,CUST2380,2026-08-09,10657.77,Electronics
ORD002295,CUST1514,2026-08-01,614.08,Grocery
ORD008344,CUST2350,2026-09-15,2683.26,Home & Kitchen
ORD002254,CUST1501,2026-01-01,17802.45,Electronics
ORD007179,CUST2285,2026-09-09,2587.83,Home & Kitchen
ORD003612,CUST1906,2026-09-11,12862.38,Electronics
ORD005354,CUST2110,2026-09-08,2052.34,Electronics
ORD001737,CUST1329,2026-09-07,480.73,Grocery
ORD008401,CUST2353,2026-08-27,374.89,Beauty
ORD009565,CUST2412,2026-09-29,2695.69,Home & Kitchen
ORD000115,CUST0115,2026-04-03,1744.86,Home & Kitchen
ORD010702,CUST2455,2026-05-20,3270.92,Electronics
ORD006127,CUST2204,2026-06-20,3542.88,Home & Kitchen
ORD008701,CUST2368,2026-07-25,217.16,Beauty
ORD011563,CUST2484,2026-09-07,939.11,Grocery
ORD010030,CUST2431,2026-09-16,1610.02,Home & Kitchen
ORD000499,CUST0499,2026-08-06,1195.63,Home & Kitchen
ORD007082,CUST2281,2026-05-12,605.68,Fashion
ORD006560,CUST2253,2026-07-09,1178.2,Fashion
ORD006379,CUST2232,2026-09-30,686.11,Fashion
ORD004734,CUST2038,2026-09-17,2864.91,Home & Kitchen
ORD000721,CUST0721,2026-05-02,3014.37,Home & Kitchen
ORD007582,CUST2306,2026-09-08,1200.19,Fashion
ORD004385,CUST1999,2026-09-25,1162.0,Fashion
ORD010682,CUST2454,2026-09-19,5246.42,Electronics
ORD008296,CUST2347,2026-09-14,1243.3,Beauty
ORD005726,CUST2153,2026-06-29,7558.81,Electronics
ORD003090,CUST1778,2026-04-10,3822.66,Fashion
ORD011391,CUST2478,2026-08-17,6808.56,Electronics
ORD009296,CUST2399,2026-07-02,3690.25,Home & Kitchen
ORD000485,CUST0485,2026-07-18,757.31,Grocery
ORD004546,CUST2018,2026-06-12,9217.27,Electronics
ORD000597,CUST0597,2026-07-11,541.47,Fashion
ORD010973,CUST2464,2026-06-03,786.29,Grocery
ORD008545,CUST2360,2026-08-22,1322.65,Home & Kitchen
ORD008519,CUST2358,2026-09-18,2381.67,Fashion
ORD005165,CUST2088,2026-08-14,1741.22,Home & Kitchen
ORD011038,CUST2466,2026-09-07,6225.89,Electronics
ORD001648,CUST1299,2026-09-17,2160.26,Fashion
ORD004591,CUST2023,2026-09-24,924.56,Beauty
ORD007540,CUST2304,2026-08-24,517.33,Grocery
ORD009105,CUST2390,2026-04-10,12982.71,Electronics
ORD006816,CUST2266,2026-06-17,1171.2,Fashion
ORD002701,CUST1648,2026-09-27,483.74,Grocery
ORD009421,CUST2405,2026-09-29,1417.91,Beauty
ORD001701,CUST1317,2026-05-26,1215.3,Fashion
ORD010795,CUST2458,2026-09-24,561.81,Fashion
ORD005405,CUST2116,2026-09-30,810.02,Fashion
ORD009292,CUST2399,2026-05-29,516.67,Beauty
ORD002774,CUST1674,2026-07-05,683.33,Fashion
ORD002943,CUST1730,2026-08-29,409.49,Fashion
ORD006969,CUST2275,2026-07-02,4632.82,Home & Kitchen
ORD006558,CUST2253,2026-07-07,493.83,Beauty
ORD011589,CUST2485,2026-09-03,13909.63,Electronics
ORD008953,CUST2381,2026-08-27,1041.54,Grocery
ORD006220,CUST2214,2026-09-30,808.6,Grocery
ORD002513,CUST1588,2026-07-15,163.91,Grocery
ORD000087,CUST0087,2026-04-20,1748.31,Fashion
ORD007594,CUST2307,2026-09-17,600.86,Fashion
ORD002309,CUST1519,2026-07-27,6204.66,Electronics
ORD002678,CUST1640,2026-09-17,1369.12,Home & Kitchen
ORD010448,CUST2446,2026-06-24,2187.75,Grocery
ORD010573,CUST2450,2026-09-27,535.18,Beauty
ORD010571,CUST2450,2026-09-26,1201.36,Home & Kitchen
ORD002595,CUST1614,2026-09-29,1683.35,Home & Kitchen
ORD011450,CUST2480,2026-08-25,782.33,Beauty
ORD009783,CUST2423,2026-08-19,616.65,Fashion
ORD001030,CUST1030,2026-07-31,901.34,Grocery
ORD000137,CUST0137,2026-03-30,1234.06,Fashion
ORD006973,CUST2275,2026-07-17,4733.92,Electronics
ORD001237,CUST1162,2026-07-20,1078.78,Beauty
ORD007025,CUST2278,2026-07-19,17038.19,Electronics
ORD006241,CUST2217,2026-09-03,291.46,Grocery
ORD008582,CUST2362,2026-06-07,4321.35,Electronics
ORD002855,CUST1701,2026-09-18,954.74,Grocery
ORD004410,CUST2003,2026-09-11,1421.57,Fashion
ORD007530,CUST2303,2026-09-25,14475.26,Electronics
ORD001201,CUST1151,2026-07-24,391.3,Grocery
ORD006122,CUST2203,2026-09-22,3820.67,Home & Kitchen
ORD004718,CUST2037,2026-07-05,1204.42,Home & Kitchen
ORD011897,CUST2495,2026-09-18,1422.47,Home & Kitchen
ORD007557,CUST2305,2026-09-16,911.94,Fashion
ORD008888,CUST2377,2026-09-16,929.16,Beauty
ORD000567,CUST0567,2026-05-11,869.19,Beauty
ORD009318,CUST2400,2026-09-14,1282.65,Home & Kitchen
ORD005934,CUST2178,2026-09-09,582.81,Grocery
ORD005431,CUST2120,2026-08-03,1490.72,Home & Kitchen
ORD005869,CUST2170,2026-06-09,921.45,Fashion
ORD006297,CUST2223,2026-06-07,841.89,Fashion
ORD003928,CUST1944,2026-08-22,4597.6,Electronics
ORD006196,CUST2212,2026-03-11,436.69,Grocery
ORD010797,CUST2458,2026-09-27,4426.96,Electronics
ORD009524,CUST2410,2026-09-14,485.56,Grocery
ORD010662,CUST2453,2026-09-21,14993.21,Electronics
ORD008870,CUST2377,2026-04-16,7579.23,Electronics
ORD009633,CUST2415,2026-09-21,575.36,Beauty
ORD003607,CUST1905,2026-06-23,376.68,Grocery
ORD010761,CUST2457,2026-05-07,10030.1,Electronics
ORD009983,CUST2430,2026-06-26,1920.98,Fashion
ORD002331,CUST1527,2026-08-26,2065.36,Home & Kitchen
ORD003516,CUST1894,2026-09-17,5598.14,Home & Kitchen
ORD002188,CUST1480,2026-08-22,2891.36,Home & Kitchen
ORD000196,CUST0196,2026-04-19,2359.04,Home & Kitchen
ORD009316,CUST2400,2026-09-09,2223.73,Home & Kitchen
ORD008254,CUST2344,2026-08-18,9452.07,Electronics
ORD005060,CUST2075,2026-09-28,901.21,Grocery
ORD000803,CUST0803,2026-02-18,1023.65,Fashion
ORD007763,CUST2316,2026-07-02,457.88,Fashion
ORD005716,CUST2151,2026-07-27,1649.7,Home & Kitchen
ORD010363,CUST2443,2026-09-29,1134.08,Beauty
ORD002669,CUST1637,2026-09-04,1619.07,Fashion
ORD000242,CUST0242,2026-02-14,2058.03,Fashion
ORD002069,CUST1440,2026-03-02,465.36,Beauty
ORD008331,CUST2349,2026-09-26,5765.6,Electronics
ORD011029,CUST2466,2026-07-30,4788.23,Electronics
ORD000645,CUST0645,2026-09-16,1574.61,Fashion
ORD005104,CUST2081,2026-04-22,2731.95,Home & Kitchen
ORD001638,CUST1296,2026-09-07,1226.95,Fashion
ORD007553,CUST2305,2026-09-04,734.5,Beauty
ORD003075,CUST1773,2026-07-05,496.91,Grocery
ORD007297,CUST2291,2026-08-23,865.01,Beauty
ORD003279,CUST1844,2026-07-28,611.19,Fashion
ORD008004,CUST2329,2026-09-23,1048.83,Grocery
ORD004971,CUST2065,2026-03-24,1618.79,Fashion
ORD008611,CUST2363,2026-07-26,403.08,Grocery
ORD006916,CUST2271,2026-09-12,823.74,Grocery
ORD008463,CUST2356,2026-08-26,1706.78,Home & Kitchen
ORD007830,CUST2320,2026-09-05,1387.6,Fashion
ORD000063,CUST0063,2026-08-08,526.01,Fashion
ORD009575,CUST2413,2026-08-07,528.63,Fashion
ORD009619,CUST2415,2026-06-01,6303.02,Electronics
ORD008853,CUST2375,2026-09-26,225.08,Grocery
ORD008764,CUST2371,2026-09-26,816.14,Grocery
ORD000680,CUST0680,2026-09-28,4207.12,Electronics
ORD002042,CUST1431,2026-07-01,826.4,Beauty
ORD005308,CUST2104,2026-08-25,2811.9,Home & Kitchen
ORD008989,CUST2383,2026-07-19,2462.82,Home & Kitchen
ORD003642,CUST1909,2026-07-15,486.36,Grocery
ORD010142,CUST2435,2026-05-12,321.24,Grocery
ORD003259,CUST1837,2026-09-14,1003.33,Fashion
ORD001874,CUST1378,2026-02-22,546.18,Grocery
ORD004745,CUST2040,2026-09-04,237.43,Grocery
ORD002913,CUST1721,2026-09-27,2907.33,Fashion
ORD004028,CUST1956,2026-09-22,713.59,Fashion
ORD005489,CUST2126,2026-06-13,1028.54,Grocery
ORD010540,CUST2449,2026-07-20,355.85,Fashion
ORD008025,CUST2330,2026-08-26,2382.65,Home & Kitchen
ORD007787,CUST2317,2026-09-22,616.15,Grocery
ORD011169,CUST2471,2026-09-02,2169.29,Home & Kitchen
ORD006865,CUST2269,2026-08-18,755.85,Grocery
ORD000490,CUST0490,2026-06-05,1361.52,Fashion
ORD000691,CUST0691,2026-07-23,1907.57,Fashion
ORD000603,CUST0603,2026-07-10,414.3,Beauty
ORD001015,CUST1015,2026-05-18,4440.91,Fashion
ORD000870,CUST0870,2026-09-17,2699.1,Home & Kitchen
ORD001994,CUST1416,2026-05-22,1385.59,Fashion
ORD007611,CUST2308,2026-07-13,279.3,Grocery
ORD005284,CUST2102,2026-06-25,1493.19,Fashion
ORD004371,CUST1998,2026-04-07,476.16,Grocery
ORD001362,CUST1204,2026-08-15,5292.06,Electronics
ORD001527,CUST1257,2026-07-30,414.79,Beauty
ORD001630,CUST1293,2026-06-21,656.62,Fashion
ORD001552,CUST1266,2026-09-30,1214.41,Fashion
ORD008652,CUST2366,2026-05-07,1586.41,Grocery
ORD011703,CUST2489,2026-09-29,5979.25,Electronics
ORD001338,CUST1196,2026-08-19,2248.41,Fashion
ORD003902,CUST1941,2026-07-02,397.97,Grocery
ORD005042,CUST2073,2026-08-03,1529.38,Fashion
ORD009645,CUST2416,2026-08-01,318.48,Grocery
ORD005040,CUST2073,2026-04-18,445.08,Beauty
ORD002347,CUST1534,2026-05-29,7894.96,Electronics
ORD011210,CUST2472,2026-09-30,3048.15,Fashion
ORD005486,CUST2126,2026-03-21,3774.05,Home & Kitchen
ORD010711,CUST2455,2026-07-10,2477.6,Fashion
ORD005695,CUST2149,2026-09-05,649.1,Grocery
ORD005120,CUST2082,2026-08-10,1578.13,Fashion
ORD005167,CUST2088,2026-08-18,2502.83,Home & Kitchen
ORD001135,CUST1129,2026-06-25,5640.86,Electronics
ORD004018,CUST1955,2026-08-30,960.61,Beauty
ORD002425,CUST1559,2026-07-31,479.07,Fashion
ORD004139,CUST1969,2026-08-10,6208.89,Home & Kitchen
ORD000860,CUST0860,2026-02-19,652.49,Fashion
ORD002963,CUST1737,2026-08-30,6906.96,Electronics
ORD008090,CUST2334,2026-09-25,3700.62,Electronics
ORD009825,CUST2425,2026-08-20,457.1,Grocery
ORD009358,CUST2402,2026-07-15,1597.19,Home & Kitchen
ORD010341,CUST2443,2026-08-11,305.61,Grocery
ORD010245,CUST2439,2026-07-21,640.43,Beauty
ORD001365,CUST1205,2026-07-11,6777.35,Electronics
ORD010673,CUST2454,2026-09-13,6388.49,Electronics
ORD001780,CUST1345,2026-09-28,1209.42,Grocery
ORD008405,CUST2353,2026-09-21,2122.07,Home & Kitchen
ORD002102,CUST1451,2026-09-24,3320.48,Fashion
ORD001819,CUST1359,2026-08-05,1716.53,Home & Kitchen
ORD000370,CUST0370,2026-02-23,558.23,Grocery
ORD004938,CUST2061,2026-09-28,2548.76,Home & Kitchen
ORD005286,CUST2102,2026-08-16,1162.69,Fashion
ORD011115,CUST2469,2026-09-19,5242.87,Electronics
ORD007072,CUST2280,2026-08-13,12667.92,Electronics
ORD002094,CUST1447,2026-09-29,6475.55,Electronics
ORD007818,CUST2319,2026-06-04,3527.27,Home & Kitchen
ORD001921,CUST1392,2026-07-27,6802.41,Electronics
ORD000083,CUST0083,2026-07-18,390.13,Beauty
ORD007332,CUST2293,2026-09-24,444.37,Grocery
ORD007305,CUST2292,2026-04-24,2413.83,Home & Kitchen
ORD000817,CUST0817,2026-02-06,1041.7,Home & Kitchen
ORD004397,CUST2001,2026-07-03,420.75,Beauty
ORD006125,CUST2204,2026-04-26,944.55,Grocery
ORD004121,CUST1967,2026-09-19,6459.89,Electronics
ORD009627,CUST2415,2026-07-27,2223.71,Fashion
ORD001814,CUST1358,2026-01-28,2792.22,Home & Kitchen
ORD001272,CUST1174,2026-06-02,2467.62,Fashion
ORD002995,CUST1747,2026-09-16,909.21,Grocery
ORD009217,CUST2396,2026-03-06,4991.45,Electronics
ORD006410,CUST2236,2026-07-13,1132.76,Fashion
ORD002643,CUST1630,2026-01-22,902.7,Grocery
ORD008410,CUST2354,2026-03-11,6281.03,Home & Kitchen
ORD002306,CUST1517,2026-09-04,1447.93,Home & Kitchen
ORD008819,CUST2373,2026-09-06,11655.95,Electronics
ORD011546,CUST2484,2026-06-19,608.08,Fashion
ORD004196,CUST1976,2026-05-16,499.07,Fashion
ORD010091,CUST2433,2026-08-30,1066.33,Beauty
ORD003850,CUST1935,2026-06-07,395.87,Grocery
ORD011894,CUST2495,2026-09-16,13076.44,Electronics
ORD010138,CUST2435,2026-03-25,777.99,Beauty
ORD011564,CUST2484,2026-09-18,3515.92,Electronics
ORD003555,CUST1898,2026-09-21,1813.98,Fashion
ORD002196,CUST1483,2026-06-08,12529.18,Electronics
ORD002601,CUST1617,2026-09-18,887.69,Fashion
ORD006164,CUST2208,2026-09-23,3554.52,Home & Kitchen
ORD001519,CUST1255,2026-09-04,12057.93,Electronics
ORD008878,CUST2377,2026-07-04,7043.97,Home & Kitchen
ORD006310,CUST2224,2026-06-16,909.08,Fashion
ORD005756,CUST2156,2026-08-05,1031.22,Fashion
ORD005634,CUST2142,2026-09-14,5008.18,Electronics
ORD011237,CUST2473,2026-08-15,566.82,Beauty
ORD007163,CUST2285,2026-07-16,5431.36,Home & Kitchen
ORD009135,CUST2391,2026-09-29,442.15,Grocery
ORD010630,CUST2452,2026-09-17,424.43,Grocery
ORD001989,CUST1414,2026-01-02,1146.41,Home & Kitchen
ORD007738,CUST2315,2026-07-30,18500.32,Electronics
ORD000518,CUST0518,2026-09-12,838.45,Grocery
ORD006161,CUST2208,2026-09-19,2511.24,Fashion
ORD009069,CUST2388,2026-06-20,2353.92,Home & Kitchen
ORD010961,CUST2464,2026-03-08,3095.38,Electronics
ORD010486,CUST2447,2026-09-02,8282.69,Electronics
ORD009665,CUST2417,2026-08-17,428.73,Grocery
ORD004457,CUST2008,2026-09-28,2756.89,Home & Kitchen
ORD002762,CUST1670,2026-09-19,5777.38,Home & Kitchen
ORD006482,CUST2245,2026-09-05,8784.44,Electronics
ORD005912,CUST2175,2026-09-21,6722.84,Electronics
ORD010899,CUST2462,2026-09-12,417.96,Grocery
ORD006548,CUST2252,2026-08-19,471.59,Fashion
ORD004856,CUST2052,2026-09-21,2121.77,Fashion
ORD007645,CUST2310,2026-08-12,3164.36,Home & Kitchen
ORD011326,CUST2476,2026-08-30,9925.75,Electronics
ORD011700,CUST2489,2026-09-19,1844.7,Home & Kitchen
ORD006359,CUST2230,2026-02-12,407.9,Fashion
ORD002439,CUST1564,2026-09-30,2107.1,Home & Kitchen
ORD003766,CUST1924,2026-08-04,18418.76,Electronics
ORD006433,CUST2238,2026-09-13,1182.63,Fashion
ORD007847,CUST2320,2026-09-30,1028.22,Beauty
ORD008622,CUST2364,2026-09-29,1231.79,Fashion
ORD010833,CUST2460,2026-08-25,1166.06,Beauty
ORD006341,CUST2228,2026-06-03,831.39,Fashion
ORD004822,CUST2048,2026-09-05,2732.56,Fashion
ORD000019,CUST0019,2026-05-31,2126.92,Home & Kitchen
ORD003561,CUST1899,2026-09-15,22227.17,Electronics
ORD003952,CUST1947,2026-08-29,1529.18,Home & Kitchen
ORD000050,CUST0050,2026-01-10,878.77,Beauty
ORD011956,CUST2497,2026-08-18,1861.94,Beauty
ORD000888,CUST0888,2026-08-24,414.13,Grocery
ORD006262,CUST2219,2026-09-22,365.45,Grocery
ORD007237,CUST2288,2026-09-18,8374.36,Home & Kitchen
ORD006990,CUST2276,2026-05-08,2506.85,Home & Kitchen
ORD006044,CUST2192,2026-09-26,387.71,Grocery
ORD003169,CUST1805,2026-03-18,3328.16,Home & Kitchen
ORD002950,CUST1732,2026-09-30,560.4,Grocery
ORD001425,CUST1226,2026-08-17,878.6,Fashion
ORD000140,CUST0140,2026-07-07,387.19,Beauty
ORD003198,CUST1816,2026-08-06,7945.04,Electronics
ORD005132,CUST2084,2026-04-19,1930.05,Home & Kitchen
ORD000113,CUST0113,2026-09-22,1729.55,Beauty
ORD008161,CUST2339,2026-04-28,577.6,Grocery
ORD010482,CUST2447,2026-08-22,4993.63,Electronics
ORD004560,CUST2019,2026-05-03,1848.33,Fashion
ORD004596,CUST2023,2026-09-27,869.83,Fashion
ORD004691,CUST2033,2026-09-23,608.78,Grocery
ORD007952,CUST2327,2026-08-29,1231.36,Beauty
ORD003278,CUST1843,2026-09-29,1526.28,Fashion
ORD004069,CUST1962,2026-06-16,1436.92,Home & Kitchen
ORD004409,CUST2003,2026-09-10,1898.92,Fashion
ORD008586,CUST2362,2026-07-04,2685.95,Fashion
ORD010369,CUST2444,2026-04-11,14121.28,Electronics
ORD000452,CUST0452,2026-06-16,1018.12,Fashion
ORD007263,CUST2290,2026-08-15,680.2,Beauty
ORD003732,CUST1921,2026-08-22,1354.61,Fashion
ORD007257,CUST2289,2026-09-01,695.05,Beauty
ORD010808,CUST2459,2026-09-03,726.07,Fashion
ORD004987,CUST2067,2026-05-07,415.48,Fashion
ORD003664,CUST1912,2026-08-15,598.19,Fashion
ORD002764,CUST1670,2026-09-28,719.73,Fashion
ORD008911,CUST2379,2026-09-29,11196.77,Electronics
ORD001856,CUST1372,2026-09-21,514.57,Fashion
ORD001000,CUST1000,2026-04-25,900.66,Fashion
ORD000390,CUST0390,2026-05-06,791.63,Fashion
ORD006427,CUST2238,2026-08-21,3857.57,Home & Kitchen
ORD001477,CUST1242,2026-06-11,1448.34,Beauty
ORD002241,CUST1497,2026-04-02,291.14,Grocery
ORD011033,CUST2466,2026-08-12,2718.22,Home & Kitchen
ORD008113,CUST2336,2026-06-29,9719.39,Electronics
ORD000993,CUST0993,2026-03-20,1464.24,Beauty
ORD007033,CUST2278,2026-09-04,977.7,Home & Kitchen
ORD004998,CUST2068,2026-09-09,4320.77,Electronics
ORD003923,CUST1944,2026-08-12,349.71,Grocery
ORD002973,CUST1740,2026-09-18,2675.38,Home & Kitchen
ORD006872,CUST2269,2026-09-09,800.92,Grocery
ORD009133,CUST2391,2026-09-22,858.56,Fashion
ORD004770,CUST2043,2026-08-12,1369.16,Beauty
ORD001294,CUST1181,2026-08-10,4888.08,Electronics
ORD004174,CUST1973,2026-07-04,3098.49,Electronics
ORD002536,CUST1595,2026-08-23,9649.57,Electronics
ORD011349,CUST2477,2026-04-27,3684.65,Electronics
ORD001908,CUST1388,2026-03-06,5747.05,Electronics
ORD010018,CUST2431,2026-08-20,2727.59,Fashion
ORD011466,CUST2481,2026-01-17,5286.24,Fashion
ORD006034,CUST2191,2026-07-06,973.63,Fashion
ORD007620,CUST2308,2026-08-28,1040.91,Beauty
ORD001152,CUST1136,2026-09-04,663.4,Grocery
ORD001568,CUST1272,2026-09-03,1101.9,Fashion
ORD003172,CUST1806,2026-02-12,1075.48,Fashion
ORD007107,CUST2282,2026-09-05,12709.86,Electronics
ORD004161,CUST1972,2026-05-10,477.22,Grocery
ORD004288,CUST1986,2026-09-29,2364.84,Fashion
ORD002231,CUST1494,2026-09-11,7159.25,Electronics
ORD000175,CUST0175,2026-04-20,291.67,Grocery
ORD001904,CUST1387,2026-04-05,13020.07,Electronics
ORD008887,CUST2377,2026-08-30,19527.59,Electronics
ORD003409,CUST1881,2026-08-05,394.45,Grocery
ORD001539,CUST1261,2026-06-22,4668.2,Home & Kitchen
ORD002293,CUST1513,2026-07-21,1592.01,Fashion
ORD001364,CUST1205,2026-05-23,806.22,Home & Kitchen
ORD004358,CUST1996,2026-07-19,1229.54,Beauty
ORD005261,CUST2099,2026-08-08,5049.34,Home & Kitchen
ORD009036,CUST2386,2026-05-08,6450.8,Electronics
ORD010979,CUST2464,2026-07-23,5240.84,Electronics
ORD000681,CUST0681,2026-08-29,513.51,Fashion
ORD009560,CUST2412,2026-08-27,4230.62,Electronics
ORD003665,CUST1912,2026-08-30,557.94,Grocery
ORD001662,CUST1304,2026-02-16,744.17,Grocery
ORD000509,CUST0509,2026-08-16,724.0,Grocery
ORD000167,CUST0167,2026-08-20,657.92,Fashion
ORD011469,CUST2481,2026-02-04,4319.87,Home & Kitchen
ORD010077,CUST2433,2026-06-28,3040.81,Home & Kitchen
ORD007366,CUST2294,2026-09-29,1031.71,Fashion
ORD001915,CUST1390,2026-01-05,1695.97,Home & Kitchen
ORD007264,CUST2290,2026-08-18,859.3,Beauty
ORD011639,CUST2487,2026-09-04,5388.01,Electronics
ORD011776,CUST2492,2026-09-06,11155.59,Electronics
ORD007362,CUST2294,2026-09-24,477.23,Grocery
ORD001105,CUST1105,2026-06-16,817.07,Fashion
ORD009483,CUST2408,2026-09-23,607.99,Beauty
ORD005311,CUST2105,2026-09-03,489.8,Grocery
ORD009140,CUST2392,2026-09-22,11478.8,Electronics
ORD005755,CUST2156,2026-07-18,1446.02,Home & Kitchen
ORD000153,CUST0153,2026-04-17,4161.42,Home & Kitchen
ORD009605,CUST2414,2026-06-21,593.94,Grocery
ORD005680,CUST2148,2026-07-07,6657.91,Electronics
ORD011028,CUST2466,2026-07-26,6056.4,Electronics
ORD003552,CUST1898,2026-09-15,195.06,Fashion
ORD003723,CUST1920,2026-03-31,1227.52,Home & Kitchen
ORD004539,CUST2017,2026-08-11,615.99,Fashion
ORD010306,CUST2441,2026-08-01,2628.25,Electronics
ORD001992,CUST1415,2026-06-01,319.08,Grocery
ORD010635,CUST2452,2026-09-26,2207.42,Fashion
ORD005142,CUST2085,2026-08-17,15537.44,Electronics
ORD003812,CUST1931,2026-09-27,357.32,Grocery
ORD010514,CUST2448,2026-08-11,7226.78,Electronics
ORD003451,CUST1886,2026-05-05,11017.63,Electronics
ORD004592,CUST2023,2026-09-26,4539.52,Fashion
ORD007353,CUST2294,2026-09-14,4149.98,Electronics
ORD000206,CUST0206,2026-09-28,1004.78,Home & Kitchen
ORD006681,CUST2259,2026-09-11,871.54,Beauty
ORD002750,CUST1666,2026-09-04,404.96,Grocery
ORD001850,CUST1369,2026-03-16,479.42,Beauty
ORD010943,CUST2463,2026-09-02,12749.77,Electronics
ORD003241,CUST1830,2026-08-26,2782.75,Home & Kitchen
ORD009603,CUST2414,2026-06-15,642.37,Beauty
ORD003110,CUST1784,2026-05-21,5838.56,Electronics
ORD005935,CUST2178,2026-09-12,4741.94,Home & Kitchen
ORD005811,CUST2163,2026-09-26,3618.99,Electronics
ORD005635,CUST2142,2026-09-22,718.62,Fashion
ORD004308,CUST1989,2026-03-22,1460.06,Fashion
ORD003157,CUST1800,2026-09-26,1677.88,Fashion
ORD006535,CUST2251,2026-08-20,1573.71,Fashion
ORD010495,CUST2447,2026-09-22,1052.31,Fashion
ORD010802,CUST2459,2026-08-29,9733.48,Electronics
ORD003833,CUST1933,2026-09-17,9529.18,Electronics
ORD010521,CUST2448,2026-08-23,6243.66,Home & Kitchen
ORD004777,CUST2044,2026-08-24,3153.51,Home & Kitchen
ORD007998,CUST2329,2026-09-16,15202.57,Electronics
ORD004277,CUST1985,2026-09-16,1345.43,Grocery
ORD011834,CUST2493,2026-09-30,6175.33,Electronics
ORD010211,CUST2438,2026-07-16,1239.97,Fashion
ORD011592,CUST2485,2026-09-19,1692.96,Home & Kitchen
ORD000279,CUST0279,2026-05-18,8567.46,Electronics
ORD006772,CUST2264,2026-04-23,3650.75,Fashion
ORD007416,CUST2297,2026-09-14,313.02,Grocery
ORD003253,CUST1836,2026-03-30,380.67,Fashion
ORD008644,CUST2365,2026-09-05,2806.37,Home & Kitchen
ORD011353,CUST2477,2026-07-16,6787.13,Electronics
ORD000290,CUST0290,2026-05-14,7385.78,Fashion
ORD003076,CUST1774,2026-03-25,999.06,Beauty
ORD008749,CUST2370,2026-07-13,1943.11,Fashion
ORD009037,CUST2386,2026-06-04,1046.53,Home & Kitchen
ORD000271,CUST0271,2026-04-09,3923.9,Electronics
ORD004571,CUST2020,2026-09-16,762.31,Fashion
ORD010598,CUST2451,2026-08-05,5118.8,Electronics
ORD006697,CUST2260,2026-04-06,1250.8,Beauty
ORD004317,CUST1990,2026-08-11,490.65,Grocery
ORD003181,CUST1809,2026-06-22,1605.29,Home & Kitchen
ORD001423,CUST1225,2026-09-14,457.89,Grocery
ORD008276,CUST2345,2026-09-16,1107.61,Home & Kitchen
ORD011828,CUST2493,2026-09-29,5263.76,Electronics
ORD004558,CUST2019,2026-04-18,900.86,Beauty
ORD007813,CUST2319,2026-03-24,738.59,Fashion
ORD006298,CUST2223,2026-06-16,999.61,Home & Kitchen
ORD008862,CUST2376,2026-09-22,4226.79,Electronics
ORD011711,CUST2490,2026-06-12,2188.49,Home & Kitchen
ORD001133,CUST1128,2026-08-01,1002.41,Beauty
ORD006243,CUST2217,2026-09-09,1696.96,Beauty
ORD010491,CUST2447,2026-09-15,6063.73,Electronics
ORD011312,CUST2475,2026-09-10,827.94,Fashion
ORD007424,CUST2298,2026-04-14,1161.55,Beauty
ORD008811,CUST2373,2026-07-27,398.13,Beauty
ORD011668,CUST2488,2026-09-27,750.06,Grocery
ORD005521,CUST2130,2026-04-25,3037.44,Fashion
ORD010511,CUST2448,2026-08-05,13192.48,Electronics
ORD009070,CUST2388,2026-06-22,1866.07,Home & Kitchen
ORD003787,CUST1927,2026-06-14,8751.02,Home & Kitchen
ORD009002,CUST2383,2026-09-26,8513.18,Electronics
ORD008346,CUST2350,2026-09-17,1139.97,Fashion
ORD002162,CUST1470,2026-09-10,175.27,Grocery
ORD003009,CUST1752,2026-09-02,481.2,Grocery
ORD001106,CUST1106,2026-03-02,1071.32,Fashion
ORD010577,CUST2450,2026-09-30,9375.52,Electronics
ORD000693,CUST0693,2026-05-05,1130.28,Beauty
ORD004957,CUST2064,2026-08-15,1851.79,Fashion
ORD008308,CUST2348,2026-03-27,561.0,Grocery
ORD004370,CUST1998,2026-04-03,10261.67,Electronics
ORD002766,CUST1671,2026-04-15,1970.79,Fashion
ORD003930,CUST1944,2026-09-04,1312.41,Home & Kitchen
ORD009234,CUST2396,2026-08-14,948.66,Fashion
ORD011867,CUST2494,2026-07-18,10948.73,Electronics
ORD007779,CUST2317,2026-07-27,610.34,Fashion
ORD000629,CUST0629,2026-04-09,9298.09,Electronics
ORD002452,CUST1568,2026-07-02,533.27,Grocery
ORD003825,CUST1933,2026-08-13,6247.43,Home & Kitchen
ORD010839,CUST2460,2026-09-01,46446.42,Electronics
ORD003744,CUST1922,2026-09-03,1862.13,Fashion
ORD002177,CUST1477,2026-09-06,1006.12,Fashion
ORD006690,CUST2259,2026-09-30,2134.91,Home & Kitchen
ORD003319,CUST1859,2026-07-21,567.37,Beauty
ORD011896,CUST2495,2026-09-17,1130.99,Beauty
ORD007433,CUST2298,2026-07-31,290.55,Grocery
ORD002788,CUST1678,2026-05-24,6252.8,Electronics
ORD001197,CUST1150,2026-09-01,12387.91,Electronics
ORD001677,CUST1308,2026-06-03,1374.22,Fashion
ORD003948,CUST1947,2026-07-05,790.64,Grocery
ORD007619,CUST2308,2026-08-23,564.32,Fashion
ORD004445,CUST2007,2026-09-15,6496.75,Electronics
ORD005723,CUST2152,2026-09-30,9882.37,Home & Kitchen
ORD010238,CUST2439,2026-06-24,1247.71,Home & Kitchen
ORD002370,CUST1541,2026-07-09,1708.49,Fashion
ORD004968,CUST2065,2026-03-15,634.28,Grocery
ORD002218,CUST1490,2026-07-16,12772.85,Electronics
ORD008149,CUST2338,2026-09-26,9262.83,Electronics
ORD003327,CUST1861,2026-05-16,5746.01,Electronics
ORD008983,CUST2383,2026-07-02,8964.84,Electronics
ORD003584,CUST1902,2026-08-18,16533.9,Electronics
ORD011805,CUST2492,2026-09-27,567.42,Fashion
ORD011868,CUST2494,2026-07-20,756.84,Beauty
ORD003620,CUST1906,2026-09-29,1384.93,Beauty
ORD006218,CUST2214,2026-09-26,2076.4,Home & Kitchen
ORD002469,CUST1572,2026-09-19,689.62,Fashion
ORD008278,CUST2346,2026-07-26,2956.15,Home & Kitchen
ORD010220,CUST2438,2026-08-09,1720.26,Beauty
ORD005974,CUST2183,2026-08-27,10842.26,Electronics
ORD003668,CUST1913,2026-01-23,294.82,Grocery
ORD005159,CUST2087,2026-09-26,1485.02,Home & Kitchen
ORD007595,CUST2307,2026-09-21,503.2,Grocery
ORD006977,CUST2275,2026-08-15,833.14,Grocery
ORD003424,CUST1883,2026-04-21,4877.82,Home & Kitchen
ORD008200,CUST2341,2026-07-20,5241.15,Fashion
ORD002410,CUST1554,2026-09-12,4719.79,Home & Kitchen
ORD003213,CUST1822,2026-06-07,738.29,Beauty
ORD005367,CUST2112,2026-07-25,1312.4,Fashion
ORD009003,CUST2384,2026-01-30,846.82,Beauty
ORD006594,CUST2255,2026-09-22,1385.03,Fashion
ORD002896,CUST1714,2026-09-23,987.75,Beauty
ORD010568,CUST2450,2026-09-25,403.81,Grocery
ORD011123,CUST2469,2026-09-29,5264.94,Electronics
ORD003643,CUST1909,2026-08-08,996.32,Beauty
ORD008919,CUST2380,2026-06-20,983.4,Fashion
ORD010136,CUST2435,2026-02-18,14087.14,Home & Kitchen
ORD011704,CUST2489,2026-09-29,7414.02,Electronics
ORD010823,CUST2459,2026-09-27,5478.86,Electronics
ORD008549,CUST2360,2026-09-07,11319.31,Electronics
ORD011967,CUST2497,2026-09-19,25265.15,Electronics
ORD005452,CUST2122,2026-08-16,730.25,Grocery
ORD007161,CUST2285,2026-07-15,3086.63,Electronics
ORD007867,CUST2322,2026-03-21,6306.17,Electronics
ORD002744,CUST1663,2026-09-15,610.25,Fashion
ORD004959,CUST2064,2026-08-20,694.27,Grocery
ORD006475,CUST2244,2026-08-09,1033.24,Fashion
ORD007889,CUST2323,2026-09-22,593.17,Grocery
ORD000493,CUST0493,2026-09-10,2073.99,Home & Kitchen
ORD001117,CUST1117,2026-05-22,9653.99,Electronics
ORD005638,CUST2142,2026-09-29,23786.99,Electronics
ORD010605,CUST2451,2026-08-26,498.5,Beauty
ORD011923,CUST2496,2026-09-28,10882.93,Electronics
ORD008963,CUST2382,2026-09-17,2188.32,Fashion
ORD010397,CUST2444,2026-09-10,11719.98,Electronics
ORD006590,CUST2255,2026-09-20,1435.81,Home & Kitchen
ORD010947,CUST2463,2026-09-06,690.12,Beauty
ORD007558,CUST2305,2026-09-20,614.3,Beauty
ORD009670,CUST2417,2026-09-06,1936.29,Home & Kitchen
ORD005242,CUST2097,2026-08-29,1005.48,Beauty
ORD011159,CUST2471,2026-08-18,1036.63,Fashion
ORD002784,CUST1677,2026-03-31,3659.99,Fashion
ORD010261,CUST2440,2026-06-17,6334.01,Electronics
ORD001697,CUST1315,2026-03-20,4874.28,Electronics
ORD005686,CUST2149,2026-03-17,1505.29,Home & Kitchen
ORD002296,CUST1514,2026-08-11,3940.77,Electronics
ORD005940,CUST2179,2026-06-28,514.38,Grocery
ORD007764,CUST2316,2026-07-13,390.32,Grocery
ORD003314,CUST1857,2026-09-11,5878.12,Electronics
ORD004782,CUST2044,2026-09-22,2566.08,Home & Kitchen
ORD008351,CUST2350,2026-09-24,1864.79,Beauty
ORD010045,CUST2432,2026-08-11,7510.49,Electronics
ORD007606,CUST2307,2026-09-28,4503.96,Electronics
ORD000216,CUST0216,2026-07-22,257.84,Fashion
ORD006708,CUST2260,2026-09-13,661.95,Grocery
ORD009958,CUST2429,2026-09-28,18773.87,Electronics
ORD011026,CUST2466,2026-07-06,549.6,Beauty
ORD003484,CUST1890,2026-04-15,1310.28,Beauty
ORD007007,CUST2277,2026-06-16,615.09,Beauty
ORD005103,CUST2080,2026-09-24,2281.17,Home & Kitchen
ORD006600,CUST2255,2026-09-26,8448.22,Electronics
ORD003765,CUST1924,2026-07-18,1375.78,Fashion
ORD006411,CUST2236,2026-07-14,535.05,Beauty
ORD009170,CUST2393,2026-08-21,1501.85,Fashion
ORD000026,CUST0026,2026-07-20,2641.94,Home & Kitchen
ORD007660,CUST2310,2026-09-25,1687.91,Home & Kitchen
ORD010528,CUST2448,2026-09-18,147.03,Beauty
ORD011808,CUST2493,2026-09-28,488.24,Fashion
ORD010409,CUST2445,2026-07-10,2777.31,Beauty
ORD006684,CUST2259,2026-09-18,378.71,Grocery
ORD009940,CUST2429,2026-09-22,2449.28,Beauty
ORD008585,CUST2362,2026-06-28,8899.53,Electronics
ORD011830,CUST2493,2026-09-30,2679.91,Electronics
ORD011655,CUST2488,2026-09-04,4881.51,Electronics
ORD010009,CUST2431,2026-07-30,820.54,Beauty
ORD001103,CUST1103,2026-03-30,648.11,Fashion
ORD003277,CUST1843,2026-08-30,1329.24,Fashion
ORD005346,CUST2109,2026-08-28,434.03,Grocery
ORD010954,CUST2463,2026-09-19,3939.36,Electronics
ORD008387,CUST2352,2026-09-19,11111.43,Electronics
ORD008785,CUST2372,2026-09-22,630.97,Beauty
ORD012072,CUST2500,2026-09-20,549.09,Grocery
ORD002208,CUST1486,2026-08-26,10014.99,Electronics
ORD004553,CUST2018,2026-09-13,777.85,Grocery
ORD004403,CUST2002,2026-08-19,1853.53,Fashion
ORD007396,CUST2296,2026-09-21,567.19,Grocery
ORD003719,CUST1919,2026-06-17,2347.27,Home & Kitchen
ORD000973,CUST0973,2026-06-04,575.84,Fashion
ORD004580,CUST2022,2026-08-07,13241.62,Electronics
ORD006517,CUST2249,2026-08-16,13229.69,Electronics
ORD000720,CUST0720,2026-04-04,2688.1,Home & Kitchen
ORD006156,CUST2207,2026-09-18,6750.1,Electronics
ORD011392,CUST2478,2026-08-17,18673.57,Electronics
ORD002804,CUST1683,2026-04-09,2009.67,Fashion
ORD002567,CUST1604,2026-09-15,3375.77,Home & Kitchen
ORD004026,CUST1956,2026-06-28,13350.86,Electronics
ORD006199,CUST2212,2026-05-09,226.58,Grocery
ORD008225,CUST2343,2026-09-17,521.87,Grocery
ORD010668,CUST2454,2026-09-11,781.13,Fashion
ORD004064,CUST1961,2026-06-18,591.0,Grocery
ORD002793,CUST1680,2026-09-17,2376.56,Home & Kitchen
ORD002223,CUST1492,2026-05-07,671.85,Grocery
ORD005819,CUST2164,2026-07-26,1196.04,Fashion
ORD003867,CUST1936,2026-09-19,3420.65,Electronics
ORD008757,CUST2371,2026-09-24,7600.32,Electronics
ORD010464,CUST2446,2026-08-15,2063.37,Fashion
ORD003228,CUST1826,2026-09-02,640.06,Fashion
ORD004215,CUST1978,2026-01-10,585.08,Beauty
ORD003924,CUST1944,2026-08-14,1005.03,Fashion
ORD009034,CUST2385,2026-08-25,931.42,Grocery
ORD001402,CUST1218,2026-05-26,3916.7,Fashion
ORD007704,CUST2313,2026-08-12,7049.97,Electronics
ORD004980,CUST2066,2026-07-08,1363.36,Fashion
ORD003254,CUST1836,2026-04-26,6388.88,Electronics
ORD010422,CUST2445,2026-08-17,335.27,Fashion
ORD002662,CUST1635,2026-09-14,4836.42,Electronics
ORD002159,CUST1469,2026-05-31,906.03,Fashion
ORD008579,CUST2361,2026-09-30,5843.93,Electronics
ORD008089,CUST2334,2026-09-25,2539.55,Home & Kitchen
ORD000675,CUST0675,2026-08-16,912.17,Beauty
ORD011110,CUST2469,2026-09-08,564.53,Fashion
ORD007012,CUST2277,2026-08-19,404.69,Grocery
ORD008890,CUST2378,2026-09-09,6184.03,Home & Kitchen
ORD003842,CUST1934,2026-09-18,7038.97,Electronics
ORD001816,CUST1358,2026-09-11,776.41,Grocery
ORD010058,CUST2432,2026-08-28,4236.02,Electronics
ORD011884,CUST2495,2026-09-09,773.66,Grocery
ORD002101,CUST1450,2026-06-23,979.14,Fashion
ORD010641,CUST2453,2026-06-01,19425.14,Electronics
ORD006709,CUST2260,2026-09-17,1782.41,Home & Kitchen
ORD001674,CUST1308,2026-03-22,3486.05,Home & Kitchen
ORD004214,CUST1977,2026-09-25,1180.57,Fashion
ORD010712,CUST2455,2026-07-11,5138.73,Electronics
ORD001549,CUST1265,2026-07-11,641.67,Beauty
ORD008750,CUST2370,2026-07-19,851.73,Grocery
ORD008548,CUST2360,2026-09-07,5053.04,Electronics
ORD005185,CUST2091,2026-05-09,5024.36,Electronics
ORD001462,CUST1238,2026-08-05,1854.54,Fashion
ORD011337,CUST2476,2026-09-17,390.88,Grocery
ORD003221,CUST1824,2026-07-28,3066.18,Home & Kitchen
ORD011058,CUST2467,2026-08-08,3141.3,Fashion
ORD007171,CUST2285,2026-08-08,573.8,Grocery
ORD007431,CUST2298,2026-07-17,566.79,Grocery
ORD001752,CUST1334,2026-07-28,826.73,Fashion
ORD003977,CUST1951,2026-09-08,1847.48,Home & Kitchen
ORD008354,CUST2351,2026-04-19,6759.58,Electronics
ORD001773,CUST1342,2026-08-13,7043.08,Electronics
ORD002017,CUST1423,2026-07-18,783.71,Fashion
ORD002006,CUST1420,2026-04-01,343.36,Grocery
ORD003894,CUST1940,2026-09-09,834.66,Fashion
ORD003238,CUST1830,2026-01-04,1721.84,Home & Kitchen
ORD004425,CUST2004,2026-09-18,888.6,Grocery
ORD008589,CUST2362,2026-07-21,641.45,Grocery
ORD002258,CUST1502,2026-09-26,6304.14,Electronics
ORD004073,CUST1962,2026-08-18,9791.59,Electronics
ORD005575,CUST2136,2026-07-20,3014.79,Home & Kitchen
ORD011483,CUST2481,2026-07-14,6140.4,Electronics
ORD005356,CUST2111,2026-07-17,1052.05,Fashion
ORD008419,CUST2354,2026-05-25,758.21,Fashion
ORD006094,CUST2200,2026-08-04,3842.34,Home & Kitchen
ORD007936,CUST2326,2026-08-21,4614.73,Electronics
ORD009793,CUST2423,2026-09-28,971.05,Fashion
ORD001520,CUST1255,2026-09-27,725.55,Fashion
ORD009884,CUST2427,2026-08-23,11421.68,Electronics
ORD001379,CUST1210,2026-06-06,2156.34,Fashion
ORD005673,CUST2147,2026-04-19,1822.66,Home & Kitchen
ORD002588,CUST1612,2026-09-27,548.7,Fashion
ORD011794,CUST2492,2026-09-19,10277.1,Electronics
ORD005622,CUST2141,2026-08-21,1173.83,Home & Kitchen
ORD009550,CUST2412,2026-06-11,800.54,Grocery
ORD009956,CUST2429,2026-09-28,2796.62,Home & Kitchen
ORD005843,CUST2167,2026-06-24,923.48,Fashion
ORD007123,CUST2283,2026-08-24,10325.83,Electronics
ORD005833,CUST2165,2026-09-29,792.86,Grocery
ORD004889,CUST2055,2026-09-05,1804.76,Home & Kitchen
ORD005905,CUST2174,2026-06-30,580.65,Fashion
ORD000523,CUST0523,2026-09-29,713.05,Beauty
ORD008044,CUST2331,2026-09-30,2265.22,Fashion
ORD003608,CUST1905,2026-07-09,10841.05,Electronics
ORD000235,CUST0235,2026-07-23,632.44,Beauty
ORD003797,CUST1928,2026-09-24,3975.32,Home & Kitchen
ORD006319,CUST2225,2026-09-22,2512.06,Home & Kitchen
ORD007095,CUST2281,2026-09-06,24223.24,Electronics
ORD001949,CUST1400,2026-05-07,6466.53,Electronics
ORD006362,CUST2230,2026-04-17,2698.67,Home & Kitchen
ORD011354,CUST2477,2026-07-21,4900.93,Home & Kitchen
ORD006092,CUST2200,2026-07-24,1810.55,Home & Kitchen
ORD010969,CUST2464,2026-05-09,3537.51,Home & Kitchen
ORD002225,CUST1492,2026-08-18,2421.8,Home & Kitchen
ORD005572,CUST2136,2026-05-09,1352.92,Fashion
ORD004524,CUST2015,2026-09-29,722.16,Fashion
ORD005794,CUST2161,2026-07-12,2675.27,Home & Kitchen
ORD010612,CUST2451,2026-09-26,9224.32,Electronics
ORD005739,CUST2154,2026-09-07,742.32,Fashion
ORD002625,CUST1624,2026-09-17,959.87,Beauty
ORD004729,CUST2038,2026-09-04,2646.06,Fashion
ORD007819,CUST2319,2026-06-14,2391.74,Home & Kitchen
ORD011976,CUST2498,2026-06-09,1358.76,Fashion
ORD011008,CUST2465,2026-09-22,684.29,Fashion
ORD009004,CUST2384,2026-03-13,458.36,Grocery
ORD002438,CUST1563,2026-09-16,451.11,Grocery
ORD006057,CUST2194,2026-09-03,627.13,Grocery
ORD006353,CUST2229,2026-09-24,651.31,Grocery
ORD003168,CUST1804,2026-06-19,6307.21,Electronics
ORD001810,CUST1356,2026-06-08,1880.96,Fashion
ORD009788,CUST2423,2026-09-12,2977.65,Home & Kitchen
ORD007162,CUST2285,2026-07-16,1353.02,Beauty
ORD005087,CUST2079,2026-09-19,992.69,Beauty
ORD009742,CUST2421,2026-08-18,2229.31,Fashion
ORD007017,CUST2277,2026-09-20,640.82,Grocery
ORD009434,CUST2406,2026-06-25,9105.14,Electronics
ORD004946,CUST2063,2026-05-29,7939.1,Electronics
ORD006047,CUST2192,2026-09-30,1627.11,Home & Kitchen
ORD011180,CUST2471,2026-09-25,9652.92,Electronics
ORD006920,CUST2271,2026-09-19,14595.29,Electronics
ORD005591,CUST2138,2026-07-29,591.49,Beauty
ORD007227,CUST2288,2026-08-22,1618.61,Home & Kitchen
ORD001229,CUST1160,2026-09-26,2005.15,Home & Kitchen
ORD009322,CUST2400,2026-09-17,7463.7,Electronics
ORD006847,CUST2267,2026-09-22,484.55,Beauty
ORD008245,CUST2343,2026-09-29,500.8,Beauty
ORD006556,CUST2253,2026-06-25,2227.5,Home & Kitchen
ORD000160,CUST0160,2026-01-16,3506.38,Fashion
ORD001590,CUST1278,2026-09-01,299.09,Grocery
ORD011887,CUST2495,2026-09-10,539.77,Beauty
ORD011456,CUST2480,2026-09-15,2264.03,Home & Kitchen
ORD011434,CUST2479,2026-09-06,599.41,Grocery
ORD011271,CUST2474,2026-07-14,9074.61,Electronics
ORD006688,CUST2259,2026-09-24,378.67,Fashion
ORD011284,CUST2475,2026-07-21,1080.36,Fashion
ORD009113,CUST2390,2026-07-16,501.24,Grocery
ORD007481,CUST2301,2026-08-24,674.07,Grocery
ORD011183,CUST2471,2026-09-30,11413.51,Electronics
ORD001557,CUST1268,2026-06-05,1559.57,Beauty
ORD002829,CUST1691,2026-02-23,405.18,Grocery
ORD000437,CUST0437,2026-06-10,2515.52,Home & Kitchen
ORD005790,CUST2160,2026-09-11,2745.13,Home & Kitchen
ORD011037,CUST2466,2026-08-30,2044.09,Fashion
ORD001589,CUST1278,2026-08-04,605.76,Fashion
ORD007399,CUST2296,2026-09-23,1482.16,Fashion
ORD002781,CUST1676,2026-06-12,6154.46,Electronics
ORD010844,CUST2460,2026-09-07,9328.51,Electronics
ORD005687,CUST2149,2026-03-21,1522.87,Home & Kitchen
ORD003966,CUST1949,2026-06-05,1354.87,Home & Kitchen
ORD004728,CUST2038,2026-08-26,370.19,Grocery
ORD001239,CUST1163,2026-09-28,1778.23,Home & Kitchen
ORD002952,CUST1733,2026-07-11,576.65,Fashion
ORD008833,CUST2374,2026-08-30,369.45,Grocery
ORD009351,CUST2402,2026-05-12,268.39,Grocery
ORD001498,CUST1248,2026-09-30,589.63,Beauty
ORD006466,CUST2242,2026-09-08,6199.03,Electronics
ORD007356,CUST2294,2026-09-16,1000.29,Beauty
ORD007824,CUST2319,2026-08-16,5034.09,Home & Kitchen
ORD007548,CUST2304,2026-09-28,2925.74,Home & Kitchen
ORD007914,CUST2324,2026-08-26,2003.73,Fashion
ORD010342,CUST2443,2026-08-12,880.19,Grocery
ORD005186,CUST2091,2026-06-08,1553.79,Electronics
ORD005648,CUST2144,2026-04-25,2909.83,Home & Kitchen
ORD011347,CUST2477,2026-04-12,369.05,Grocery
ORD005243,CUST2097,2026-09-10,878.36,Grocery
ORD002131,CUST1460,2026-05-19,621.84,Grocery
ORD002093,CUST1447,2026-04-09,2600.87,Fashion
ORD005410,CUST2117,2026-06-06,7326.6,Electronics
ORD000188,CUST0188,2026-05-06,3399.33,Home & Kitchen
ORD007939,CUST2326,2026-08-31,1452.56,Fashion
ORD003656,CUST1911,2026-09-20,961.5,Grocery
ORD003427,CUST1883,2026-07-24,688.84,Grocery
ORD009280,CUST2398,2026-09-12,460.16,Grocery
ORD001382,CUST1212,2026-03-11,913.62,Fashion
ORD009449,CUST2407,2026-02-04,11898.01,Electronics
ORD008606,CUST2363,2026-03-29,7834.5,Electronics
ORD007428,CUST2298,2026-06-10,614.64,Grocery
ORD005038,CUST2072,2026-09-17,832.6,Home & Kitchen
ORD004898,CUST2057,2026-05-15,1106.73,Fashion
ORD003176,CUST1807,2026-08-14,1617.81,Fashion
ORD010382,CUST2444,2026-06-28,507.83,Beauty
ORD008449,CUST2355,2026-09-07,4715.5,Electronics
ORD011957,CUST2497,2026-08-20,5958.02,Electronics
ORD009588,CUST2413,2026-09-27,4830.23,Home & Kitchen
ORD002236,CUST1495,2026-09-10,7217.09,Electronics
ORD008069,CUST2333,2026-07-23,8140.04,Electronics
ORD004237,CUST1981,2026-06-23,2239.55,Fashion
ORD008979,CUST2382,2026-09-28,321.74,Grocery
ORD009365,CUST2403,2026-07-19,2551.5,Electronics
ORD000025,CUST0025,2026-01-25,1194.47,Fashion
ORD003364,CUST1874,2026-03-03,2334.11,Fashion
ORD001089,CUST1089,2026-05-24,497.62,Fashion
ORD008734,CUST2369,2026-09-05,418.03,Grocery
ORD011053,CUST2467,2026-07-31,686.94,Grocery
ORD002842,CUST1696,2026-06-11,3727.02,Electronics
ORD007538,CUST2304,2026-08-20,512.7,Fashion
ORD007471,CUST2301,2026-07-03,4357.97,Electronics
ORD011907,CUST2495,2026-09-25,420.32,Fashion
ORD004153,CUST1971,2026-09-05,1828.34,Home & Kitchen
ORD000696,CUST0696,2026-03-29,556.41,Grocery
ORD012033,CUST2499,2026-07-17,1505.06,Fashion
ORD006338,CUST2227,2026-09-06,7866.13,Electronics
ORD001228,CUST1160,2026-09-10,388.13,Beauty
ORD002000,CUST1417,2026-09-09,3697.13,Home & Kitchen
ORD000277,CUST0277,2026-09-27,1249.3,Fashion
ORD005930,CUST2177,2026-08-30,1789.69,Beauty
ORD002954,CUST1733,2026-09-13,1657.57,Fashion
ORD003638,CUST1909,2026-05-31,694.19,Fashion
ORD003907,CUST1941,2026-09-21,459.92,Grocery
ORD004779,CUST2044,2026-09-02,1765.05,Fashion
ORD005846,CUST2167,2026-07-26,11989.44,Electronics
ORD011715,CUST2490,2026-07-06,4114.9,Electronics
ORD004118,CUST1967,2026-05-03,603.15,Grocery
ORD001138,CUST1130,2026-03-13,1116.56,Fashion
ORD002768,CUST1672,2026-08-11,1169.15,Beauty
ORD008183,CUST2340,2026-09-10,276.89,Grocery
ORD009599,CUST2414,2026-05-26,1713.78,Home & Kitchen
ORD007662,CUST2311,2026-05-31,4940.55,Electronics
ORD008998,CUST2383,2026-09-09,7187.39,Electronics
ORD002491,CUST1581,2026-01-02,1299.78,Beauty
ORD011694,CUST2489,2026-08-26,3324.41,Home & Kitchen
ORD007743,CUST2315,2026-09-13,1001.6,Fashion
ORD003936,CUST1945,2026-05-09,1262.4,Fashion
ORD002385,CUST1547,2026-08-17,450.49,Grocery
ORD008017,CUST2330,2026-06-19,1076.51,Grocery
ORD007085,CUST2281,2026-05-23,1421.57,Home & Kitchen
ORD000116,CUST0116,2026-07-09,2193.35,Fashion
ORD001864,CUST1375,2026-02-02,3418.69,Home & Kitchen
ORD003120,CUST1786,2026-09-02,2441.41,Home & Kitchen
ORD004259,CUST1984,2026-05-25,6625.05,Electronics
ORD011147,CUST2470,2026-09-10,894.77,Beauty
ORD002820,CUST1687,2026-08-26,683.56,Beauty
ORD009225,CUST2396,2026-05-14,564.16,Beauty
ORD009277,CUST2398,2026-08-18,5163.21,Home & Kitchen
ORD011852,CUST2494,2026-05-23,3674.2,Electronics
ORD004700,CUST2035,2026-08-31,2906.9,Home & Kitchen
ORD003803,CUST1929,2026-08-19,12663.05,Electronics
ORD006069,CUST2196,2026-08-10,689.8,Fashion
ORD003537,CUST1896,2026-08-27,863.4,Fashion
ORD003826,CUST1933,2026-08-18,972.0,Grocery
ORD006643,CUST2257,2026-09-19,3251.9,Fashion
ORD010440,CUST2446,2026-06-01,8476.86,Electronics
ORD001947,CUST1399,2026-09-26,976.6,Beauty
ORD010544,CUST2449,2026-08-10,1049.26,Fashion
ORD009235,CUST2396,2026-08-17,12243.8,Electronics
ORD010074,CUST2432,2026-09-27,5433.31,Electronics
ORD007270,CUST2290,2026-09-07,1158.5,Fashion
ORD010687,CUST2454,2026-09-21,600.37,Fashion
ORD007930,CUST2325,2026-08-23,2556.82,Home & Kitchen
ORD007167,CUST2285,2026-07-28,19519.84,Electronics
ORD006964,CUST2274,2026-08-19,283.86,Grocery
ORD005868,CUST2170,2026-05-29,8126.68,Electronics
ORD004762,CUST2042,2026-03-23,5409.65,Home & Kitchen
ORD000883,CUST0883,2026-05-14,640.02,Fashion
ORD000558,CUST0558,2026-02-16,1132.38,Fashion
ORD009807,CUST2424,2026-08-19,5876.79,Electronics
ORD001208,CUST1154,2026-03-30,1149.49,Fashion
ORD007685,CUST2312,2026-06-30,11764.56,Electronics
ORD009350,CUST2402,2026-05-01,2898.59,Home & Kitchen
ORD006539,CUST2251,2026-09-24,9574.71,Electronics
ORD003212,CUST1821,2026-07-28,317.88,Grocery
ORD003631,CUST1907,2026-08-14,2265.69,Home & Kitchen
ORD001709,CUST1319,2026-07-22,819.9,Fashion
ORD008459,CUST2356,2026-08-08,813.66,Grocery
ORD001141,CUST1131,2026-08-28,2430.52,Home & Kitchen
ORD003163,CUST1802,2026-09-23,543.66,Grocery
ORD006208,CUST2213,2026-03-29,7053.37,Electronics
ORD003731,CUST1921,2026-07-19,847.2,Beauty
ORD002661,CUST1635,2026-08-16,1172.92,Beauty
ORD008849,CUST2375,2026-09-08,938.99,Home & Kitchen
ORD001308,CUST1186,2026-06-27,10034.12,Electronics
ORD002568,CUST1604,2026-09-26,656.46,Grocery
ORD002835,CUST1693,2026-09-23,371.98,Beauty
ORD011561,CUST2484,2026-09-01,3048.61,Home & Kitchen
ORD002152,CUST1467,2026-07-04,1406.21,Fashion
ORD009441,CUST2406,2026-09-07,5292.96,Home & Kitchen
ORD003836,CUST1934,2026-07-25,860.06,Fashion
ORD011712,CUST2490,2026-06-26,8725.47,Electronics
ORD009276,CUST2398,2026-08-12,1327.48,Home & Kitchen
ORD009930,CUST2428,2026-08-26,1057.73,Grocery
ORD005005,CUST2069,2026-05-05,4759.05,Electronics
ORD006627,CUST2256,2026-09-17,2353.25,Home & Kitchen
ORD001628,CUST1292,2026-08-24,1029.77,Grocery
ORD009677,CUST2418,2026-07-27,2859.16,Home & Kitchen
ORD011848,CUST2494,2026-05-10,7014.65,Electronics
ORD000359,CUST0359,2026-08-29,436.65,Beauty
ORD000139,CUST0139,2026-01-16,11100.66,Electronics
ORD008492,CUST2357,2026-08-08,512.42,Grocery
ORD000383,CUST0383,2026-01-23,5039.66,Electronics
ORD009125,CUST2391,2026-08-29,592.53,Fashion
ORD004858,CUST2052,2026-09-23,759.49,Fashion
ORD011222,CUST2473,2026-06-24,29404.04,Electronics
ORD001440,CUST1230,2026-09-21,816.58,Beauty
ORD000947,CUST0947,2026-07-20,1644.78,Fashion
ORD005499,CUST2127,2026-07-29,1695.32,Fashion
ORD004917,CUST2059,2026-08-16,2381.1,Home & Kitchen
ORD008557,CUST2361,2026-09-23,1019.23,Grocery
ORD001933,CUST1395,2026-04-30,5011.74,Home & Kitchen
ORD002353,CUST1536,2026-08-05,1582.58,Fashion
ORD003237,CUST1829,2026-09-17,1647.43,Grocery
ORD010000,CUST2430,2026-08-29,7413.7,Electronics
ORD003808,CUST1930,2026-08-06,1745.34,Home & Kitchen
ORD001937,CUST1396,2026-02-13,2414.69,Home & Kitchen
ORD010752,CUST2456,2026-09-24,1027.31,Fashion
ORD004155,CUST1971,2026-09-14,326.17,Grocery
ORD002417,CUST1557,2026-03-07,6157.66,Electronics
ORD009262,CUST2397,2026-09-25,4506.77,Electronics
ORD006140,CUST2206,2026-02-14,1704.67,Home & Kitchen
ORD000786,CUST0786,2026-06-16,4577.41,Home & Kitchen
ORD006790,CUST2265,2026-09-09,3342.67,Home & Kitchen
ORD008037,CUST2331,2026-09-02,1121.09,Home & Kitchen
ORD008316,CUST2348,2026-08-13,1044.07,Beauty
ORD011765,CUST2491,2026-09-23,12145.96,Electronics
ORD005669,CUST2147,2026-01-23,1267.27,Fashion
ORD002173,CUST1476,2026-01-08,470.45,Grocery
ORD002170,CUST1474,2026-09-14,833.0,Fashion
ORD006629,CUST2256,2026-09-26,747.54,Home & Kitchen
ORD004010,CUST1955,2026-07-19,400.91,Grocery
ORD004341,CUST1992,2026-09-15,9802.82,Electronics
ORD000911,CUST0911,2026-06-10,13952.6,Electronics
ORD006269,CUST2220,2026-08-24,9365.64,Home & Kitchen
ORD002310,CUST1519,2026-08-20,458.16,Fashion
ORD006592,CUST2255,2026-09-21,13184.68,Electronics
ORD004459,CUST2009,2026-09-30,1427.93,Fashion
ORD007598,CUST2307,2026-09-23,984.65,Beauty
ORD010256,CUST2439,2026-09-24,1044.75,Beauty
ORD011272,CUST2474,2026-07-15,4303.24,Home & Kitchen
ORD004653,CUST2030,2026-08-27,1455.67,Fashion
ORD006219,CUST2214,2026-09-26,782.45,Grocery
ORD000443,CUST0443,2026-09-06,238.01,Fashion
ORD003416,CUST1882,2026-09-01,1894.6,Home & Kitchen
ORD010562,CUST2450,2026-09-24,5245.31,Electronics
ORD010222,CUST2438,2026-08-14,1775.0,Home & Kitchen
ORD009484,CUST2408,2026-09-26,6668.0,Electronics
ORD005745,CUST2155,2026-05-10,6121.13,Electronics
ORD001055,CUST1055,2026-09-03,1718.64,Fashion
ORD003700,CUST1917,2026-06-21,3135.66,Home & Kitchen
ORD000930,CUST0930,2026-03-31,2199.65,Fashion
ORD006469,CUST2242,2026-09-30,5761.15,Fashion
ORD008768,CUST2371,2026-09-28,409.91,Grocery
ORD001830,CUST1363,2026-06-20,1610.31,Fashion
ORD009357,CUST2402,2026-07-14,495.64,Fashion
ORD009839,CUST2426,2026-06-27,3128.68,Electronics
ORD002012,CUST1422,2026-03-25,1124.18,Grocery
ORD000914,CUST0914,2026-07-29,577.24,Grocery
ORD007612,CUST2308,2026-07-21,1068.12,Fashion
ORD011569,CUST2485,2026-02-17,479.1,Grocery
ORD009319,CUST2400,2026-09-15,536.53,Fashion
ORD002607,CUST1619,2026-04-04,6827.21,Electronics
ORD004929,CUST2060,2026-08-19,744.09,Grocery
ORD006565,CUST2253,2026-08-19,2308.67,Home & Kitchen
ORD009842,CUST2426,2026-07-10,494.89,Grocery
ORD000007,CUST0007,2026-08-26,505.76,Grocery
ORD007836,CUST2320,2026-09-14,1369.19,Fashion
ORD006584,CUST2254,2026-07-01,1270.01,Beauty
ORD003362,CUST1873,2026-07-24,584.11,Grocery
ORD009457,CUST2407,2026-06-15,3988.46,Fashion
ORD001636,CUST1295,2026-07-04,1416.36,Home & Kitchen
ORD001142,CUST1132,2026-09-29,706.94,Beauty
ORD000360,CUST0360,2026-08-12,1448.16,Grocery
ORD002071,CUST1440,2026-06-20,478.76,Grocery
ORD003135,CUST1793,2026-07-13,7225.39,Electronics
ORD005161,CUST2087,2026-09-30,13160.06,Electronics
ORD006991,CUST2276,2026-05-19,661.53,Grocery
ORD003244,CUST1832,2026-08-08,1184.25,Fashion
ORD002243,CUST1497,2026-07-07,2294.82,Home & Kitchen
ORD001475,CUST1242,2026-03-24,2302.15,Fashion
ORD010371,CUST2444,2026-04-14,510.4,Grocery
ORD003260,CUST1838,2026-01-05,4360.59,Electronics
ORD004021,CUST1956,2026-05-15,835.89,Beauty
ORD010667,CUST2454,2026-09-10,4621.65,Electronics
ORD008567,CUST2361,2026-09-26,2230.65,Electronics
ORD003501,CUST1892,2026-09-23,8023.85,Electronics
ORD002659,CUST1634,2026-08-27,2446.52,Fashion
ORD010203,CUST2438,2026-06-08,7876.16,Electronics
ORD001131,CUST1127,2026-07-19,1201.19,Beauty
ORD001820,CUST1359,2026-09-04,711.04,Fashion
ORD007462,CUST2300,2026-08-23,588.77,Grocery
ORD011759,CUST2491,2026-09-01,505.79,Grocery
ORD009460,CUST2407,2026-07-13,3174.81,Home & Kitchen
ORD009872,CUST2427,2026-07-09,2222.66,Home & Kitchen
ORD007065,CUST2280,2026-05-29,573.32,Beauty
ORD004319,CUST1990,2026-08-30,1346.11,Beauty
ORD004670,CUST2031,2026-09-09,2294.7,Home & Kitchen
ORD005477,CUST2124,2026-09-25,1777.96,Home & Kitchen
ORD011882,CUST2495,2026-09-08,2536.21,Beauty
ORD010591,CUST2451,2026-07-18,9923.06,Electronics
ORD001857,CUST1372,2026-09-27,2567.53,Home & Kitchen
ORD002283,CUST1509,2026-09-06,609.33,Fashion
ORD010507,CUST2448,2026-07-28,5701.29,Electronics
ORD004009,CUST1954,2026-08-09,577.21,Grocery
ORD006402,CUST2235,2026-08-15,1103.52,Grocery
ORD011989,CUST2498,2026-07-29,986.28,Home & Kitchen
ORD011196,CUST2472,2026-09-24,1725.86,Fashion
ORD000387,CUST0387,2026-08-24,6751.58,Electronics
ORD001629,CUST1293,2026-05-16,566.07,Fashion
ORD011258,CUST2474,2026-05-19,5126.61,Electronics
ORD011732,CUST2490,2026-09-15,4395.79,Home & Kitchen
ORD007719,CUST2314,2026-08-30,12902.75,Electronics
ORD009295,CUST2399,2026-06-27,1997.79,Home & Kitchen
ORD012042,CUST2499,2026-09-17,495.0,Grocery
ORD001843,CUST1366,2026-08-11,1830.59,Beauty
ORD002498,CUST1583,2026-06-26,1827.84,Fashion
ORD000202,CUST0202,2026-06-24,1037.37,Grocery
ORD009710,CUST2419,2026-09-12,1629.91,Beauty
ORD003869,CUST1937,2026-07-19,5786.15,Electronics
ORD005055,CUST2075,2026-09-03,9844.47,Electronics
ORD005890,CUST2173,2026-08-16,533.77,Fashion
ORD002703,CUST1649,2026-09-28,602.23,Fashion
ORD007923,CUST2325,2026-08-05,5949.64,Electronics
ORD000332,CUST0332,2026-02-20,1028.95,Fashion
ORD003809,CUST1930,2026-09-14,461.86,Fashion
ORD000936,CUST0936,2026-09-22,622.19,Beauty
ORD001775,CUST1343,2026-09-20,5528.09,Electronics
ORD010880,CUST2461,2026-07-26,649.53,Grocery
ORD008612,CUST2363,2026-08-09,348.91,Fashion
ORD011043,CUST2467,2026-07-02,2161.03,Home & Kitchen
ORD000990,CUST0990,2026-03-03,420.83,Grocery
ORD005444,CUST2121,2026-09-05,8912.97,Electronics
ORD010072,CUST2432,2026-09-24,7149.14,Electronics
ORD006994,CUST2276,2026-07-15,681.56,Grocery
ORD010325,CUST2442,2026-05-06,2371.66,Home & Kitchen
ORD005807,CUST2163,2026-09-25,633.95,Grocery
ORD010557,CUST2450,2026-09-22,1840.85,Home & Kitchen
ORD010513,CUST2448,2026-08-10,11681.18,Electronics
ORD006575,CUST2253,2026-09-30,772.76,Grocery
ORD003053,CUST1766,2026-09-15,4193.73,Electronics
ORD010435,CUST2445,2026-09-23,964.8,Fashion
ORD008366,CUST2351,2026-09-02,1390.29,Beauty
ORD004616,CUST2026,2026-06-10,731.66,Grocery
ORD003322,CUST1860,2026-04-07,1951.76,Home & Kitchen
ORD009193,CUST2394,2026-09-05,6128.25,Electronics
ORD006247,CUST2217,2026-09-23,1232.57,Beauty
ORD006049,CUST2193,2026-08-08,10483.62,Electronics
ORD003312,CUST1857,2026-08-15,2762.97,Home & Kitchen
ORD009415,CUST2405,2026-09-26,1108.65,Beauty
ORD011328,CUST2476,2026-09-03,2287.91,Fashion
ORD008211,CUST2342,2026-08-13,2760.57,Beauty
ORD003629,CUST1907,2026-07-27,1449.53,Beauty
ORD010704,CUST2455,2026-05-30,2590.33,Home & Kitchen
ORD001357,CUST1202,2026-09-22,2233.88,Home & Kitchen
ORD005003,CUST2069,2026-03-16,2165.39,Home & Kitchen
ORD009397,CUST2404,2026-09-03,674.68,Fashion
ORD005824,CUST2164,2026-09-17,10625.02,Electronics
ORD011478,CUST2481,2026-04-24,734.13,Fashion
ORD005671,CUST2147,2026-02-23,2453.37,Fashion
ORD003113,CUST1785,2026-06-30,496.5,Grocery
ORD000183,CUST0183,2026-09-12,3351.36,Electronics
ORD010699,CUST2454,2026-09-30,5773.95,Electronics
ORD000856,CUST0856,2026-08-28,10313.37,Electronics
ORD010184,CUST2437,2026-09-10,1418.08,Fashion
ORD004913,CUST2059,2026-07-10,10347.79,Electronics
ORD010871,CUST2461,2026-06-20,1432.04,Home & Kitchen
ORD001801,CUST1353,2026-02-27,8584.13,Electronics
ORD011446,CUST2480,2026-08-18,416.96,Grocery
ORD005483,CUST2125,2026-09-12,9173.19,Electronics
ORD010070,CUST2432,2026-09-23,9360.2,Electronics
ORD001969,CUST1406,2026-08-19,328.95,Beauty
ORD010063,CUST2432,2026-09-03,981.34,Beauty
ORD009849,CUST2426,2026-08-05,353.15,Beauty
ORD004698,CUST2035,2026-08-28,2905.11,Fashion
ORD004988,CUST2067,2026-06-12,735.56,Grocery
ORD004651,CUST2030,2026-07-11,1948.54,Home & Kitchen
ORD001160,CUST1138,2026-08-02,1638.83,Beauty
ORD009369,CUST2403,2026-07-27,349.99,Grocery
ORD001326,CUST1193,2026-07-18,2361.15,Home & Kitchen
ORD010468,CUST2446,2026-09-02,3188.35,Home & Kitchen
ORD004797,CUST2046,2026-07-04,1057.42,Fashion
ORD006797,CUST2265,2026-09-18,739.62,Grocery
ORD005809,CUST2163,2026-09-25,1462.49,Home & Kitchen
ORD011920,CUST2496,2026-09-28,809.55,Beauty
ORD001456,CUST1236,2026-09-20,5037.43,Electronics
ORD005411,CUST2117,2026-06-06,509.09,Grocery
ORD008334,CUST2349,2026-09-28,250.81,Fashion
ORD002801,CUST1682,2026-09-22,1241.55,Fashion
ORD007617,CUST2308,2026-08-16,11832.86,Electronics
ORD010805,CUST2459,2026-09-02,3407.74,Home & Kitchen
ORD007816,CUST2319,2026-05-16,2074.87,Home & Kitchen
ORD004379,CUST1999,2026-08-26,616.02,Fashion
ORD008922,CUST2380,2026-07-14,3731.54,Home & Kitchen
ORD009621,CUST2415,2026-06-21,2713.4,Electronics
ORD006717,CUST2261,2026-03-23,10603.56,Electronics
ORD003737,CUST1921,2026-09-10,1598.77,Home & Kitchen
ORD002262,CUST1503,2026-02-18,15886.37,Electronics
ORD007430,CUST2298,2026-07-16,2416.51,Home & Kitchen
ORD004006,CUST1954,2026-04-05,1989.17,Fashion
ORD002395,CUST1550,2026-09-20,4342.87,Home & Kitchen
ORD001186,CUST1147,2026-02-05,971.05,Beauty
ORD002008,CUST1420,2026-07-17,1767.42,Fashion
ORD000194,CUST0194,2026-03-09,1708.97,Fashion
ORD008771,CUST2371,2026-09-28,564.16,Grocery
ORD005526,CUST2130,2026-09-27,2788.21,Home & Kitchen
ORD000772,CUST0772,2026-03-16,904.99,Home & Kitchen
ORD001479,CUST1243,2026-07-19,979.22,Fashion
ORD001847,CUST1368,2026-09-01,2341.87,Home & Kitchen
ORD003741,CUST1922,2026-08-12,10905.57,Electronics
ORD007987,CUST2329,2026-08-31,2902.23,Home & Kitchen
ORD000406,CUST0406,2026-09-08,4039.01,Home & Kitchen
ORD011521,CUST2483,2026-09-15,1180.04,Home & Kitchen
ORD010327,CUST2442,2026-05-17,2300.17,Beauty
ORD006318,CUST2225,2026-09-12,827.86,Fashion
ORD006582,CUST2254,2026-06-09,25665.3,Electronics
ORD001448,CUST1234,2026-09-11,5241.07,Home & Kitchen
ORD000343,CUST0343,2026-07-17,855.18,Fashion
ORD007469,CUST2300,2026-09-19,933.91,Grocery
ORD000728,CUST0728,2026-08-24,7814.07,Electronics
ORD004578,CUST2022,2026-08-02,476.6,Grocery
ORD009169,CUST2393,2026-08-21,498.81,Fashion
ORD003517,CUST1894,2026-09-18,3431.5,Home & Kitchen
ORD010738,CUST2456,2026-09-15,6940.17,Electronics
ORD009751,CUST2421,2026-09-11,4008.31,Electronics
ORD007157,CUST2284,2026-09-22,3396.07,Home & Kitchen
ORD007852,CUST2321,2026-03-30,557.96,Beauty
ORD001349,CUST1200,2026-04-07,614.71,Fashion
ORD000661,CUST0661,2026-01-30,2510.42,Home & Kitchen
ORD001493,CUST1247,2026-07-16,699.15,Fashion
ORD010299,CUST2441,2026-06-30,626.89,Fashion
ORD005155,CUST2087,2026-09-16,11601.53,Electronics
ORD011573,CUST2485,2026-03-29,3920.63,Electronics
ORD002525,CUST1591,2026-09-05,8283.58,Electronics
ORD009317,CUST2400,2026-09-12,1690.22,Home & Kitchen
ORD011041,CUST2467,2026-06-28,28835.64,Electronics
ORD005375,CUST2112,2026-08-28,403.03,Grocery
ORD003199,CUST1816,2026-09-03,589.28,Grocery
ORD005718,CUST2152,2026-07-01,9746.68,Electronics
ORD009213,CUST2395,2026-09-26,1503.65,Fashion
ORD010985,CUST2464,2026-09-13,10371.24,Electronics
ORD009937,CUST2428,2026-09-21,806.62,Grocery
ORD008260,CUST2344,2026-09-12,561.79,Grocery
ORD011756,CUST2491,2026-08-24,8454.96,Electronics
ORD000041,CUST0041,2026-02-04,1251.37,Fashion
ORD011232,CUST2473,2026-07-26,1134.91,Beauty
ORD006817,CUST2266,2026-06-25,836.29,Grocery
ORD009297,CUST2399,2026-07-16,1032.64,Fashion
ORD009865,CUST2426,2026-09-28,453.49,Grocery
ORD002724,CUST1657,2026-08-16,808.91,Fashion
ORD011092,CUST2468,2026-09-19,828.16,Grocery
ORD011261,CUST2474,2026-05-31,664.73,Beauty
ORD011760,CUST2491,2026-09-05,10339.98,Electronics
ORD007156,CUST2284,2026-09-17,517.21,Grocery
ORD009293,CUST2399,2026-06-17,2644.09,Home & Kitchen
ORD011137,CUST2470,2026-06-25,5339.63,Electronics
ORD007231,CUST2288,2026-09-05,3411.43,Electronics
ORD005076,CUST2077,2026-09-24,2871.71,Home & Kitchen
ORD007881,CUST2322,2026-09-03,599.46,Grocery
ORD005395,CUST2115,2026-05-25,572.72,Grocery
ORD010329,CUST2442,2026-05-23,38705.48,Electronics
ORD007790,CUST2318,2026-09-07,1934.54,Home & Kitchen
ORD011279,CUST2474,2026-09-10,2796.38,Fashion
ORD004089,CUST1964,2026-08-09,4019.63,Electronics
ORD001968,CUST1406,2026-06-12,783.22,Home & Kitchen
ORD011101,CUST2468,2026-09-26,485.64,Grocery
ORD010634,CUST2452,2026-09-20,453.4,Grocery
ORD011587,CUST2485,2026-09-01,7401.78,Home & Kitchen
ORD007000,CUST2276,2026-09-01,5769.86,Electronics
ORD000424,CUST0424,2026-05-18,1142.29,Fashion
ORD011191,CUST2472,2026-09-22,2013.54,Fashion
ORD011481,CUST2481,2026-07-09,617.3,Beauty
ORD010360,CUST2443,2026-09-21,537.33,Grocery
ORD006143,CUST2206,2026-03-31,547.19,Fashion
ORD005662,CUST2146,2026-08-22,1897.55,Beauty
ORD009032,CUST2385,2026-08-11,10313.91,Electronics
ORD004597,CUST2023,2026-09-28,3100.5,Home & Kitchen
ORD002660,CUST1635,2026-08-10,668.65,Fashion
ORD000142,CUST0142,2026-09-16,841.92,Grocery
ORD002598,CUST1616,2026-04-05,1743.83,Home & Kitchen
ORD006702,CUST2260,2026-07-10,957.87,Beauty
ORD001378,CUST1210,2026-01-26,675.07,Fashion
ORD003675,CUST1914,2026-02-20,914.51,Fashion
ORD011954,CUST2497,2026-08-16,613.5,Fashion
ORD006363,CUST2230,2026-04-19,2938.32,Home & Kitchen
ORD011309,CUST2475,2026-09-05,1975.69,Beauty
ORD004742,CUST2039,2026-08-18,517.3,Grocery
ORD001139,CUST1130,2026-03-23,1315.35,Fashion
ORD007375,CUST2295,2026-09-08,7447.59,Electronics
ORD001788,CUST1348,2026-05-15,934.01,Fashion
ORD009707,CUST2419,2026-08-31,4144.27,Electronics
ORD004647,CUST2029,2026-06-26,987.48,Home & Kitchen
ORD007569,CUST2306,2026-05-08,697.44,Grocery
ORD000460,CUST0460,2026-01-19,425.84,Beauty
ORD006116,CUST2203,2026-08-27,2471.94,Home & Kitchen
ORD008180,CUST2340,2026-09-01,4838.09,Electronics
ORD000949,CUST0949,2026-02-11,1962.32,Fashion
ORD006371,CUST2231,2026-07-22,1336.16,Fashion
ORD004629,CUST2027,2026-08-06,2445.68,Home & Kitchen
ORD007359,CUST2294,2026-09-22,7220.1,Electronics
ORD005926,CUST2177,2026-02-10,10151.52,Electronics
ORD006041,CUST2192,2026-08-30,9793.53,Electronics
ORD000442,CUST0442,2026-09-01,614.49,Fashion
ORD006660,CUST2258,2026-09-22,439.92,Grocery
ORD008832,CUST2374,2026-08-28,16168.65,Electronics
ORD009047,CUST2386,2026-07-16,6824.56,Electronics
ORD003831,CUST1933,2026-08-28,1811.43,Home & Kitchen
ORD011348,CUST2477,2026-04-25,3439.25,Home & Kitchen
ORD006145,CUST2206,2026-06-25,7267.6,Electronics
ORD010925,CUST2463,2026-08-12,2705.74,Home & Kitchen
ORD006345,CUST2228,2026-09-02,2264.67,Home & Kitchen
ORD001959,CUST1403,2026-07-02,3054.64,Fashion
ORD009263,CUST2397,2026-09-25,780.0,Fashion
ORD000156,CUST0156,2026-02-17,1207.27,Fashion
ORD009635,CUST2416,2026-07-03,627.79,Grocery
ORD004579,CUST2022,2026-08-06,2629.84,Home & Kitchen
ORD001090,CUST1090,2026-07-01,4027.56,Home & Kitchen
ORD006050,CUST2193,2026-08-19,2039.68,Home & Kitchen
ORD011055,CUST2467,2026-08-05,561.67,Grocery
ORD009123,CUST2391,2026-08-23,536.51,Beauty
ORD007951,CUST2326,2026-09-30,461.03,Grocery
ORD001675,CUST1308,2026-03-22,407.14,Fashion
ORD006764,CUST2263,2026-09-20,851.61,Beauty
ORD010123,CUST2434,2026-08-23,5833.85,Electronics
ORD006417,CUST2237,2026-07-19,20484.96,Electronics
ORD011550,CUST2484,2026-07-15,4139.47,Home & Kitchen
ORD002327,CUST1526,2026-08-15,791.85,Grocery
ORD007097,CUST2282,2026-08-16,2620.61,Fashion
ORD010373,CUST2444,2026-04-26,662.48,Grocery
ORD009518,CUST2410,2026-08-02,9767.36,Electronics
ORD006451,CUST2240,2026-08-24,7472.54,Electronics
ORD001716,CUST1322,2026-08-17,2017.86,Fashion
ORD009173,CUST2393,2026-08-30,34735.37,Electronics
ORD008382,CUST2352,2026-08-23,11045.24,Electronics
ORD003832,CUST1933,2026-09-06,1408.2,Home & Kitchen
ORD006300,CUST2223,2026-06-28,450.99,Home & Kitchen
ORD003349,CUST1870,2026-09-04,1211.67,Grocery
ORD011496,CUST2482,2026-07-21,630.2,Grocery
ORD009178,CUST2393,2026-09-16,420.99,Grocery
ORD000588,CUST0588,2026-07-15,1186.79,Home & Kitchen
ORD011500,CUST2482,2026-07-29,31994.62,Electronics
ORD002991,CUST1746,2026-08-16,622.6,Fashion
ORD011207,CUST2472,2026-09-29,5507.9,Home & Kitchen
ORD009558,CUST2412,2026-08-09,11109.52,Electronics
ORD010714,CUST2455,2026-07-31,1278.17,Home & Kitchen
ORD000265,CUST0265,2026-04-22,1596.09,Beauty
ORD009543,CUST2411,2026-09-30,12012.85,Electronics
ORD006789,CUST2265,2026-09-08,1853.91,Fashion
ORD010726,CUST2455,2026-08-28,1856.79,Beauty
ORD003865,CUST1936,2026-08-27,2104.39,Home & Kitchen
ORD006275,CUST2220,2026-09-26,1287.01,Beauty
ORD011840,CUST2493,2026-09-30,3921.05,Electronics
ORD003712,CUST1918,2026-07-02,9591.16,Electronics
ORD008439,CUST2355,2026-04-29,1192.68,Fashion
ORD001530,CUST1258,2026-08-18,1773.49,Fashion
ORD010841,CUST2460,2026-09-02,562.42,Grocery
ORD000924,CUST0924,2026-06-21,746.37,Beauty
ORD009503,CUST2410,2026-03-30,1928.28,Home & Kitchen
ORD007330,CUST2293,2026-09-24,1904.47,Home & Kitchen
ORD004365,CUST1997,2026-08-25,11147.73,Electronics
ORD000670,CUST0670,2026-07-18,1249.33,Fashion
ORD003605,CUST1905,2026-05-24,1655.58,Beauty
ORD005109,CUST2081,2026-07-30,323.84,Grocery
ORD010874,CUST2461,2026-06-28,2584.57,Electronics
ORD005249,CUST2098,2026-01-24,1163.64,Fashion
ORD007184,CUST2286,2026-05-18,16422.6,Electronics
ORD002592,CUST1613,2026-07-12,1689.6,Home & Kitchen
ORD005907,CUST2174,2026-07-17,523.11,Beauty
ORD006510,CUST2248,2026-09-30,7100.2,Electronics
ORD007134,CUST2283,2026-09-27,692.71,Fashion
ORD002308,CUST1518,2026-09-26,694.63,Fashion
ORD008805,CUST2373,2026-07-07,3256.79,Electronics
ORD003691,CUST1916,2026-06-16,1395.9,Home & Kitchen
ORD000688,CUST0688,2026-06-19,634.77,Beauty
ORD000613,CUST0613,2026-08-11,1460.04,Fashion
ORD007168,CUST2285,2026-08-01,1237.79,Home & Kitchen
ORD009553,CUST2412,2026-07-21,534.83,Grocery
ORD003201,CUST1817,2026-08-14,332.48,Beauty
ORD006630,CUST2256,2026-09-30,1009.38,Fashion
ORD004136,CUST1969,2026-07-17,7669.4,Electronics
ORD001899,CUST1385,2026-09-12,9192.35,Electronics
ORD000283,CUST0283,2026-06-03,550.95,Grocery
ORD000259,CUST0259,2026-07-06,1433.72,Beauty
ORD011781,CUST2492,2026-09-09,2110.42,Fashion
ORD004944,CUST2063,2026-05-04,8949.07,Electronics
ORD002823,CUST1688,2026-09-25,557.17,Grocery
ORD003526,CUST1895,2026-09-29,464.0,Grocery
ORD011856,CUST2494,2026-06-15,1164.2,Home & Kitchen
ORD005224,CUST2095,2026-09-24,4339.23,Electronics
ORD002286,CUST1510,2026-08-11,1960.79,Home & Kitchen
ORD006064,CUST2195,2026-08-31,9592.91,Electronics
ORD008079,CUST2334,2026-09-08,3957.0,Home & Kitchen
ORD004655,CUST2030,2026-09-02,826.1,Beauty
ORD005001,CUST2069,2026-02-13,5592.5,Electronics
ORD006711,CUST2260,2026-09-28,8591.29,Electronics
ORD011265,CUST2474,2026-06-23,804.98,Beauty
ORD008677,CUST2367,2026-04-29,10724.76,Electronics
ORD005417,CUST2117,2026-09-08,544.69,Fashion
ORD000476,CUST0476,2026-06-15,401.45,Beauty
ORD002556,CUST1601,2026-06-23,495.73,Grocery
ORD008088,CUST2334,2026-09-25,385.42,Fashion
ORD000008,CUST0008,2026-05-03,752.0,Beauty
ORD006412,CUST2236,2026-07-16,5694.88,Electronics
ORD011064,CUST2467,2026-08-18,2459.77,Home & Kitchen
ORD010764,CUST2457,2026-06-14,2210.08,Home & Kitchen
ORD005547,CUST2133,2026-06-04,1808.05,Home & Kitchen
ORD002427,CUST1560,2026-04-15,546.47,Beauty
ORD006745,CUST2262,2026-09-13,9626.74,Electronics
ORD011630,CUST2487,2026-08-10,9439.96,Electronics
ORD002275,CUST1507,2026-05-30,578.21,Fashion
ORD009204,CUST2395,2026-06-24,3831.35,Electronics
ORD001578,CUST1275,2026-09-16,511.62,Grocery
ORD007265,CUST2290,2026-08-19,3099.71,Home & Kitchen
ORD009260,CUST2397,2026-09-22,435.45,Grocery
ORD003971,CUST1949,2026-08-22,2719.42,Home & Kitchen
ORD005880,CUST2171,2026-09-04,463.96,Grocery
ORD010172,CUST2436,2026-09-24,2336.73,Fashion
ORD011269,CUST2474,2026-07-08,45095.74,Electronics
ORD007194,CUST2286,2026-08-15,458.32,Fashion
ORD003868,CUST1937,2026-07-09,342.53,Grocery
ORD011374,CUST2478,2026-06-26,1385.17,Fashion
ORD006824,CUST2267,2026-01-01,7151.22,Electronics
ORD007549,CUST2305,2026-08-30,1303.84,Home & Kitchen
ORD000782,CUST0782,2026-06-11,925.85,Beauty
ORD001750,CUST1333,2026-09-06,1851.03,Fashion
ORD006520,CUST2249,2026-09-01,545.92,Grocery
ORD005775,CUST2158,2026-09-16,1851.37,Home & Kitchen
ORD009284,CUST2399,2026-04-23,354.58,Fashion
ORD009370,CUST2403,2026-07-29,420.33,Grocery
ORD002325,CUST1525,2026-05-08,990.51,Grocery
ORD005056,CUST2075,2026-09-06,741.11,Fashion
ORD010887,CUST2461,2026-09-06,10006.37,Electronics
ORD001728,CUST1327,2026-02-26,407.2,Fashion
ORD000611,CUST0611,2026-09-19,1070.82,Fashion
ORD004667,CUST2031,2026-08-20,1420.89,Home & Kitchen
ORD005414,CUST2117,2026-07-29,574.81,Grocery
ORD008104,CUST2335,2026-09-22,3178.41,Home & Kitchen
ORD008175,CUST2339,2026-09-16,896.78,Fashion
ORD008536,CUST2360,2026-07-23,2413.67,Home & Kitchen
ORD003751,CUST1923,2026-04-29,566.96,Fashion
ORD000098,CUST0098,2026-09-11,641.77,Beauty
ORD006986,CUST2275,2026-09-20,4960.9,Home & Kitchen
ORD003138,CUST1793,2026-09-28,1039.27,Home & Kitchen
ORD001538,CUST1260,2026-09-23,9688.53,Electronics
ORD003649,CUST1910,2026-08-14,2454.31,Beauty
ORD001518,CUST1254,2026-09-30,1906.45,Electronics
ORD011296,CUST2475,2026-08-18,2291.74,Home & Kitchen
ORD004625,CUST2027,2026-07-08,483.27,Grocery
ORD006567,CUST2253,2026-08-27,619.0,Grocery
ORD002091,CUST1446,2026-09-23,810.94,Fashion
ORD007098,CUST2282,2026-08-17,4874.72,Electronics
ORD006172,CUST2209,2026-07-30,854.18,Beauty
ORD007522,CUST2303,2026-06-28,6935.61,Electronics
ORD000573,CUST0573,2026-05-14,621.78,Beauty
ORD010950,CUST2463,2026-09-13,9823.67,Electronics
ORD003063,CUST1769,2026-08-09,1177.08,Beauty
ORD000598,CUST0598,2026-07-23,356.79,Grocery
ORD006634,CUST2257,2026-09-05,1670.04,Home & Kitchen
ORD011388,CUST2478,2026-08-08,11746.44,Electronics
ORD007876,CUST2322,2026-06-19,517.75,Grocery
ORD007346,CUST2294,2026-09-07,1748.01,Home & Kitchen
ORD006305,CUST2224,2026-03-13,2018.36,Fashion
ORD009706,CUST2419,2026-08-23,2728.3,Home & Kitchen
ORD011403,CUST2478,2026-09-14,1751.97,Fashion
ORD005977,CUST2183,2026-09-12,766.77,Beauty
ORD008563,CUST2361,2026-09-25,369.95,Fashion
ORD001939,CUST1396,2026-09-14,1484.41,Beauty
ORD008101,CUST2335,2026-09-13,2500.24,Home & Kitchen
ORD001754,CUST1335,2026-09-06,1891.18,Fashion
ORD003671,CUST1913,2026-08-22,4501.33,Home & Kitchen
ORD009712,CUST2419,2026-09-14,384.57,Grocery
ORD002362,CUST1538,2026-03-04,2312.88,Home & Kitchen
ORD004261,CUST1984,2026-06-23,11365.68,Electronics
ORD005433,CUST2120,2026-08-10,1124.46,Beauty
ORD006286,CUST2222,2026-02-03,5166.9,Electronics
ORD009527,CUST2410,2026-09-21,786.99,Fashion
ORD011432,CUST2479,2026-08-18,9184.12,Electronics
ORD009481,CUST2408,2026-09-21,1058.45,Beauty
ORD010335,CUST2442,2026-08-05,2956.63,Fashion
ORD011306,CUST2475,2026-09-02,2844.58,Beauty
ORD005592,CUST2138,2026-08-20,797.86,Grocery
ORD001172,CUST1142,2026-07-03,1297.51,Beauty
ORD007928,CUST2325,2026-08-12,1965.84,Home & Kitchen
ORD009730,CUST2420,2026-09-05,10007.43,Electronics
ORD011751,CUST2491,2026-08-10,451.16,Grocery
ORD009898,CUST2427,2026-09-20,1885.06,Fashion
ORD011080,CUST2468,2026-09-03,12892.24,Electronics
ORD000875,CUST0875,2026-08-25,1960.2,Fashion
ORD002298,CUST1515,2026-08-12,2112.64,Home & Kitchen
ORD011236,CUST2473,2026-08-11,7843.86,Electronics
ORD002644,CUST1630,2026-03-10,945.74,Grocery
ORD005348,CUST2110,2026-06-08,13017.84,Electronics
ORD009033,CUST2385,2026-08-23,383.4,Grocery
ORD012000,CUST2498,2026-09-08,23789.01,Electronics
ORD000582,CUST0582,2026-02-25,865.49,Beauty
ORD000205,CUST0205,2026-01-18,442.2,Grocery
ORD007897,CUST2323,2026-09-27,2776.95,Home & Kitchen
ORD002015,CUST1422,2026-06-24,655.75,Grocery
ORD000906,CUST0906,2026-04-27,1467.21,Fashion
ORD000632,CUST0632,2026-05-27,12234.92,Electronics
ORD008462,CUST2356,2026-08-17,2101.55,Fashion
ORD010073,CUST2432,2026-09-27,27975.75,Electronics
ORD001975,CUST1409,2026-09-21,14076.98,Electronics
ORD000163,CUST0163,2026-04-22,833.42,Grocery
ORD004999,CUST2068,2026-09-17,1074.36,Home & Kitchen
ORD009966,CUST2429,2026-09-29,3585.1,Beauty
ORD004714,CUST2036,2026-09-17,2858.5,Home & Kitchen
ORD009068,CUST2388,2026-06-07,506.01,Grocery
ORD001432,CUST1228,2026-03-21,2553.11,Fashion
ORD006869,CUST2269,2026-09-04,22764.93,Electronics
ORD011032,CUST2466,2026-08-11,4232.71,Electronics
ORD007711,CUST2313,2026-09-30,443.53,Grocery
ORD007737,CUST2315,2026-07-20,3446.78,Home & Kitchen
ORD004284,CUST1986,2026-09-02,494.45,Grocery
ORD007532,CUST2304,2026-07-16,294.1,Grocery
ORD009626,CUST2415,2026-07-25,1101.17,Beauty
ORD003385,CUST1878,2026-08-30,7493.28,Electronics
ORD011553,CUST2484,2026-08-08,2507.93,Home & Kitchen
ORD009820,CUST2425,2026-04-23,1385.52,Fashion
ORD010071,CUST2432,2026-09-23,4305.12,Electronics
ORD007463,CUST2300,2026-08-27,2623.95,Home & Kitchen
ORD003332,CUST1863,2026-09-29,640.87,Fashion
ORD006405,CUST2235,2026-08-31,376.3,Beauty
ORD008896,CUST2378,2026-09-18,927.73,Beauty
ORD002097,CUST1449,2026-08-14,4479.7,Electronics
ORD010146,CUST2435,2026-06-16,12090.48,Electronics
ORD008000,CUST2329,2026-09-17,825.75,Grocery
ORD005018,CUST2070,2026-09-18,1112.69,Fashion
ORD008739,CUST2369,2026-09-19,5900.95,Home & Kitchen
ORD001450,CUST1234,2026-09-22,1201.05,Fashion
ORD006901,CUST2271,2026-07-08,746.8,Grocery
ORD002611,CUST1620,2026-07-26,2885.27,Home & Kitchen
ORD001901,CUST1386,2026-03-09,1498.82,Fashion
ORD008187,CUST2340,2026-09-20,2493.77,Home & Kitchen
ORD003921,CUST1943,2026-09-28,9067.42,Electronics
ORD002758,CUST1669,2026-07-10,698.11,Beauty
ORD006398,CUST2235,2026-07-23,1998.7,Beauty
ORD010470,CUST2446,2026-09-06,287.28,Fashion
ORD002098,CUST1449,2026-08-16,2914.08,Home & Kitchen
ORD008330,CUST2349,2026-09-26,236.89,Grocery
ORD011646,CUST2488,2026-08-26,18988.79,Electronics
ORD005625,CUST2141,2026-09-06,1770.59,Home & Kitchen
ORD009029,CUST2385,2026-07-22,562.73,Grocery
ORD003472,CUST1889,2026-04-05,658.9,Grocery
ORD008267,CUST2345,2026-04-12,455.98,Grocery
ORD002172,CUST1475,2026-02-10,921.02,Home & Kitchen
ORD011148,CUST2470,2026-09-16,1072.21,Fashion
ORD011523,CUST2483,2026-09-16,8205.96,Electronics
ORD008591,CUST2362,2026-08-03,8542.14,Electronics
ORD002011,CUST1421,2026-07-01,270.04,Beauty
ORD011825,CUST2493,2026-09-29,7816.62,Electronics
ORD001284,CUST1178,2026-08-18,5325.04,Home & Kitchen
ORD011599,CUST2486,2026-07-26,300.52,Grocery
ORD001020,CUST1020,2026-02-15,460.14,Grocery
ORD008668,CUST2366,2026-08-26,9132.99,Electronics
ORD002811,CUST1685,2026-09-09,2833.32,Home & Kitchen
ORD010423,CUST2445,2026-08-23,1881.05,Home & Kitchen
ORD001652,CUST1301,2026-08-13,587.1,Beauty
ORD011615,CUST2487,2026-04-23,2752.11,Home & Kitchen
ORD001170,CUST1142,2026-03-25,6849.61,Home & Kitchen
ORD009399,CUST2404,2026-09-15,1633.34,Fashion
ORD006257,CUST2219,2026-09-17,1324.49,Fashion
ORD005470,CUST2124,2026-07-30,2719.34,Electronics
ORD010548,CUST2449,2026-09-06,6051.85,Electronics
ORD000868,CUST0868,2026-09-02,972.12,Beauty
ORD005094,CUST2080,2026-03-11,902.91,Fashion
ORD005434,CUST2120,2026-08-11,1051.3,Fashion
ORD000542,CUST0542,2026-05-19,1265.42,Fashion
ORD009325,CUST2400,2026-09-24,1787.04,Home & Kitchen
ORD011883,CUST2495,2026-09-09,4973.24,Beauty
ORD006355,CUST2229,2026-09-27,1493.86,Fashion
ORD011276,CUST2474,2026-08-13,2482.45,Home & Kitchen
ORD003391,CUST1879,2026-08-26,2646.53,Home & Kitchen
ORD009717,CUST2420,2026-07-25,807.78,Grocery
ORD011999,CUST2498,2026-09-03,8586.11,Electronics
ORD003960,CUST1948,2026-09-29,560.62,Grocery
ORD006644,CUST2257,2026-09-21,1742.53,Home & Kitchen
ORD006842,CUST2267,2026-08-12,2688.85,Fashion
ORD010010,CUST2431,2026-08-01,647.16,Home & Kitchen
ORD003587,CUST1902,2026-09-01,6446.68,Home & Kitchen
ORD011543,CUST2484,2026-06-06,17994.2,Electronics
ORD002564,CUST1603,2026-09-27,1836.94,Fashion
ORD005037,CUST2072,2026-09-12,840.78,Beauty
ORD001081,CUST1081,2026-03-26,1154.88,Fashion
ORD005892,CUST2173,2026-08-30,591.51,Grocery
ORD004967,CUST2065,2026-02-14,727.35,Grocery
ORD002024,CUST1425,2026-06-01,2138.41,Home & Kitchen
ORD010850,CUST2460,2026-09-13,6948.28,Electronics
ORD007910,CUST2324,2026-07-13,722.35,Grocery
ORD010538,CUST2449,2026-07-10,5357.74,Electronics
ORD007322,CUST2292,2026-08-25,2116.18,Fashion
ORD000227,CUST0227,2026-09-22,379.57,Grocery
ORD001014,CUST1014,2026-09-07,819.56,Fashion
ORD001930,CUST1394,2026-05-31,6717.93,Electronics
ORD010129,CUST2434,2026-09-16,24347.13,Electronics
ORD005252,CUST2098,2026-05-30,1337.9,Fashion
ORD002180,CUST1478,2026-07-06,2370.8,Home & Kitchen
ORD000698,CUST0698,2026-07-31,305.27,Grocery
ORD001125,CUST1125,2026-07-17,11557.05,Electronics
ORD007379,CUST2295,2026-09-19,2316.29,Home & Kitchen
ORD009910,CUST2428,2026-05-14,2489.81,Home & Kitchen
ORD005111,CUST2081,2026-09-08,767.11,Grocery
ORD007903,CUST2324,2026-04-22,11418.06,Electronics
ORD001779,CUST1345,2026-09-28,478.39,Grocery
ORD009639,CUST2416,2026-07-14,821.92,Grocery
ORD002635,CUST1627,2026-06-20,9541.76,Electronics
ORD007545,CUST2304,2026-09-24,9255.41,Electronics
ORD007605,CUST2307,2026-09-28,4677.4,Electronics
ORD003490,CUST1891,2026-05-13,6061.15,Electronics
ORD001038,CUST1038,2026-08-29,6342.11,Electronics
ORD009877,CUST2427,2026-07-15,1258.65,Beauty
ORD008506,CUST2358,2026-06-08,478.43,Grocery
ORD002650,CUST1632,2026-06-28,4856.6,Fashion
ORD002980,CUST1743,2026-02-23,3891.95,Home & Kitchen
ORD002548,CUST1598,2026-08-08,619.66,Beauty
ORD005133,CUST2084,2026-05-08,1446.95,Home & Kitchen
ORD002160,CUST1469,2026-08-04,3377.66,Home & Kitchen
ORD009115,CUST2390,2026-07-20,3076.53,Home & Kitchen
ORD006446,CUST2240,2026-06-20,1772.49,Home & Kitchen
ORD003968,CUST1949,2026-07-21,689.99,Fashion
ORD001429,CUST1227,2026-09-03,1292.55,Home & Kitchen
ORD010163,CUST2436,2026-08-01,10693.17,Electronics
ORD002521,CUST1590,2026-05-26,3861.18,Electronics
ORD008034,CUST2331,2026-08-19,2800.15,Home & Kitchen
ORD010425,CUST2445,2026-08-24,600.72,Beauty
ORD011924,CUST2496,2026-09-28,15572.78,Electronics
ORD000449,CUST0449,2026-06-16,4425.8,Home & Kitchen
ORD010246,CUST2439,2026-07-22,6854.39,Electronics
ORD009477,CUST2408,2026-09-15,722.52,Grocery
ORD005996,CUST2186,2026-09-13,6651.74,Home & Kitchen
ORD009705,CUST2419,2026-08-22,1341.09,Fashion
ORD003728,CUST1920,2026-07-11,1255.59,Fashion
ORD007354,CUST2294,2026-09-15,8852.85,Electronics
ORD008554,CUST2360,2026-09-24,585.96,Grocery
ORD006280,CUST2221,2026-09-01,640.6,Grocery
ORD010794,CUST2458,2026-09-24,3569.12,Home & Kitchen
ORD007296,CUST2291,2026-08-01,798.14,Beauty
ORD009497,CUST2409,2026-09-09,1507.14,Fashion
ORD006252,CUST2218,2026-08-02,543.11,Beauty
ORD005927,CUST2177,2026-03-01,1042.85,Fashion
ORD002461,CUST1570,2026-09-23,1343.41,Fashion
ORD000023,CUST0023,2026-01-14,1834.97,Fashion
ORD002067,CUST1439,2026-07-17,6413.67,Electronics
ORD001654,CUST1302,2026-04-14,212.03,Fashion
ORD008895,CUST2378,2026-09-18,2202.4,Home & Kitchen
ORD008707,CUST2368,2026-08-22,4996.02,Electronics
ORD001377,CUST1209,2026-08-30,551.11,Grocery
ORD001725,CUST1325,2026-06-13,1490.46,Fashion
ORD003755,CUST1923,2026-07-11,1394.22,Fashion
ORD008653,CUST2366,2026-05-12,1753.64,Home & Kitchen
ORD004184,CUST1974,2026-09-17,473.09,Grocery
ORD004083,CUST1963,2026-09-30,1526.17,Fashion
ORD008475,CUST2357,2026-03-14,1085.98,Fashion
ORD006580,CUST2254,2026-05-07,805.69,Grocery
ORD004559,CUST2019,2026-05-02,1356.4,Fashion
ORD003538,CUST1896,2026-09-14,6624.19,Home & Kitchen
ORD007004,CUST2277,2026-06-06,1294.1,Fashion
ORD009561,CUST2412,2026-08-27,13836.79,Electronics
ORD011439,CUST2479,2026-09-26,24270.73,Electronics
ORD009939,CUST2428,2026-09-23,444.44,Grocery
ORD008790,CUST2372,2026-09-24,7427.67,Electronics
ORD000647,CUST0647,2026-01-06,451.27,Grocery
ORD006382,CUST2233,2026-09-25,14291.89,Electronics
ORD007528,CUST2303,2026-09-23,4510.09,Electronics
ORD011714,CUST2490,2026-06-28,2591.62,Home & Kitchen
ORD007166,CUST2285,2026-07-26,2772.85,Home & Kitchen
ORD009647,CUST2416,2026-08-17,410.14,Fashion
ORD007698,CUST2313,2026-06-05,642.86,Grocery
ORD011363,CUST2477,2026-09-05,589.41,Beauty
ORD004876,CUST2054,2026-04-02,2527.05,Fashion
ORD010377,CUST2444,2026-05-26,6786.55,Electronics
ORD005342,CUST2109,2026-03-08,563.0,Fashion
ORD007032,CUST2278,2026-09-03,1242.58,Beauty
ORD002161,CUST1470,2026-09-01,2403.75,Home & Kitchen
ORD000686,CUST0686,2026-06-12,389.2,Beauty
ORD002462,CUST1570,2026-09-27,1953.57,Fashion
ORD007129,CUST2283,2026-09-19,3469.33,Electronics
ORD006268,CUST2220,2026-08-23,969.81,Beauty
ORD004942,CUST2062,2026-09-15,2703.45,Home & Kitchen
ORD005947,CUST2180,2026-08-14,356.22,Beauty
ORD004584,CUST2022,2026-08-31,644.12,Beauty
ORD005785,CUST2160,2026-08-12,2215.58,Home & Kitchen
ORD007570,CUST2306,2026-05-14,3870.28,Electronics
ORD010289,CUST2441,2026-03-09,14486.73,Electronics
ORD000522,CUST0522,2026-03-25,277.29,Grocery
ORD008715,CUST2368,2026-09-22,1053.0,Grocery
ORD010785,CUST2458,2026-08-14,8398.27,Electronics
ORD003984,CUST1951,2026-09-24,1405.6,Home & Kitchen
ORD011582,CUST2485,2026-06-17,2079.59,Home & Kitchen
ORD000781,CUST0781,2026-05-23,1181.04,Grocery
ORD011850,CUST2494,2026-05-16,8818.88,Electronics
ORD005608,CUST2139,2026-09-24,609.91,Fashion
ORD005979,CUST2184,2026-01-20,954.64,Fashion
ORD008844,CUST2375,2026-08-19,550.35,Grocery
ORD003748,CUST1922,2026-09-21,1482.09,Home & Kitchen
ORD002197,CUST1483,2026-06-12,6525.25,Home & Kitchen
ORD008562,CUST2361,2026-09-24,452.98,Grocery
ORD011940,CUST2496,2026-09-30,1061.16,Home & Kitchen
ORD004286,CUST1986,2026-09-07,3863.81,Home & Kitchen
ORD008570,CUST2361,2026-09-27,644.56,Grocery
ORD006980,CUST2275,2026-08-18,1015.45,Home & Kitchen
ORD001828,CUST1362,2026-09-03,1790.09,Home & Kitchen
ORD009155,CUST2392,2026-09-29,4402.93,Electronics
ORD011686,CUST2489,2026-07-21,1138.83,Beauty
ORD002377,CUST1544,2026-04-23,3899.73,Electronics
ORD008552,CUST2360,2026-09-20,3366.46,Home & Kitchen
ORD003840,CUST1934,2026-08-20,5201.02,Home & Kitchen
ORD001247,CUST1165,2026-09-24,1500.29,Fashion
ORD007505,CUST2302,2026-09-28,1148.87,Fashion
ORD006512,CUST2249,2026-08-04,11132.61,Electronics
ORD005440,CUST2120,2026-08-31,3699.54,Electronics
ORD011162,CUST2471,2026-08-20,3166.45,Home & Kitchen
ORD008965,CUST2382,2026-09-18,304.86,Grocery
ORD011741,CUST2491,2026-07-03,24375.11,Electronics
ORD005511,CUST2128,2026-09-18,1853.56,Home & Kitchen
ORD005331,CUST2108,2026-03-29,2821.49,Fashion
ORD004532,CUST2016,2026-07-27,3469.58,Home & Kitchen
ORD000366,CUST0366,2026-02-24,348.68,Grocery
ORD012059,CUST2500,2026-09-08,6477.27,Electronics
ORD000148,CUST0148,2026-01-23,658.44,Grocery
ORD001669,CUST1306,2026-01-17,3796.01,Home & Kitchen
ORD010798,CUST2459,2026-08-26,2158.0,Home & Kitchen
ORD007651,CUST2310,2026-08-31,10224.58,Electronics
ORD008600,CUST2363,2026-01-05,2222.77,Home & Kitchen
ORD007789,CUST2318,2026-09-06,13272.33,Electronics
ORD003457,CUST1887,2026-04-20,388.7,Grocery
ORD003272,CUST1842,2026-01-16,1276.71,Beauty
ORD004941,CUST2062,2026-07-23,4259.94,Electronics
ORD009224,CUST2396,2026-05-10,1459.39,Beauty
ORD006231,CUST2216,2026-08-02,1495.17,Fashion
ORD010754,CUST2456,2026-09-28,20466.18,Electronics
ORD009798,CUST2424,2026-06-06,768.26,Grocery
ORD009048,CUST2386,2026-07-30,642.9,Fashion
ORD003927,CUST1944,2026-08-20,2288.26,Home & Kitchen
ORD010320,CUST2442,2026-03-02,743.04,Fashion
ORD008081,CUST2334,2026-09-10,6531.84,Home & Kitchen
ORD000079,CUST0079,2026-01-08,708.07,Fashion
ORD007089,CUST2281,2026-06-07,10329.09,Electronics
ORD002248,CUST1499,2026-01-25,1476.2,Home & Kitchen
ORD009967,CUST2429,2026-09-30,3598.89,Home & Kitchen
ORD012015,CUST2499,2026-02-28,5023.52,Home & Kitchen
ORD010006,CUST2430,2026-09-14,1885.18,Home & Kitchen
ORD007452,CUST2299,2026-09-28,202.1,Grocery
ORD008981,CUST2382,2026-09-29,979.08,Grocery
ORD002280,CUST1508,2026-09-24,1601.6,Home & Kitchen
ORD008124,CUST2337,2026-06-09,1735.01,Home & Kitchen
ORD003898,CUST1941,2026-04-28,3307.15,Electronics
ORD009734,CUST2420,2026-09-13,1762.67,Fashion
ORD007178,CUST2285,2026-09-05,485.78,Grocery
ORD009313,CUST2400,2026-09-02,661.55,Fashion
ORD011421,CUST2479,2026-05-27,8218.02,Electronics
ORD003632,CUST1908,2026-07-12,11385.32,Electronics
ORD010414,CUST2445,2026-08-01,604.75,Fashion
ORD006273,CUST2220,2026-09-10,1102.46,Fashion
ORD008617,CUST2364,2026-09-29,2743.01,Home & Kitchen
ORD000393,CUST0393,2026-05-15,931.06,Beauty
ORD003192,CUST1813,2026-06-20,1909.71,Fashion
ORD000017,CUST0017,2026-03-17,8472.32,Electronics
ORD004201,CUST1976,2026-08-25,8914.77,Electronics
ORD002673,CUST1639,2026-06-14,10068.73,Electronics
ORD006165,CUST2208,2026-09-24,2491.05,Home & Kitchen
ORD003494,CUST1891,2026-08-26,1333.9,Home & Kitchen
ORD009652,CUST2416,2026-09-10,3138.59,Home & Kitchen
ORD007395,CUST2296,2026-09-18,230.5,Grocery
ORD004840,CUST2051,2026-04-03,8123.81,Home & Kitchen
ORD000594,CUST0594,2026-03-22,425.14,Grocery
ORD011249,CUST2474,2026-03-10,4022.11,Fashion
ORD008738,CUST2369,2026-09-15,858.13,Grocery
ORD005828,CUST2165,2026-05-25,1239.2,Grocery
ORD007962,CUST2327,2026-09-16,14495.53,Electronics
ORD005888,CUST2172,2026-08-10,2884.51,Home & Kitchen
ORD002356,CUST1536,2026-09-29,1275.24,Fashion
ORD006037,CUST2191,2026-08-17,4318.78,Electronics
ORD004799,CUST2046,2026-08-03,4028.32,Home & Kitchen
ORD010444,CUST2446,2026-06-11,4806.49,Electronics
ORD004593,CUST2023,2026-09-26,6493.38,Electronics
ORD008657,CUST2366,2026-05-28,939.01,Fashion
ORD000164,CUST0164,2026-05-24,1539.28,Grocery
ORD011426,CUST2479,2026-07-20,13560.83,Electronics
ORD011396,CUST2478,2026-08-25,5931.68,Electronics
ORD011809,CUST2493,2026-09-28,495.65,Grocery
ORD007381,CUST2295,2026-09-21,358.04,Grocery
ORD012027,CUST2499,2026-06-12,312.76,Fashion
ORD006357,CUST2229,2026-09-29,6447.07,Electronics
ORD009093,CUST2389,2026-08-23,9150.16,Electronics
ORD005543,CUST2133,2026-03-17,2349.3,Home & Kitchen
ORD006008,CUST2187,2026-09-25,3101.42,Home & Kitchen
ORD007994,CUST2329,2026-09-09,10612.77,Electronics
ORD007639,CUST2310,2026-07-20,10163.01,Electronics
ORD006794,CUST2265,2026-09-15,1571.66,Beauty
ORD007759,CUST2316,2026-06-17,3917.13,Electronics
ORD004838,CUST2051,2026-02-06,1030.97,Fashion
ORD002294,CUST1513,2026-07-31,504.49,Grocery
ORD006549,CUST2252,2026-08-21,5912.74,Electronics
ORD007899,CUST2323,2026-09-27,4633.36,Home & Kitchen
ORD004482,CUST2011,2026-09-07,6167.99,Home & Kitchen
ORD003717,CUST1919,2026-04-17,2561.82,Home & Kitchen
ORD006141,CUST2206,2026-03-04,5282.16,Electronics
ORD001550,CUST1266,2026-09-28,2389.52,Home & Kitchen
ORD002045,CUST1431,2026-08-12,872.45,Fashion
ORD000768,CUST0768,2026-04-13,964.33,Fashion
ORD005694,CUST2149,2026-09-01,617.22,Fashion
ORD007871,CUST2322,2026-04-17,384.12,Grocery
ORD009701,CUST2419,2026-07-16,1864.62,Home & Kitchen
ORD007858,CUST2321,2026-07-08,6145.15,Electronics
ORD003303,CUST1853,2026-09-24,7723.47,Home & Kitchen
ORD004518,CUST2015,2026-09-17,1039.87,Beauty
ORD011060,CUST2467,2026-08-10,4868.6,Electronics
ORD009762,CUST2422,2026-08-02,8806.27,Electronics
ORD003293,CUST1850,2026-08-31,1123.5,Home & Kitchen
ORD009012,CUST2384,2026-08-06,5067.13,Home & Kitchen
ORD001404,CUST1218,2026-09-17,4439.7,Electronics
ORD001383,CUST1212,2026-03-14,610.12,Fashion
ORD006929,CUST2272,2026-08-16,1865.24,Fashion
ORD005672,CUST2147,2026-03-31,2132.63,Home & Kitchen
ORD001639,CUST1296,2026-09-10,469.14,Fashion
ORD011832,CUST2493,2026-09-30,626.81,Grocery
ORD006908,CUST2271,2026-08-07,874.92,Fashion
ORD008592,CUST2362,2026-08-13,739.63,Grocery
ORD006407,CUST2236,2026-01-16,7103.44,Electronics
ORD009075,CUST2388,2026-07-31,4526.09,Electronics
ORD001180,CUST1145,2026-05-16,2002.37,Fashion
ORD005449,CUST2121,2026-09-28,597.8,Grocery
ORD005079,CUST2078,2026-08-26,2763.27,Home & Kitchen
ORD008649,CUST2365,2026-09-30,1699.44,Fashion
ORD005176,CUST2089,2026-09-18,706.52,Fashion
ORD000690,CUST0690,2026-03-17,811.29,Grocery
ORD010694,CUST2454,2026-09-24,2432.18,Fashion
ORD006526,CUST2250,2026-08-26,594.07,Fashion
ORD011862,CUST2494,2026-07-05,635.89,Beauty
ORD006489,CUST2246,2026-07-24,512.88,Grocery
ORD007155,CUST2284,2026-09-10,627.21,Grocery
ORD010165,CUST2436,2026-08-14,1310.82,Home & Kitchen
ORD006611,CUST2256,2026-07-16,1564.83,Fashion
ORD011295,CUST2475,2026-08-17,2749.46,Home & Kitchen
ORD004350,CUST1994,2026-09-26,790.07,Fashion
ORD001885,CUST1381,2026-04-18,2133.43,Home & Kitchen
ORD010437,CUST2446,2026-05-20,4427.58,Electronics
ORD002495,CUST1582,2026-06-21,570.99,Grocery
ORD005948,CUST2180,2026-08-20,1190.95,Fashion
ORD003037,CUST1761,2026-08-01,2437.06,Home & Kitchen
ORD005778,CUST2158,2026-09-27,12399.65,Electronics
ORD000846,CUST0846,2026-06-11,226.55,Grocery
ORD008735,CUST2369,2026-09-07,1546.85,Fashion
ORD007968,CUST2328,2026-05-25,29158.62,Electronics
ORD010241,CUST2439,2026-06-27,459.63,Grocery
ORD007341,CUST2293,2026-09-29,7561.34,Electronics
ORD010873,CUST2461,2026-06-26,2372.7,Home & Kitchen
ORD010001,CUST2430,2026-08-31,6351.17,Electronics
ORD007138,CUST2284,2026-04-16,6416.07,Electronics
ORD002965,CUST1738,2026-01-19,1730.98,Beauty
ORD002530,CUST1593,2026-04-28,6304.65,Electronics
ORD005773,CUST2158,2026-09-01,454.18,Beauty
ORD001049,CUST1049,2026-07-07,585.08,Beauty
ORD007046,CUST2279,2026-06-01,525.22,Grocery
ORD001961,CUST1404,2026-04-13,9551.64,Electronics
ORD002531,CUST1593,2026-05-14,857.46,Fashion
ORD008430,CUST2354,2026-09-23,841.76,Fashion
ORD004918,CUST2059,2026-08-23,1322.1,Home & Kitchen
ORD009326,CUST2400,2026-09-24,858.86,Fashion
ORD005902,CUST2174,2026-04-01,1630.12,Home & Kitchen
ORD008287,CUST2346,2026-09-13,561.36,Grocery
ORD004260,CUST1984,2026-06-19,3627.16,Home & Kitchen
ORD011863,CUST2494,2026-07-09,1755.98,Home & Kitchen
ORD005657,CUST2145,2026-04-30,780.38,Fashion
ORD006098,CUST2200,2026-08-23,5900.4,Electronics
ORD005908,CUST2174,2026-07-18,294.91,Grocery
ORD007374,CUST2295,2026-09-04,2965.93,Fashion
ORD002979,CUST1742,2026-09-15,584.09,Grocery
ORD010703,CUST2455,2026-05-24,6197.2,Electronics
ORD011233,CUST2473,2026-07-26,13172.41,Electronics
ORD006722,CUST2261,2026-05-02,5343.38,Home & Kitchen
ORD007843,CUST2320,2026-09-23,725.71,Beauty
ORD008265,CUST2345,2026-03-04,2574.05,Home & Kitchen
ORD010596,CUST2451,2026-07-26,300.82,Fashion
ORD003139,CUST1794,2026-01-20,5282.61,Home & Kitchen
ORD008326,CUST2349,2026-09-21,1773.64,Beauty
ORD011994,CUST2498,2026-08-19,8380.64,Electronics
ORD001827,CUST1362,2026-08-17,4685.38,Home & Kitchen
ORD005549,CUST2133,2026-07-04,10612.5,Electronics
ORD008786,CUST2372,2026-09-23,859.27,Grocery
ORD000561,CUST0561,2026-08-06,495.43,Grocery
ORD010640,CUST2453,2026-05-29,18170.98,Electronics
ORD008436,CUST2355,2026-04-11,502.0,Fashion
ORD005436,CUST2120,2026-08-19,2649.53,Electronics
ORD004438,CUST2006,2026-08-19,1511.69,Fashion
ORD008598,CUST2362,2026-09-24,1368.83,Fashion
ORD001443,CUST1232,2026-08-15,7141.61,Electronics
ORD008454,CUST2356,2026-06-26,12406.13,Electronics
ORD004407,CUST2003,2026-09-03,3001.73,Home & Kitchen
ORD011514,CUST2482,2026-09-12,2136.8,Home & Kitchen
ORD001690,CUST1313,2026-05-11,10458.16,Electronics
ORD011922,CUST2496,2026-09-28,444.25,Beauty
ORD010858,CUST2460,2026-09-25,1582.48,Fashion
ORD005963,CUST2182,2026-09-11,1049.63,Grocery
ORD002497,CUST1583,2026-05-29,602.85,Grocery
ORD009890,CUST2427,2026-09-03,3718.1,Home & Kitchen
ORD000341,CUST0341,2026-05-16,3581.05,Home & Kitchen
ORD002409,CUST1554,2026-08-27,1689.12,Beauty
ORD009794,CUST2424,2026-05-12,9039.28,Electronics
ORD010085,CUST2433,2026-08-16,568.13,Grocery
ORD005783,CUST2159,2026-07-26,722.17,Grocery
ORD004577,CUST2022,2026-07-26,502.91,Fashion
ORD003726,CUST1920,2026-05-29,2619.45,Home & Kitchen
ORD002786,CUST1677,2026-05-30,8142.56,Electronics
ORD009716,CUST2419,2026-09-30,8518.04,Electronics
ORD001013,CUST1013,2026-07-05,2911.55,Fashion
ORD005281,CUST2102,2026-04-10,3293.1,Electronics
ORD004896,CUST2057,2026-04-24,2615.94,Fashion
ORD007122,CUST2283,2026-08-22,1202.22,Grocery
ORD006550,CUST2252,2026-09-10,995.16,Beauty
ORD004038,CUST1957,2026-09-29,4855.48,Electronics
ORD000149,CUST0149,2026-09-07,789.44,Grocery
ORD000286,CUST0286,2026-02-11,557.55,Beauty
ORD011662,CUST2488,2026-09-18,9437.66,Home & Kitchen
ORD008556,CUST2360,2026-09-26,1090.94,Home & Kitchen
ORD010150,CUST2435,2026-08-05,28662.38,Electronics
ORD009733,CUST2420,2026-09-12,2426.82,Home & Kitchen
ORD006771,CUST2264,2026-03-16,1665.58,Home & Kitchen
ORD004444,CUST2007,2026-09-14,1989.01,Home & Kitchen
ORD007447,CUST2299,2026-09-25,4911.37,Electronics
ORD000237,CUST0237,2026-02-10,459.48,Grocery
ORD011586,CUST2485,2026-08-17,10378.64,Electronics
ORD007124,CUST2283,2026-08-30,12447.45,Electronics
ORD010083,CUST2433,2026-07-21,11954.17,Electronics
ORD003084,CUST1776,2026-08-01,339.63,Grocery
ORD000633,CUST0633,2026-09-09,6604.35,Electronics
ORD006814,CUST2266,2026-05-20,7131.57,Electronics
ORD002494,CUST1582,2026-05-23,503.46,Beauty
ORD002666,CUST1636,2026-09-15,379.37,Beauty
ORD010692,CUST2454,2026-09-23,16933.55,Electronics
ORD011221,CUST2473,2026-06-14,1495.51,Home & Kitchen
ORD010166,CUST2436,2026-08-17,6416.84,Electronics
ORD010226,CUST2438,2026-09-09,3502.81,Home & Kitchen
ORD004212,CUST1977,2026-09-03,2875.9,Home & Kitchen
ORD009687,CUST2418,2026-09-07,3154.61,Home & Kitchen
ORD003875,CUST1937,2026-08-21,719.2,Grocery
ORD009425,CUST2405,2026-09-30,596.28,Grocery
ORD002818,CUST1687,2026-03-26,1452.37,Beauty
ORD009973,CUST2430,2026-05-06,952.63,Fashion
ORD011855,CUST2494,2026-06-08,7584.51,Electronics
ORD010843,CUST2460,2026-09-05,737.0,Grocery
ORD007427,CUST2298,2026-06-06,842.62,Beauty
ORD010387,CUST2444,2026-07-19,1991.63,Home & Kitchen
ORD010230,CUST2438,2026-09-27,2420.36,Home & Kitchen
ORD011113,CUST2469,2026-09-16,5099.43,Electronics
ORD009778,CUST2423,2026-08-10,793.48,Grocery
ORD001736,CUST1329,2026-07-30,487.79,Grocery
ORD007398,CUST2296,2026-09-21,634.7,Grocery
ORD004256,CUST1983,2026-06-04,749.55,Beauty
ORD009998,CUST2430,2026-08-18,723.8,Fashion
ORD002476,CUST1575,2026-09-05,419.36,Grocery
ORD012060,CUST2500,2026-09-10,11046.26,Electronics
ORD003714,CUST1918,2026-08-14,619.81,Fashion
ORD010840,CUST2460,2026-09-01,10091.62,Electronics
ORD001805,CUST1354,2026-09-06,13106.55,Electronics
ORD000708,CUST0708,2026-06-19,1451.99,Fashion
ORD011102,CUST2468,2026-09-27,1551.65,Fashion
ORD005190,CUST2091,2026-07-24,12766.29,Electronics
ORD005473,CUST2124,2026-09-02,1714.55,Home & Kitchen
ORD000073,CUST0073,2026-04-17,3194.09,Home & Kitchen
ORD007844,CUST2320,2026-09-26,1604.04,Home & Kitchen
ORD005102,CUST2080,2026-09-22,3660.0,Electronics
ORD006765,CUST2263,2026-09-21,626.49,Grocery
ORD009383,CUST2403,2026-09-11,1534.54,Fashion
ORD001126,CUST1126,2026-09-12,2463.89,Home & Kitchen
ORD001242,CUST1164,2026-08-24,725.85,Grocery
ORD009955,CUST2429,2026-09-28,741.82,Beauty
ORD002350,CUST1535,2026-04-20,407.49,Beauty
ORD006603,CUST2255,2026-09-29,2147.07,Fashion
ORD006781,CUST2264,2026-07-13,352.92,Grocery
ORD009770,CUST2423,2026-07-18,423.1,Grocery
ORD004359,CUST1996,2026-07-19,1316.63,Home & Kitchen
ORD001344,CUST1198,2026-05-28,1453.63,Fashion
ORD012065,CUST2500,2026-09-15,322.31,Beauty
ORD011167,CUST2471,2026-08-31,13839.25,Electronics
ORD011570,CUST2485,2026-02-17,10461.31,Electronics
ORD008633,CUST2365,2026-05-03,670.14,Beauty
ORD006653,CUST2258,2026-09-14,953.24,Fashion
ORD001101,CUST1101,2026-08-31,1208.84,Home & Kitchen
ORD009161,CUST2393,2026-07-02,1032.54,Grocery
ORD008842,CUST2375,2026-08-08,2015.11,Home & Kitchen
ORD009739,CUST2420,2026-09-25,3230.42,Electronics
ORD007328,CUST2293,2026-09-23,5515.05,Electronics
ORD007623,CUST2308,2026-09-13,5461.08,Home & Kitchen
ORD000988,CUST0988,2026-02-10,1132.73,Grocery
ORD002853,CUST1701,2026-08-09,5064.81,Electronics
ORD008854,CUST2375,2026-09-29,10754.42,Electronics
ORD000631,CUST0631,2026-03-02,707.86,Grocery
ORD001250,CUST1166,2026-09-06,1150.97,Fashion
ORD003180,CUST1809,2026-06-05,513.91,Fashion
ORD000483,CUST0483,2026-09-20,962.63,Fashion
ORD009777,CUST2423,2026-08-10,626.65,Fashion
ORD009655,CUST2416,2026-09-29,544.63,Grocery
ORD003041,CUST1762,2026-07-11,506.98,Beauty
ORD005011,CUST2069,2026-08-24,343.48,Grocery
ORD010551,CUST2449,2026-09-15,294.99,Grocery
ORD007001,CUST2276,2026-09-07,719.03,Fashion
ORD003274,CUST1842,2026-09-17,1001.23,Beauty
ORD007228,CUST2288,2026-08-25,1459.0,Fashion
ORD003684,CUST1915,2026-07-15,596.04,Grocery
ORD006675,CUST2259,2026-08-28,543.78,Grocery
ORD006808,CUST2266,2026-03-27,1432.68,Home & Kitchen
ORD011762,CUST2491,2026-09-10,1507.76,Fashion
ORD001317,CUST1190,2026-07-24,3404.72,Home & Kitchen
ORD003226,CUST1825,2026-07-30,597.34,Grocery
ORD001073,CUST1073,2026-06-27,513.45,Beauty
ORD004816,CUST2048,2026-06-16,760.89,Beauty
ORD010309,CUST2441,2026-08-12,381.67,Grocery
ORD009853,CUST2426,2026-08-20,470.51,Grocery
ORD005753,CUST2156,2026-06-03,2946.91,Fashion
ORD011040,CUST2466,2026-09-22,1124.34,Fashion
ORD004617,CUST2026,2026-06-19,2496.38,Home & Kitchen
ORD003098,CUST1780,2026-05-11,868.69,Fashion
ORD011393,CUST2478,2026-08-18,1529.31,Home & Kitchen
ORD006870,CUST2269,2026-09-09,3651.67,Home & Kitchen
ORD001301,CUST1184,2026-02-21,509.17,Fashion
ORD007286,CUST2291,2026-05-10,7526.0,Electronics
ORD006285,CUST2221,2026-09-23,2103.72,Home & Kitchen
ORD010709,CUST2455,2026-07-04,674.43,Grocery
ORD005496,CUST2127,2026-07-02,1384.76,Fashion
ORD005292,CUST2103,2026-07-21,802.31,Beauty
ORD009601,CUST2414,2026-06-03,619.18,Grocery
ORD001799,CUST1352,2026-03-09,1161.85,Beauty
ORD009668,CUST2417,2026-09-01,1143.19,Fashion
ORD005204,CUST2093,2026-04-23,2667.13,Home & Kitchen
ORD008228,CUST2343,2026-09-17,741.43,Beauty
ORD005048,CUST2074,2026-09-16,1045.04,Beauty
ORD006442,CUST2240,2026-05-11,15776.03,Electronics
ORD008637,CUST2365,2026-07-18,1791.81,Fashion
ORD008106,CUST2335,2026-09-30,4774.29,Home & Kitchen
ORD002360,CUST1537,2026-09-23,3211.31,Fashion
ORD011331,CUST2476,2026-09-07,3388.18,Fashion
ORD003655,CUST1911,2026-08-07,1132.65,Fashion
ORD007053,CUST2279,2026-08-25,1101.1,Beauty
ORD001287,CUST1179,2026-09-17,2739.43,Home & Kitchen
ORD011016,CUST2466,2026-05-30,582.28,Beauty
ORD004446,CUST2007,2026-09-15,1302.72,Grocery
ORD002138,CUST1462,2026-05-02,1209.83,Fashion
ORD006788,CUST2265,2026-09-06,4644.33,Electronics
ORD009874,CUST2427,2026-07-11,2395.58,Home & Kitchen
ORD011778,CUST2492,2026-09-08,3886.38,Electronics
ORD010275,CUST2440,2026-08-16,3501.83,Fashion
ORD010824,CUST2459,2026-09-28,1580.07,Fashion
ORD006895,CUST2270,2026-08-28,1364.65,Beauty
ORD009885,CUST2427,2026-08-27,10881.4,Electronics
ORD010347,CUST2443,2026-08-22,6137.53,Electronics
ORD008565,CUST2361,2026-09-25,894.33,Home & Kitchen
ORD007152,CUST2284,2026-08-08,751.09,Grocery
ORD000964,CUST0964,2026-09-15,1447.17,Home & Kitchen
ORD006013,CUST2188,2026-08-22,549.94,Grocery
ORD004883,CUST2055,2026-05-29,2001.93,Fashion
ORD000141,CUST0141,2026-08-31,10664.94,Electronics
ORD010900,CUST2462,2026-09-14,597.35,Grocery
ORD008907,CUST2379,2026-09-27,659.75,Fashion
ORD006937,CUST2273,2026-08-05,2862.21,Home & Kitchen
ORD006543,CUST2252,2026-06-21,5519.35,Electronics
ORD005244,CUST2097,2026-09-14,6399.62,Electronics
ORD004432,CUST2005,2026-09-20,451.23,Grocery
ORD010807,CUST2459,2026-09-03,13059.72,Electronics
ORD000407,CUST0407,2026-09-18,19281.41,Electronics
ORD008213,CUST2342,2026-08-24,2167.97,Home & Kitchen
ORD009197,CUST2394,2026-09-23,238.07,Grocery
ORD010509,CUST2448,2026-07-29,672.31,Beauty
ORD010418,CUST2445,2026-08-03,2402.56,Home & Kitchen
ORD009136,CUST2391,2026-09-30,1005.02,Fashion
ORD008235,CUST2343,2026-09-19,2077.94,Home & Kitchen
ORD004400,CUST2001,2026-09-07,492.31,Grocery
ORD005253,CUST2098,2026-06-14,1846.53,Home & Kitchen
ORD000012,CUST0012,2026-05-07,4291.91,Home & Kitchen
ORD004761,CUST2042,2026-02-09,1327.87,Fashion
ORD001178,CUST1144,2026-09-25,1157.14,Fashion
ORD002864,CUST1704,2026-09-26,630.86,Grocery
ORD006472,CUST2243,2026-07-08,2866.32,Home & Kitchen
ORD006229,CUST2216,2026-07-08,6727.28,Electronics
ORD009219,CUST2396,2026-03-08,415.32,Beauty
ORD002990,CUST1746,2026-07-26,3287.74,Home & Kitchen
ORD009154,CUST2392,2026-09-29,1064.63,Home & Kitchen
ORD007118,CUST2283,2026-08-17,772.26,Fashion
ORD007011,CUST2277,2026-08-18,12769.04,Electronics
ORD010333,CUST2442,2026-07-01,6521.97,Electronics
ORD008928,CUST2380,2026-08-12,801.63,Grocery
ORD001441,CUST1231,2026-09-05,1341.78,Fashion
ORD011772,CUST2492,2026-09-03,3642.26,Home & Kitchen
ORD002876,CUST1708,2026-09-29,1415.25,Fashion
ORD009109,CUST2390,2026-05-26,6869.38,Home & Kitchen
ORD010980,CUST2464,2026-08-13,251.79,Grocery
ORD010621,CUST2452,2026-09-03,2470.93,Beauty
ORD007233,CUST2288,2026-09-13,14377.01,Electronics
ORD003727,CUST1920,2026-07-09,599.36,Beauty
ORD002773,CUST1673,2026-08-09,439.94,Grocery
ORD009817,CUST2425,2026-02-24,9458.63,Electronics
ORD000455,CUST0455,2026-09-25,10187.78,Electronics
ORD009014,CUST2384,2026-08-24,816.89,Grocery
ORD008190,CUST2340,2026-09-24,1736.89,Fashion
ORD001368,CUST1206,2026-09-26,3752.99,Home & Kitchen
ORD003713,CUST1918,2026-08-07,6350.87,Electronics
ORD011902,CUST2495,2026-09-22,776.35,Beauty
ORD001389,CUST1214,2026-09-07,387.62,Fashion
ORD009043,CUST2386,2026-06-18,4706.21,Electronics
ORD001001,CUST1001,2026-08-07,1466.95,Home & Kitchen
ORD007762,CUST2316,2026-06-29,1163.2,Grocery
ORD003554,CUST1898,2026-09-19,322.08,Grocery
ORD004115,CUST1967,2026-02-26,4209.7,Home & Kitchen
ORD009830,CUST2426,2026-05-11,16628.32,Electronics
ORD001668,CUST1305,2026-08-20,5637.61,Home & Kitchen
ORD003174,CUST1806,2026-08-20,968.62,Fashion
ORD009540,CUST2411,2026-08-23,3731.01,Electronics
ORD011352,CUST2477,2026-07-14,1317.29,Fashion
ORD000489,CUST0489,2026-05-25,435.43,Beauty
ORD003231,CUST1827,2026-05-27,4346.58,Electronics
ORD003829,CUST1933,2026-08-25,10243.57,Electronics
ORD010451,CUST2446,2026-07-06,11517.87,Electronics
ORD005209,CUST2094,2026-09-27,11604.88,Electronics
ORD007849,CUST2321,2026-02-24,9343.77,Electronics
ORD005705,CUST2150,2026-08-27,841.61,Fashion
ORD011647,CUST2488,2026-08-26,1974.93,Home & Kitchen
ORD008134,CUST2338,2026-09-15,764.69,Fashion
ORD000704,CUST0704,2026-03-14,1132.58,Fashion
ORD005106,CUST2081,2026-05-23,14227.38,Electronics
ORD010741,CUST2456,2026-09-17,4183.4,Electronics
ORD003292,CUST1849,2026-08-21,695.43,Home & Kitchen
ORD008126,CUST2337,2026-06-25,2648.17,Fashion
ORD009520,CUST2410,2026-08-08,1473.39,Home & Kitchen
ORD011636,CUST2487,2026-08-30,826.76,Grocery
ORD010888,CUST2461,2026-09-08,2187.06,Home & Kitchen
ORD004910,CUST2058,2026-09-30,699.43,Fashion
ORD004441,CUST2007,2026-09-02,8682.25,Electronics
ORD010988,CUST2464,2026-09-28,3921.32,Electronics
ORD000987,CUST0987,2026-09-05,628.25,Grocery
ORD011153,CUST2471,2026-08-07,1996.72,Home & Kitchen
ORD010937,CUST2463,2026-08-29,2491.79,Fashion
ORD007706,CUST2313,2026-08-28,2113.38,Fashion
ORD006258,CUST2219,2026-09-17,1999.43,Fashion
ORD006090,CUST2199,2026-09-12,576.26,Grocery
ORD005239,CUST2096,2026-09-27,637.77,Fashion
ORD001199,CUST1151,2026-07-03,492.21,Grocery
ORD009711,CUST2419,2026-09-13,1941.23,Fashion
ORD010945,CUST2463,2026-09-03,6456.44,Electronics
ORD007520,CUST2303,2026-06-13,2833.48,Home & Kitchen
ORD006813,CUST2266,2026-05-19,361.62,Grocery
ORD009992,CUST2430,2026-08-05,5895.86,Electronics
ORD009207,CUST2395,2026-07-12,386.98,Beauty
ORD008321,CUST2349,2026-09-18,4867.83,Electronics
ORD009557,CUST2412,2026-08-06,4091.71,Home & Kitchen
ORD007176,CUST2285,2026-09-01,481.57,Fashion
ORD004471,CUST2010,2026-08-18,1083.58,Fashion
ORD000892,CUST0892,2026-06-14,790.1,Beauty
ORD001970,CUST1407,2026-06-20,3605.7,Home & Kitchen
ORD005758,CUST2156,2026-08-10,729.22,Fashion
ORD006528,CUST2251,2026-04-17,6225.17,Electronics
ORD006295,CUST2222,2026-09-10,552.08,Fashion
ORD007596,CUST2307,2026-09-22,24064.7,Electronics
ORD009111,CUST2390,2026-06-23,8560.64,Electronics
ORD003250,CUST1834,2026-08-01,232.04,Grocery
ORD006571,CUST2253,2026-09-25,571.26,Grocery
ORD006639,CUST2257,2026-09-13,11324.29,Electronics
ORD007352,CUST2294,2026-09-12,470.92,Grocery
ORD011072,CUST2467,2026-09-16,5836.74,Electronics
ORD009401,CUST2404,2026-09-16,427.41,Grocery
ORD007474,CUST2301,2026-07-28,2283.24,Home & Kitchen
ORD011120,CUST2469,2026-09-28,10260.26,Electronics
ORD011163,CUST2471,2026-08-22,18431.4,Electronics
ORD001240,CUST1163,2026-09-28,575.2,Grocery
ORD002290,CUST1512,2026-09-22,1192.0,Beauty
ORD002741,CUST1663,2026-04-01,1887.12,Home & Kitchen
ORD008468,CUST2356,2026-09-14,385.99,Grocery
ORD004586,CUST2022,2026-09-07,3279.17,Fashion
ORD009228,CUST2396,2026-06-27,6874.22,Electronics
ORD001230,CUST1161,2026-09-26,1688.26,Fashion
ORD009201,CUST2395,2026-04-18,8796.93,Electronics
ORD006981,CUST2275,2026-08-30,4613.49,Electronics
ORD005179,CUST2089,2026-09-30,2773.99,Fashion
ORD004294,CUST1987,2026-09-23,8795.76,Electronics
ORD001059,CUST1059,2026-09-17,642.36,Grocery
ORD006263,CUST2219,2026-09-26,394.45,Beauty
ORD000282,CUST0282,2026-09-02,454.39,Beauty
ORD009236,CUST2396,2026-08-18,612.22,Beauty
ORD009509,CUST2410,2026-06-13,263.19,Beauty
ORD000969,CUST0969,2026-07-23,3518.11,Electronics
ORD003954,CUST1948,2026-09-18,1829.89,Beauty
ORD001940,CUST1396,2026-09-24,3106.7,Home & Kitchen
ORD010213,CUST2438,2026-07-20,1336.86,Beauty
ORD001275,CUST1175,2026-05-19,468.76,Grocery
ORD000620,CUST0620,2026-04-18,2794.17,Fashion
ORD010267,CUST2440,2026-07-15,3524.72,Electronics
ORD001743,CUST1331,2026-09-22,2871.07,Home & Kitchen
ORD001391,CUST1215,2026-08-20,1362.01,Fashion
ORD002204,CUST1485,2026-09-30,1085.69,Beauty
ORD009772,CUST2423,2026-07-27,1120.71,Grocery
ORD009848,CUST2426,2026-07-31,2021.0,Beauty
ORD003569,CUST1900,2026-09-04,2290.65,Home & Kitchen
ORD006117,CUST2203,2026-08-30,5478.71,Electronics
ORD012044,CUST2500,2026-08-11,1251.28,Fashion
ORD006053,CUST2193,2026-09-19,643.38,Grocery
ORD003179,CUST1808,2026-06-23,3659.8,Home & Kitchen
ORD003193,CUST1814,2026-03-05,951.78,Home & Kitchen
ORD009500,CUST2409,2026-09-20,522.77,Fashion
ORD006100,CUST2200,2026-09-15,501.01,Fashion
ORD007030,CUST2278,2026-08-14,1009.39,Grocery
ORD000576,CUST0576,2026-06-19,1407.88,Grocery
ORD006657,CUST2258,2026-09-18,1277.6,Home & Kitchen
ORD007116,CUST2282,2026-09-27,1641.65,Home & Kitchen
ORD010636,CUST2452,2026-09-26,4553.82,Electronics
ORD006277,CUST2220,2026-09-29,9900.34,Electronics
ORD009473,CUST2408,2026-07-31,1182.87,Fashion
ORD010847,CUST2460,2026-09-09,15794.96,Electronics
ORD005898,CUST2173,2026-09-29,3009.93,Electronics
ORD005725,CUST2153,2026-06-24,8645.79,Electronics
ORD000270,CUST0270,2026-09-06,1420.53,Home & Kitchen
ORD000630,CUST0630,2026-07-01,12355.69,Electronics
ORD003082,CUST1776,2026-06-10,1576.22,Home & Kitchen
ORD003467,CUST1888,2026-07-23,2449.99,Fashion
ORD006431,CUST2238,2026-09-09,465.04,Grocery
ORD011247,CUST2474,2026-02-15,26603.96,Electronics
ORD007063,CUST2280,2026-05-24,922.76,Fashion
ORD011749,CUST2491,2026-08-05,678.75,Fashion
ORD005544,CUST2133,2026-04-15,1449.79,Fashion
ORD004357,CUST1995,2026-09-16,464.51,Fashion
ORD011367,CUST2477,2026-09-22,4156.17,Home & Kitchen
ORD002114,CUST1455,2026-03-26,1165.41,Beauty
ORD008220,CUST2342,2026-09-04,7392.79,Electronics
ORD003217,CUST1823,2026-08-20,1716.9,Fashion
ORD003815,CUST1931,2026-09-30,519.23,Fashion
ORD008322,CUST2349,2026-09-18,1929.47,Home & Kitchen
ORD010370,CUST2444,2026-04-13,1140.28,Grocery
ORD002279,CUST1508,2026-09-18,3955.67,Fashion
ORD004600,CUST2024,2026-05-12,460.27,Grocery
ORD000014,CUST0014,2026-07-22,1519.13,Fashion
ORD011142,CUST2470,2026-08-16,6206.94,Electronics
ORD001526,CUST1257,2026-07-28,1050.34,Grocery
ORD002366,CUST1540,2026-02-07,475.31,Beauty
ORD004649,CUST2029,2026-09-04,161.99,Beauty
ORD000375,CUST0375,2026-02-08,803.89,Grocery
ORD010286,CUST2441,2026-02-25,615.16,Fashion
ORD006478,CUST2244,2026-08-21,1605.55,Home & Kitchen
ORD000526,CUST0526,2026-06-25,1390.34,Fashion
ORD009132,CUST2391,2026-09-22,5015.8,Electronics
ORD006896,CUST2270,2026-09-02,5092.42,Home & Kitchen
ORD003592,CUST1903,2026-07-09,2437.37,Home & Kitchen
ORD007905,CUST2324,2026-05-10,828.34,Beauty
ORD002959,CUST1735,2026-09-17,2562.57,Home & Kitchen
ORD000530,CUST0530,2026-04-06,871.28,Beauty
ORD003715,CUST1918,2026-09-06,548.5,Fashion
ORD004733,CUST2038,2026-09-13,1120.24,Fashion
ORD009462,CUST2407,2026-07-18,6299.54,Electronics
ORD001395,CUST1216,2026-09-14,524.45,Grocery
ORD009990,CUST2430,2026-07-26,676.93,Grocery
ORD009634,CUST2415,2026-09-26,4415.59,Home & Kitchen
ORD005632,CUST2142,2026-09-13,6251.25,Electronics
ORD009466,CUST2407,2026-08-20,567.32,Grocery
ORD006564,CUST2253,2026-08-17,786.16,Fashion
ORD004704,CUST2035,2026-09-18,876.59,Fashion
ORD001713,CUST1320,2026-09-29,383.66,Grocery
ORD011783,CUST2492,2026-09-10,6474.65,Electronics
ORD000956,CUST0956,2026-06-23,1312.06,Fashion
ORD006676,CUST2259,2026-08-31,2405.93,Beauty
ORD003454,CUST1886,2026-07-12,1136.26,Beauty
ORD009580,CUST2413,2026-08-21,743.21,Beauty
ORD008596,CUST2362,2026-09-08,345.79,Grocery
ORD002072,CUST1441,2026-02-02,2162.09,Fashion
ORD011764,CUST2491,2026-09-21,490.96,Beauty
ORD010170,CUST2436,2026-09-05,403.66,Grocery
ORD000159,CUST0159,2026-03-22,1395.92,Home & Kitchen
ORD007006,CUST2277,2026-06-10,807.01,Fashion
ORD009095,CUST2389,2026-08-26,6502.06,Electronics
ORD000353,CUST0353,2026-09-26,812.23,Fashion
ORD006079,CUST2198,2026-05-27,424.43,Beauty
ORD006237,CUST2216,2026-09-23,3918.19,Home & Kitchen
ORD008947,CUST2381,2026-08-08,482.78,Fashion
ORD012052,CUST2500,2026-08-26,5919.06,Electronics
ORD002921,CUST1723,2026-07-28,5191.99,Electronics
ORD008504,CUST2358,2026-05-10,1460.29,Home & Kitchen
ORD004645,CUST2029,2026-06-01,511.27,Grocery
ORD000662,CUST0662,2026-04-12,740.72,Fashion
ORD007058,CUST2279,2026-09-20,522.22,Grocery
ORD010182,CUST2437,2026-09-06,1215.61,Beauty
ORD003666,CUST1912,2026-09-07,465.5,Fashion
ORD007980,CUST2328,2026-09-04,31182.31,Electronics
ORD000307,CUST0307,2026-08-31,1585.79,Home & Kitchen
ORD004791,CUST2045,2026-09-08,1977.9,Home & Kitchen
ORD002357,CUST1537,2026-07-16,2889.5,Home & Kitchen
ORD001928,CUST1393,2026-08-21,3145.82,Home & Kitchen
ORD011274,CUST2474,2026-08-09,7134.01,Electronics
ORD003428,CUST1883,2026-08-13,478.22,Grocery
ORD008942,CUST2381,2026-06-04,5645.01,Home & Kitchen
ORD003639,CUST1909,2026-06-19,1131.97,Home & Kitchen
ORD001267,CUST1171,2026-09-14,2212.43,Fashion
ORD001561,CUST1269,2026-08-28,983.41,Beauty
ORD007180,CUST2285,2026-09-12,1909.39,Fashion
ORD004110,CUST1966,2026-08-27,463.1,Beauty
ORD007868,CUST2322,2026-03-22,1839.62,Beauty
ORD004905,CUST2058,2026-09-26,19492.41,Electronics
ORD007295,CUST2291,2026-07-31,768.08,Fashion
ORD000515,CUST0515,2026-03-28,409.14,Grocery
ORD000895,CUST0895,2026-07-26,2335.65,Home & Kitchen
ORD008602,CUST2363,2026-02-20,1020.84,Grocery
ORD000022,CUST0022,2026-06-24,3628.86,Home & Kitchen
ORD000900,CUST0900,2026-03-25,1820.82,Home & Kitchen
ORD000208,CUST0208,2026-06-25,1064.83,Beauty
ORD000459,CUST0459,2026-07-30,1027.12,Fashion
ORD010247,CUST2439,2026-07-24,8704.44,Electronics
ORD002431,CUST1561,2026-05-04,8874.89,Electronics
ORD008443,CUST2355,2026-07-12,1915.52,Fashion
ORD009300,CUST2399,2026-08-14,11276.44,Electronics
ORD003390,CUST1879,2026-08-18,409.85,Fashion
ORD009906,CUST2428,2026-04-30,1342.25,Fashion
ORD003912,CUST1942,2026-09-17,7566.89,Electronics
ORD005384,CUST2113,2026-07-23,802.56,Beauty
ORD008908,CUST2379,2026-09-27,8297.5,Electronics
ORD000553,CUST0553,2026-01-22,441.45,Beauty
ORD009632,CUST2415,2026-09-10,1639.66,Beauty
ORD003145,CUST1796,2026-05-04,592.65,Grocery
ORD006918,CUST2271,2026-09-14,9253.28,Electronics
ORD002057,CUST1435,2026-08-17,583.58,Beauty
ORD001926,CUST1393,2026-06-06,319.99,Grocery
ORD000635,CUST0635,2026-03-18,425.61,Grocery
ORD006083,CUST2198,2026-09-05,371.43,Grocery
ORD008509,CUST2358,2026-06-26,3019.71,Home & Kitchen
ORD011197,CUST2472,2026-09-24,1260.75,Home & Kitchen
ORD011693,CUST2489,2026-08-15,1210.35,Home & Kitchen
ORD008620,CUST2364,2026-09-29,598.21,Grocery
ORD010375,CUST2444,2026-05-06,2371.59,Grocery
ORD000106,CUST0106,2026-09-20,1931.7,Beauty
ORD003042,CUST1763,2026-04-18,6789.66,Electronics
ORD001710,CUST1320,2026-09-04,423.26,Beauty
ORD000090,CUST0090,2026-03-08,9281.41,Electronics
ORD007015,CUST2277,2026-09-13,308.52,Grocery
ORD003175,CUST1807,2026-07-30,332.27,Grocery
ORD000918,CUST0918,2026-09-29,1024.53,Fashion
ORD007834,CUST2320,2026-09-13,4770.85,Electronics
ORD006733,CUST2261,2026-09-12,1142.59,Fashion
ORD001950,CUST1400,2026-07-19,822.9,Beauty
ORD006369,CUST2231,2026-07-11,4591.18,Electronics
ORD000002,CUST0002,2026-07-28,3823.46,Electronics
ORD008033,CUST2331,2026-08-16,16145.76,Electronics
ORD006048,CUST2193,2026-08-02,660.66,Grocery
ORD009128,CUST2391,2026-09-09,345.13,Grocery
ORD011680,CUST2489,2026-06-17,5149.02,Electronics
ORD002721,CUST1657,2026-01-08,683.05,Grocery
ORD008784,CUST2372,2026-09-22,1964.43,Home & Kitchen
ORD011851,CUST2494,2026-05-20,7045.39,Electronics
ORD003118,CUST1786,2026-06-06,23769.46,Electronics
ORD011435,CUST2479,2026-09-10,9533.09,Electronics
ORD009769,CUST2422,2026-09-04,13037.28,Electronics
ORD003763,CUST1924,2026-06-21,1147.58,Fashion
ORD000214,CUST0214,2026-01-02,1790.35,Home & Kitchen
ORD000779,CUST0779,2026-02-06,5738.13,Electronics
ORD003497,CUST1892,2026-05-11,1467.1,Home & Kitchen
ORD010652,CUST2453,2026-07-29,2091.72,Home & Kitchen
ORD002044,CUST1431,2026-08-09,1821.48,Fashion
ORD008921,CUST2380,2026-07-08,4404.2,Electronics
ORD005421,CUST2118,2026-09-06,922.02,Fashion
ORD006155,CUST2207,2026-09-15,1971.32,Fashion
ORD009760,CUST2422,2026-07-21,2799.74,Home & Kitchen
ORD008358,CUST2351,2026-07-04,587.59,Grocery
ORD010523,CUST2448,2026-08-28,2489.75,Beauty
ORD010206,CUST2438,2026-06-29,10773.61,Electronics
ORD008466,CUST2356,2026-09-04,10140.7,Electronics
ORD004168,CUST1973,2026-04-29,557.16,Fashion
ORD003789,CUST1927,2026-07-13,5970.61,Electronics
ORD008587,CUST2362,2026-07-14,670.69,Grocery
ORD000584,CUST0584,2026-03-20,3645.17,Electronics
ORD011971,CUST2497,2026-09-23,372.43,Grocery
ORD012062,CUST2500,2026-09-14,1554.26,Home & Kitchen
ORD000117,CUST0117,2026-06-29,2841.77,Home & Kitchen
ORD006645,CUST2257,2026-09-21,1715.14,Fashion
ORD010901,CUST2462,2026-09-14,7059.29,Electronics
ORD012018,CUST2499,2026-03-30,4283.46,Fashion
ORD011796,CUST2492,2026-09-19,1858.25,Home & Kitchen
ORD010815,CUST2459,2026-09-14,1002.85,Beauty
ORD008713,CUST2368,2026-09-18,707.31,Grocery
ORD001764,CUST1339,2026-09-03,737.76,Grocery
ORD001876,CUST1379,2026-07-20,618.34,Grocery
ORD003225,CUST1825,2026-07-22,336.52,Grocery
ORD000527,CUST0527,2026-03-15,5481.53,Electronics
ORD007726,CUST2314,2026-09-20,628.1,Fashion
ORD002947,CUST1732,2026-08-17,591.4,Fashion
ORD004474,CUST2010,2026-09-23,1940.86,Home & Kitchen
ORD005656,CUST2145,2026-04-15,440.13,Fashion
ORD008885,CUST2377,2026-08-19,5704.63,Fashion
ORD006060,CUST2195,2026-07-11,1858.62,Fashion
ORD000960,CUST0960,2026-09-25,603.4,Fashion
ORD006343,CUST2228,2026-06-29,1351.95,Fashion
ORD003634,CUST1908,2026-09-02,5215.5,Electronics
ORD001051,CUST1051,2026-01-17,1375.16,Beauty
ORD008783,CUST2372,2026-09-21,1126.22,Fashion
ORD008712,CUST2368,2026-09-15,897.19,Beauty
ORD003381,CUST1877,2026-09-05,794.83,Fashion
ORD003677,CUST1914,2026-08-04,2623.79,Home & Kitchen
ORD005777,CUST2158,2026-09-26,7876.81,Home & Kitchen
ORD010914,CUST2462,2026-09-25,4168.55,Home & Kitchen
ORD006574,CUST2253,2026-09-28,7053.23,Electronics
ORD005180,CUST2090,2026-03-22,3514.92,Electronics
ORD001608,CUST1285,2026-09-07,606.13,Beauty
ORD003611,CUST1906,2026-09-05,1842.43,Home & Kitchen
ORD011786,CUST2492,2026-09-12,594.44,Grocery
ORD006636,CUST2257,2026-09-09,2878.38,Home & Kitchen
ORD012079,CUST2500,2026-09-25,5482.22,Home & Kitchen
ORD010002,CUST2430,2026-09-05,11915.37,Electronics
ORD000792,CUST0792,2026-01-19,763.24,Grocery
ORD008985,CUST2383,2026-07-07,2773.46,Home & Kitchen
ORD003057,CUST1768,2026-03-31,5893.55,Electronics
ORD010048,CUST2432,2026-08-14,2016.05,Home & Kitchen
ORD001981,CUST1411,2026-08-04,306.64,Fashion
ORD003599,CUST1904,2026-07-02,1943.11,Home & Kitchen
ORD000934,CUST0934,2026-07-05,1608.82,Fashion
ORD007425,CUST2298,2026-04-18,569.79,Fashion
ORD005627,CUST2141,2026-09-21,2496.27,Home & Kitchen
ORD001683,CUST1310,2026-03-27,750.48,Grocery
ORD004180,CUST1974,2026-07-21,1532.43,Home & Kitchen
ORD006447,CUST2240,2026-06-28,14515.81,Electronics
ORD004117,CUST1967,2026-03-20,3566.48,Electronics
ORD000989,CUST0989,2026-03-30,5110.25,Electronics
ORD002897,CUST1715,2026-08-28,1180.3,Grocery
ORD003779,CUST1926,2026-08-03,975.98,Grocery
ORD005659,CUST2145,2026-06-30,1211.44,Beauty
ORD003094,CUST1779,2026-09-22,396.68,Beauty
ORD003156,CUST1800,2026-09-01,8297.02,Electronics
ORD001824,CUST1361,2026-05-21,560.97,Grocery
ORD011627,CUST2487,2026-08-01,10388.09,Electronics
ORD001099,CUST1099,2026-05-25,388.57,Grocery
ORD002845,CUST1697,2026-09-18,499.63,Fashion
ORD009079,CUST2388,2026-08-31,8642.27,Electronics
ORD003343,CUST1867,2026-09-02,672.7,Fashion
ORD000039,CUST0039,2026-08-11,597.69,Grocery
ORD006541,CUST2252,2026-06-13,1211.68,Grocery
ORD011294,CUST2475,2026-08-16,4012.06,Electronics
ORD008708,CUST2368,2026-08-29,8806.78,Electronics
ORD003357,CUST1872,2026-09-12,2057.02,Home & Kitchen
ORD009646,CUST2416,2026-08-11,2159.24,Fashion
ORD007814,CUST2319,2026-04-01,4848.22,Electronics
ORD009099,CUST2389,2026-09-14,479.79,Grocery
ORD008221,CUST2342,2026-09-06,3724.05,Home & Kitchen
ORD011144,CUST2470,2026-08-22,6986.82,Electronics
ORD002429,CUST1560,2026-06-11,749.34,Beauty
ORD005044,CUST2073,2026-09-06,331.41,Fashion
ORD005347,CUST2109,2026-09-27,1251.5,Fashion
ORD008955,CUST2381,2026-09-15,265.83,Grocery
ORD004812,CUST2047,2026-09-18,8649.34,Electronics
ORD008477,CUST2357,2026-03-27,1052.7,Fashion
ORD000687,CUST0687,2026-04-11,900.28,Beauty
ORD004800,CUST2046,2026-08-29,440.66,Grocery
ORD007438,CUST2298,2026-08-26,1498.07,Fashion
ORD002354,CUST1536,2026-08-25,1188.97,Fashion
ORD006354,CUST2229,2026-09-24,215.85,Grocery
ORD004570,CUST2020,2026-09-15,26783.23,Electronics
ORD008214,CUST2342,2026-08-24,4075.0,Electronics
ORD002753,CUST1667,2026-01-22,1194.22,Beauty
ORD009078,CUST2388,2026-08-16,1974.51,Home & Kitchen
ORD008074,CUST2333,2026-09-14,1922.53,Home & Kitchen
ORD009110,CUST2390,2026-06-08,4306.54,Home & Kitchen
ORD001041,CUST1041,2026-07-15,741.21,Grocery
ORD007492,CUST2302,2026-09-10,322.37,Grocery
ORD001266,CUST1171,2026-08-19,1562.73,Fashion
ORD011190,CUST2472,2026-09-22,1441.49,Fashion
ORD007060,CUST2280,2026-04-07,6774.99,Electronics
ORD000278,CUST0278,2026-01-06,602.54,Grocery
ORD005085,CUST2078,2026-09-18,2395.14,Fashion
ORD010277,CUST2440,2026-08-20,804.89,Fashion
ORD009438,CUST2406,2026-07-16,5833.22,Electronics
ORD002383,CUST1546,2026-06-14,269.07,Fashion
ORD000572,CUST0572,2026-05-01,919.63,Beauty
ORD001436,CUST1229,2026-07-31,652.35,Fashion
ORD009440,CUST2406,2026-08-14,4808.65,Home & Kitchen
ORD005353,CUST2110,2026-08-22,861.47,Beauty
ORD005446,CUST2121,2026-09-11,5938.73,Electronics
ORD001008,CUST1008,2026-08-12,685.02,Fashion
ORD004544,CUST2017,2026-09-23,2114.86,Home & Kitchen
ORD010651,CUST2453,2026-07-19,3644.4,Fashion
ORD002065,CUST1438,2026-01-02,2781.39,Fashion
ORD001137,CUST1129,2026-09-29,2369.4,Electronics
ORD009883,CUST2427,2026-08-22,7315.85,Electronics
ORD005344,CUST2109,2026-06-10,1331.48,Home & Kitchen
ORD010178,CUST2437,2026-09-02,5487.09,Electronics
ORD000295,CUST0295,2026-09-21,461.56,Fashion
ORD009740,CUST2420,2026-09-29,3875.08,Home & Kitchen
ORD010205,CUST2438,2026-06-22,959.72,Beauty
ORD008781,CUST2372,2026-09-20,1703.24,Fashion
ORD002404,CUST1553,2026-08-18,873.18,Beauty
ORD010322,CUST2442,2026-04-10,1060.36,Beauty
ORD003999,CUST1953,2026-09-05,366.68,Fashion
ORD011264,CUST2474,2026-06-19,4501.83,Electronics
ORD003742,CUST1922,2026-08-17,775.76,Home & Kitchen
ORD011139,CUST2470,2026-07-03,995.36,Grocery
ORD002720,CUST1656,2026-08-23,2353.29,Home & Kitchen
ORD011114,CUST2469,2026-09-16,2464.48,Home & Kitchen
ORD005151,CUST2087,2026-09-03,720.53,Grocery
ORD002809,CUST1685,2026-09-03,825.4,Beauty
ORD009018,CUST2384,2026-09-23,1954.8,Home & Kitchen
ORD000557,CUST0557,2026-08-08,242.97,Beauty
ORD010776,CUST2457,2026-09-08,313.88,Beauty
ORD004796,CUST2046,2026-06-25,710.83,Grocery
ORD002470,CUST1573,2026-02-14,1205.9,Fashion
ORD003739,CUST1921,2026-09-23,1469.49,Fashion
ORD004287,CUST1986,2026-09-13,8449.64,Electronics
ORD009909,CUST2428,2026-05-10,19549.81,Electronics
ORD002605,CUST1618,2026-08-23,2899.85,Home & Kitchen
ORD000363,CUST0363,2026-05-18,833.9,Fashion
ORD006925,CUST2272,2026-06-27,989.98,Fashion
ORD001705,CUST1318,2026-01-26,547.18,Grocery
ORD002140,CUST1463,2026-09-01,6583.27,Electronics
ORD003240,CUST1830,2026-04-25,610.28,Fashion
ORD002384,CUST1547,2026-08-09,1899.49,Home & Kitchen
ORD007315,CUST2292,2026-06-25,1965.1,Home & Kitchen
ORD004312,CUST1989,2026-08-31,4182.13,Home & Kitchen
ORD009478,CUST2408,2026-09-16,7249.51,Electronics
ORD001313,CUST1188,2026-06-12,299.27,Grocery
ORD011383,CUST2478,2026-07-19,3026.54,Beauty
ORD003931,CUST1944,2026-09-05,2673.51,Home & Kitchen
ORD006184,CUST2210,2026-09-08,669.29,Grocery
ORD001592,CUST1279,2026-08-23,951.26,Fashion
ORD011509,CUST2482,2026-08-22,554.76,Grocery
ORD002163,CUST1471,2026-08-29,939.18,Fashion
ORD002397,CUST1551,2026-09-12,864.47,Fashion
ORD000318,CUST0318,2026-06-20,1147.6,Fashion
ORD009517,CUST2410,2026-07-27,2646.28,Home & Kitchen
ORD005234,CUST2096,2026-07-24,918.03,Beauty
ORD005069,CUST2077,2026-06-30,2220.46,Fashion
ORD004037,CUST1957,2026-09-25,10139.71,Electronics
ORD008988,CUST2383,2026-07-18,11749.96,Electronics
ORD003021,CUST1756,2026-08-20,2660.65,Home & Kitchen
ORD009904,CUST2428,2026-04-25,6421.64,Electronics
ORD008229,CUST2343,2026-09-17,9074.04,Electronics
ORD009106,CUST2390,2026-04-14,1640.72,Fashion
ORD005296,CUST2103,2026-09-02,2074.76,Fashion
ORD003973,CUST1950,2026-09-24,5897.73,Electronics
ORD005371,CUST2112,2026-08-15,9511.98,Electronics
ORD004134,CUST1969,2026-06-13,549.61,Beauty
ORD000975,CUST0975,2026-03-24,536.12,Beauty
ORD007292,CUST2291,2026-07-16,17491.82,Electronics
ORD009176,CUST2393,2026-09-10,7930.38,Electronics
ORD000955,CUST0955,2026-02-07,3556.16,Home & Kitchen
ORD009611,CUST2414,2026-08-24,9579.2,Electronics
ORD009753,CUST2421,2026-09-15,700.91,Beauty
ORD009548,CUST2412,2026-04-28,1866.85,Home & Kitchen
ORD011240,CUST2473,2026-09-03,4439.09,Electronics
ORD005017,CUST2070,2026-09-17,5525.69,Electronics
ORD011754,CUST2491,2026-08-19,2294.59,Home & Kitchen
ORD009180,CUST2393,2026-09-24,645.24,Grocery
ORD007491,CUST2301,2026-09-27,13552.05,Electronics
ORD001641,CUST1296,2026-09-25,2690.34,Fashion
ORD001291,CUST1180,2026-09-18,1222.47,Home & Kitchen
ORD001381,CUST1211,2026-07-10,4447.1,Electronics
ORD001934,CUST1395,2026-05-28,1953.35,Fashion
ORD004676,CUST2032,2026-03-06,477.43,Grocery
ORD010223,CUST2438,2026-08-28,6224.57,Electronics
ORD000893,CUST0893,2026-09-05,1485.81,Beauty
ORD007288,CUST2291,2026-06-17,1335.94,Home & Kitchen
ORD004877,CUST2054,2026-04-25,2003.14,Home & Kitchen
ORD007907,CUST2324,2026-06-05,5043.34,Electronics
ORD008195,CUST2340,2026-09-29,5316.96,Electronics
ORD011330,CUST2476,2026-09-05,18985.02,Electronics
ORD010302,CUST2441,2026-07-15,6185.7,Home & Kitchen
ORD009042,CUST2386,2026-06-15,3324.36,Electronics
ORD002467,CUST1572,2026-09-09,709.19,Fashion
ORD007658,CUST2310,2026-09-12,1814.61,Home & Kitchen
ORD010107,CUST2434,2026-05-22,8663.51,Electronics
ORD009789,CUST2423,2026-09-19,3969.73,Home & Kitchen
ORD001914,CUST1389,2026-09-25,449.47,Beauty
ORD002737,CUST1661,2026-09-25,1600.63,Home & Kitchen
ORD000727,CUST0727,2026-08-03,4576.36,Electronics
ORD007215,CUST2287,2026-09-17,4464.42,Electronics
ORD008246,CUST2343,2026-09-30,5033.76,Electronics
ORD001797,CUST1351,2026-08-02,799.03,Grocery
ORD003846,CUST1935,2026-03-27,4665.45,Electronics
ORD006403,CUST2235,2026-08-20,500.71,Grocery
ORD000937,CUST0937,2026-06-02,723.12,Fashion
ORD002266,CUST1504,2026-09-25,2279.93,Home & Kitchen
ORD000825,CUST0825,2026-08-14,496.93,Beauty
ORD007275,CUST2290,2026-09-17,594.14,Grocery
ORD001390,CUST1214,2026-09-23,15172.79,Electronics
ORD003565,CUST1899,2026-09-25,1868.39,Fashion
ORD009077,CUST2388,2026-08-15,11644.91,Electronics
ORD005430,CUST2119,2026-09-30,1017.27,Fashion
ORD007828,CUST2320,2026-09-01,821.52,Home & Kitchen
ORD005691,CUST2149,2026-07-08,503.77,Fashion
ORD007879,CUST2322,2026-07-29,4825.22,Home & Kitchen
ORD001869,CUST1376,2026-06-22,17586.33,Electronics
ORD008203,CUST2341,2026-08-09,547.07,Fashion
ORD007487,CUST2301,2026-09-17,1364.36,Fashion
ORD009656,CUST2417,2026-03-27,1271.22,Fashion
ORD000807,CUST0807,2026-07-02,1653.13,Fashion
ORD004806,CUST2047,2026-07-14,658.27,Grocery
ORD010661,CUST2453,2026-09-18,7161.66,Electronics
ORD010301,CUST2441,2026-07-12,662.65,Beauty
ORD011048,CUST2467,2026-07-11,500.55,Grocery
ORD012026,CUST2499,2026-06-11,1672.99,Beauty
ORD010427,CUST2445,2026-09-09,347.78,Fashion
ORD009156,CUST2392,2026-09-30,422.02,Beauty
ORD007512,CUST2303,2026-03-10,2425.74,Home & Kitchen
ORD008057,CUST2332,2026-08-31,1445.76,Home & Kitchen
ORD004495,CUST2012,2026-09-30,274.56,Grocery
ORD002633,CUST1626,2026-09-29,815.66,Fashion
ORD010748,CUST2456,2026-09-20,14873.11,Electronics
ORD008897,CUST2378,2026-09-22,1010.25,Beauty
ORD008624,CUST2364,2026-09-29,1324.51,Fashion
ORD007833,CUST2320,2026-09-12,2756.66,Home & Kitchen
ORD004389,CUST2000,2026-04-06,3209.83,Home & Kitchen
ORD000146,CUST0146,2026-08-06,884.65,Fashion
ORD006468,CUST2242,2026-09-10,1888.36,Fashion
ORD002034,CUST1428,2026-09-30,677.99,Fashion
ORD012025,CUST2499,2026-06-03,20216.36,Electronics
ORD001166,CUST1140,2026-08-02,3325.4,Electronics
ORD002051,CUST1433,2026-09-21,1610.53,Home & Kitchen
ORD003761,CUST1924,2026-05-12,2364.78,Home & Kitchen
ORD004436,CUST2006,2026-08-08,834.03,Fashion
ORD003431,CUST1883,2026-09-28,5322.36,Electronics
ORD008191,CUST2340,2026-09-26,1711.52,Home & Kitchen
ORD010582,CUST2451,2026-06-29,2981.54,Home & Kitchen
ORD007070,CUST2280,2026-07-20,892.2,Home & Kitchen
ORD004362,CUST1996,2026-09-28,5400.3,Electronics
ORD009455,CUST2407,2026-06-02,5985.06,Electronics
ORD001772,CUST1342,2026-03-01,7790.19,Electronics
ORD003512,CUST1894,2026-08-08,351.59,Grocery
ORD000272,CUST0272,2026-04-15,266.48,Grocery
ORD008437,CUST2355,2026-04-20,1676.31,Fashion
ORD002033,CUST1428,2026-09-30,2101.74,Home & Kitchen
ORD009006,CUST2384,2026-05-15,651.8,Grocery
ORD011676,CUST2489,2026-06-05,1622.56,Fashion
ORD003811,CUST1931,2026-09-15,537.86,Beauty
ORD009997,CUST2430,2026-08-16,477.14,Grocery
ORD004347,CUST1993,2026-09-30,783.33,Grocery
ORD000546,CUST0546,2026-08-19,670.55,Beauty
ORD003242,CUST1831,2026-01-19,3620.67,Fashion
ORD008931,CUST2380,2026-08-24,669.47,Fashion
ORD008503,CUST2358,2026-04-26,497.04,Fashion
ORD009324,CUST2400,2026-09-20,9301.88,Electronics
ORD011978,CUST2498,2026-06-14,1096.36,Fashion
ORD007565,CUST2306,2026-04-15,945.76,Beauty
ORD000921,CUST0921,2026-04-05,2045.96,Fashion
ORD011007,CUST2465,2026-09-18,6900.11,Electronics
ORD006641,CUST2257,2026-09-18,2286.31,Home & Kitchen
ORD007695,CUST2313,2026-05-25,2509.05,Home & Kitchen
ORD008231,CUST2343,2026-09-19,3382.47,Home & Kitchen
ORD007127,CUST2283,2026-09-12,943.78,Fashion
ORD004279,CUST1986,2026-08-22,747.86,Fashion
ORD002984,CUST1744,2026-08-26,2994.79,Home & Kitchen
ORD000131,CUST0131,2026-05-30,434.49,Beauty
ORD007981,CUST2328,2026-09-17,2700.51,Fashion
ORD002668,CUST1637,2026-08-29,4533.06,Electronics
ORD007139,CUST2284,2026-04-21,3285.02,Home & Kitchen
ORD003224,CUST1825,2026-07-20,2359.6,Fashion
ORD009375,CUST2403,2026-08-18,823.47,Home & Kitchen
ORD007694,CUST2312,2026-09-25,3155.38,Home & Kitchen
ORD005393,CUST2114,2026-09-30,2071.89,Home & Kitchen
ORD000615,CUST0615,2026-09-30,1292.43,Fashion
ORD011962,CUST2497,2026-09-06,539.92,Fashion
ORD001467,CUST1239,2026-09-21,359.78,Beauty
ORD004498,CUST2013,2026-08-12,614.58,Grocery
ORD003043,CUST1763,2026-05-15,3818.17,Electronics
ORD009127,CUST2391,2026-09-09,397.47,Grocery
ORD002420,CUST1558,2026-06-28,1247.16,Home & Kitchen
ORD005086,CUST2078,2026-09-24,2794.26,Electronics
ORD003295,CUST1851,2026-06-17,3046.15,Electronics
ORD006738,CUST2262,2026-08-23,694.65,Beauty
ORD001501,CUST1249,2026-07-06,481.15,Fashion
ORD009019,CUST2384,2026-09-30,493.83,Grocery
ORD001522,CUST1256,2026-06-10,696.9,Beauty
ORD011006,CUST2465,2026-09-14,6574.58,Electronics
ORD004233,CUST1980,2026-08-02,3462.0,Home & Kitchen
ORD007687,CUST2312,2026-07-24,414.86,Grocery
ORD008821,CUST2374,2026-08-06,856.79,Fashion
ORD004431,CUST2005,2026-09-18,728.28,Grocery
ORD000391,CUST0391,2026-08-10,1456.59,Fashion
ORD011912,CUST2495,2026-09-28,728.58,Grocery
ORD007125,CUST2283,2026-09-08,3231.86,Fashion
ORD005914,CUST2175,2026-09-28,818.1,Fashion
ORD008593,CUST2362,2026-08-25,7616.35,Electronics
ORD004807,CUST2047,2026-08-10,9096.43,Electronics
ORD011452,CUST2480,2026-08-29,2787.78,Home & Kitchen
ORD008239,CUST2343,2026-09-21,10042.02,Electronics
ORD008045,CUST2332,2026-06-27,651.12,Beauty
ORD011814,CUST2493,2026-09-28,316.68,Grocery
ORD003994,CUST1953,2026-07-24,1096.28,Fashion
ORD011538,CUST2484,2026-05-17,2949.98,Fashion
ORD006610,CUST2256,2026-07-11,3097.32,Home & Kitchen
ORD005320,CUST2106,2026-09-23,8185.19,Electronics
ORD011888,CUST2495,2026-09-11,5521.28,Electronics
ORD007120,CUST2283,2026-08-19,361.99,Beauty
ORD002422,CUST1558,2026-09-13,1936.64,Home & Kitchen
ORD005605,CUST2139,2026-08-23,4425.28,Home & Kitchen
ORD001751,CUST1334,2026-07-26,260.25,Grocery
ORD010882,CUST2461,2026-08-12,40155.32,Electronics
ORD011739,CUST2490,2026-09-27,4871.33,Electronics
ORD000339,CUST0339,2026-06-19,771.41,Grocery
ORD008408,CUST2354,2026-03-05,1782.23,Home & Kitchen
ORD001342,CUST1198,2026-03-12,7475.72,Home & Kitchen
ORD011530,CUST2483,2026-09-23,1408.7,Fashion
ORD007983,CUST2328,2026-09-30,2418.23,Home & Kitchen
ORD003641,CUST1909,2026-07-04,5610.93,Home & Kitchen
ORD000330,CUST0330,2026-07-15,3705.71,Electronics
ORD010665,CUST2454,2026-09-10,9856.91,Electronics
ORD003005,CUST1751,2026-07-20,1273.42,Home & Kitchen
ORD006961,CUST2274,2026-07-31,708.43,Fashion
ORD004091,CUST1964,2026-08-26,354.82,Grocery
ORD009829,CUST2426,2026-05-09,890.79,Beauty
ORD002323,CUST1524,2026-08-28,1054.86,Beauty
ORD006668,CUST2258,2026-09-29,497.29,Fashion
ORD007010,CUST2277,2026-07-19,2661.14,Fashion
ORD004198,CUST1976,2026-07-03,4514.17,Electronics
ORD003550,CUST1898,2026-09-13,4423.39,Home & Kitchen
ORD009651,CUST2416,2026-09-07,7957.5,Electronics
ORD008364,CUST2351,2026-08-19,614.77,Fashion
ORD004204,CUST1977,2026-07-10,700.19,Fashion
ORD011246,CUST2474,2026-01-28,697.52,Grocery
ORD011074,CUST2467,2026-09-19,334.29,Grocery
ORD006186,CUST2210,2026-09-18,5746.97,Electronics
ORD001640,CUST1296,2026-09-12,2247.54,Fashion
ORD009131,CUST2391,2026-09-17,1899.27,Home & Kitchen
ORD000061,CUST0061,2026-06-16,1250.91,Fashion
ORD001241,CUST1163,2026-09-28,480.54,Beauty
ORD005761,CUST2157,2026-02-15,931.63,Home & Kitchen
ORD005137,CUST2084,2026-08-19,576.02,Beauty
ORD002344,CUST1533,2026-09-27,882.69,Beauty
ORD002121,CUST1457,2026-09-27,2326.98,Home & Kitchen
ORD001525,CUST1257,2026-07-20,9163.32,Electronics
ORD007618,CUST2308,2026-08-19,1304.02,Fashion
ORD000154,CUST0154,2026-07-17,984.06,Beauty
ORD000482,CUST0482,2026-02-06,1992.8,Fashion
ORD006123,CUST2203,2026-09-25,11822.06,Electronics
ORD007675,CUST2311,2026-09-09,3408.03,Home & Kitchen
ORD007102,CUST2282,2026-08-31,1208.36,Fashion
ORD001763,CUST1339,2026-08-27,1079.38,Fashion
ORD008943,CUST2381,2026-06-30,851.56,Fashion
ORD007716,CUST2314,2026-08-25,2002.34,Home & Kitchen
ORD009978,CUST2430,2026-06-01,13331.98,Electronics
ORD010960,CUST2464,2026-02-14,4910.16,Electronics
ORD007480,CUST2301,2026-08-18,1710.49,Fashion
ORD006213,CUST2214,2026-09-13,566.25,Grocery
ORD004854,CUST2052,2026-09-20,1429.53,Home & Kitchen
ORD002712,CUST1653,2026-08-21,5722.42,Fashion
ORD006767,CUST2263,2026-09-22,367.21,Grocery
ORD004151,CUST1971,2026-08-31,1541.93,Grocery
ORD001334,CUST1195,2026-09-26,942.04,Beauty
ORD011365,CUST2477,2026-09-21,749.55,Beauty
ORD008379,CUST2352,2026-08-18,9286.55,Electronics
ORD009329,CUST2401,2026-09-16,3289.47,Electronics
ORD011341,CUST2476,2026-09-29,8715.07,Electronics
ORD011726,CUST2490,2026-08-23,3711.06,Home & Kitchen
ORD010251,CUST2439,2026-08-22,1618.89,Fashion
ORD011010,CUST2465,2026-09-29,964.8,Grocery
ORD003851,CUST1935,2026-06-28,4472.29,Electronics
ORD008341,CUST2350,2026-09-05,2841.9,Home & Kitchen
ORD004125,CUST1968,2026-06-26,303.46,Fashion
ORD010820,CUST2459,2026-09-23,6744.23,Electronics
ORD004789,CUST2045,2026-08-14,1110.24,Grocery
ORD002867,CUST1705,2026-07-10,1133.59,Fashion
ORD001387,CUST1213,2026-08-25,8711.75,Fashion
ORD005942,CUST2179,2026-08-11,5470.97,Home & Kitchen
ORD003068,CUST1771,2026-08-06,1687.81,Fashion
ORD010933,CUST2463,2026-08-20,12011.22,Home & Kitchen
ORD003630,CUST1907,2026-07-31,15618.97,Electronics
ORD011424,CUST2479,2026-06-23,8839.86,Electronics
ORD010803,CUST2459,2026-08-30,2181.83,Home & Kitchen
ORD003029,CUST1759,2026-08-01,376.53,Beauty
ORD002970,CUST1739,2026-07-04,405.42,Grocery
ORD009901,CUST2427,2026-09-29,823.26,Beauty
ORD008647,CUST2365,2026-09-16,5015.72,Electronics
ORD006137,CUST2205,2026-09-25,5102.92,Home & Kitchen
ORD008802,CUST2372,2026-09-30,511.92,Grocery
ORD004264,CUST1984,2026-08-17,724.39,Grocery
ORD000646,CUST0646,2026-01-08,454.66,Beauty
ORD011664,CUST2488,2026-09-20,2711.38,Electronics
ORD002075,CUST1442,2026-07-05,2943.04,Fashion
ORD000342,CUST0342,2026-06-13,1226.45,Beauty
ORD008042,CUST2331,2026-09-26,1486.88,Fashion
ORD001623,CUST1291,2026-03-14,534.11,Fashion
ORD007142,CUST2284,2026-05-11,8441.64,Electronics
ORD005797,CUST2161,2026-09-21,2079.36,Home & Kitchen
ORD007185,CUST2286,2026-05-21,1938.78,Home & Kitchen
ORD011267,CUST2474,2026-07-03,7765.51,Electronics
ORD008233,CUST2343,2026-09-19,1098.67,Fashion
ORD005476,CUST2124,2026-09-20,3009.25,Home & Kitchen
ORD010282,CUST2440,2026-09-04,5657.23,Electronics
ORD010368,CUST2444,2026-03-23,1901.34,Fashion
ORD011176,CUST2471,2026-09-21,6193.79,Electronics
ORD000075,CUST0075,2026-01-11,2665.87,Home & Kitchen
ORD011952,CUST2497,2026-08-13,2270.35,Home & Kitchen
ORD010269,CUST2440,2026-07-31,8439.47,Electronics
ORD008634,CUST2365,2026-05-03,849.73,Fashion
ORD011146,CUST2470,2026-08-31,1318.42,Fashion
ORD002052,CUST1433,2026-09-27,2215.91,Home & Kitchen
ORD002542,CUST1597,2026-01-03,9134.87,Electronics
ORD001302,CUST1184,2026-05-06,1994.4,Home & Kitchen
ORD005878,CUST2171,2026-05-06,538.29,Grocery
ORD007369,CUST2295,2026-08-12,2388.93,Fashion
ORD001305,CUST1185,2026-09-22,13600.9,Electronics
ORD008429,CUST2354,2026-09-18,13920.62,Electronics
ORD010975,CUST2464,2026-06-20,1283.38,Home & Kitchen
ORD002600,CUST1616,2026-09-06,540.23,Grocery
ORD002574,CUST1607,2026-07-04,1103.98,Fashion
ORD003187,CUST1811,2026-07-25,7320.25,Electronics
ORD002769,CUST1672,2026-08-26,3662.44,Fashion
ORD004832,CUST2050,2026-09-08,592.0,Grocery
ORD004224,CUST1978,2026-08-27,7524.44,Electronics
ORD011660,CUST2488,2026-09-17,1001.58,Beauty
ORD002107,CUST1452,2026-06-14,334.61,Beauty
ORD002680,CUST1641,2026-07-07,5968.34,Electronics
ORD001388,CUST1214,2026-08-16,6615.79,Home & Kitchen
ORD010782,CUST2458,2026-07-28,11433.77,Electronics
ORD011671,CUST2488,2026-09-29,27483.44,Electronics
ORD007084,CUST2281,2026-05-13,11358.0,Electronics
ORD001280,CUST1177,2026-08-28,1033.47,Fashion
ORD000805,CUST0805,2026-01-29,553.94,Grocery
ORD001556,CUST1268,2026-05-24,4976.22,Fashion
ORD011460,CUST2480,2026-09-21,6809.24,Electronics
ORD004567,CUST2020,2026-09-02,975.56,Grocery
ORD011682,CUST2489,2026-07-11,546.89,Grocery
ORD004842,CUST2051,2026-05-11,1308.81,Grocery
ORD003595,CUST1903,2026-08-14,9245.96,Electronics
ORD006036,CUST2191,2026-08-12,1135.65,Beauty
ORD006853,CUST2268,2026-06-29,771.76,Fashion
ORD010113,CUST2434,2026-07-06,4173.72,Electronics
ORD008706,CUST2368,2026-08-18,1044.19,Home & Kitchen
ORD004178,CUST1974,2026-07-08,773.92,Fashion
ORD001309,CUST1186,2026-07-29,1231.44,Home & Kitchen
ORD009107,CUST2390,2026-04-15,6091.76,Electronics
ORD003453,CUST1886,2026-07-04,3119.8,Fashion
ORD003696,CUST1916,2026-09-04,1255.57,Fashion
ORD004243,CUST1981,2026-09-06,1135.4,Fashion
ORD002199,CUST1483,2026-08-16,712.39,Fashion
ORD008967,CUST2382,2026-09-20,837.79,Grocery
ORD004426,CUST2005,2026-07-22,660.28,Grocery
ORD006151,CUST2207,2026-06-25,770.15,Fashion
ORD000944,CUST0944,2026-01-27,546.93,Grocery
ORD000823,CUST0823,2026-06-12,439.96,Fashion
ORD005006,CUST2069,2026-06-21,3094.84,Fashion
ORD006613,CUST2256,2026-07-22,7358.76,Electronics
ORD008357,CUST2351,2026-06-24,2447.37,Electronics
ORD005620,CUST2141,2026-08-16,12685.91,Electronics
ORD004548,CUST2018,2026-07-13,854.95,Beauty
ORD002539,CUST1596,2026-09-08,369.46,Grocery
ORD009504,CUST2410,2026-04-15,327.72,Grocery
ORD005208,CUST2093,2026-08-25,405.96,Grocery
ORD011492,CUST2481,2026-09-08,5780.56,Electronics
ORD010875,CUST2461,2026-07-02,3670.68,Electronics
ORD003055,CUST1767,2026-07-23,4994.45,Electronics
ORD003676,CUST1914,2026-04-03,1483.34,Home & Kitchen
ORD007777,CUST2317,2026-07-22,8598.52,Electronics
ORD007219,CUST2288,2026-07-24,520.09,Grocery
ORD006723,CUST2261,2026-05-03,749.66,Grocery
ORD003301,CUST1852,2026-09-19,941.32,Beauty
ORD003311,CUST1856,2026-09-28,362.57,Fashion
ORD007222,CUST2288,2026-08-04,678.41,Grocery
ORD008520,CUST2359,2026-08-25,837.43,Beauty
ORD010683,CUST2454,2026-09-21,11084.4,Electronics
ORD005955,CUST2181,2026-09-21,721.38,Grocery
ORD000833,CUST0833,2026-02-17,3906.1,Electronics
ORD003463,CUST1887,2026-08-08,3045.81,Home & Kitchen
ORD011268,CUST2474,2026-07-06,15192.11,Electronics
ORD007644,CUST2310,2026-08-08,486.11,Grocery
ORD000055,CUST0055,2026-06-25,669.93,Fashion
ORD003452,CUST1886,2026-05-05,435.39,Grocery
ORD006306,CUST2224,2026-04-20,964.29,Home & Kitchen
ORD010094,CUST2433,2026-09-03,2614.86,Home & Kitchen
ORD001482,CUST1244,2026-02-25,11037.29,Electronics
ORD004874,CUST2054,2026-02-12,6819.83,Electronics
ORD008039,CUST2331,2026-09-22,6022.81,Electronics
ORD003336,CUST1865,2026-09-08,629.62,Grocery
ORD006017,CUST2188,2026-09-10,1123.43,Grocery
ORD004927,CUST2060,2026-08-03,2305.67,Home & Kitchen
ORD009139,CUST2392,2026-09-22,9516.24,Electronics
ORD005798,CUST2161,2026-09-25,899.24,Beauty
ORD010354,CUST2443,2026-09-10,895.95,Grocery
ORD011876,CUST2494,2026-09-19,20414.4,Electronics
ORD005084,CUST2078,2026-09-15,5367.74,Electronics
ORD006646,CUST2257,2026-09-22,9633.3,Electronics
ORD005491,CUST2126,2026-07-05,574.25,Beauty
ORD000769,CUST0769,2026-06-10,1000.43,Beauty
ORD002066,CUST1438,2026-06-17,530.31,Beauty
ORD011476,CUST2481,2026-04-14,5978.27,Electronics
ORD007312,CUST2292,2026-06-03,917.22,Fashion
ORD008478,CUST2357,2026-04-23,5576.33,Electronics
ORD012002,CUST2498,2026-09-13,20100.44,Electronics
ORD004525,CUST2016,2026-01-10,405.47,Fashion
ORD010525,CUST2448,2026-09-05,693.26,Beauty
ORD002718,CUST1655,2026-08-23,1027.07,Beauty
ORD002080,CUST1443,2026-09-01,2674.96,Fashion
ORD008915,CUST2379,2026-09-29,1017.81,Fashion
ORD000952,CUST0952,2026-01-09,779.1,Fashion
ORD008059,CUST2332,2026-09-19,2717.37,Home & Kitchen
ORD002483,CUST1578,2026-06-08,581.2,Grocery
ORD010455,CUST2446,2026-07-20,516.52,Fashion
ORD009182,CUST2393,2026-09-27,803.3,Fashion
ORD001760,CUST1337,2026-09-17,808.61,Grocery
ORD009985,CUST2430,2026-07-02,6348.97,Electronics
ORD004423,CUST2004,2026-08-28,581.66,Fashion
ORD006705,CUST2260,2026-08-06,2814.67,Home & Kitchen
ORD009917,CUST2428,2026-06-23,3517.58,Home & Kitchen
ORD005183,CUST2090,2026-07-17,2339.68,Fashion
ORD008534,CUST2360,2026-07-14,2567.41,Home & Kitchen
ORD003702,CUST1917,2026-08-14,1014.45,Fashion
ORD004244,CUST1981,2026-09-07,7019.1,Electronics
ORD000689,CUST0689,2026-04-17,7761.06,Electronics
ORD003433,CUST1884,2026-07-16,560.0,Grocery
ORD004945,CUST2063,2026-05-28,779.57,Fashion
ORD000967,CUST0967,2026-09-01,4861.27,Electronics
ORD011457,CUST2480,2026-09-16,5944.04,Electronics
ORD010396,CUST2444,2026-09-03,5505.29,Electronics
ORD002714,CUST1653,2026-09-07,604.41,Fashion
ORD004758,CUST2041,2026-09-18,2170.25,Fashion
ORD011532,CUST2483,2026-09-24,2535.38,Home & Kitchen
ORD006321,CUST2226,2026-08-06,674.8,Grocery
ORD005976,CUST2183,2026-09-05,4726.28,Electronics
ORD003573,CUST1901,2026-03-29,1172.27,Home & Kitchen
ORD005300,CUST2104,2026-03-26,2974.09,Electronics
ORD001991,CUST1414,2026-09-17,275.0,Grocery
ORD001206,CUST1153,2026-04-07,2838.5,Electronics
ORD004972,CUST2065,2026-04-17,1311.96,Home & Kitchen
ORD011748,CUST2491,2026-08-02,8070.51,Electronics
ORD006784,CUST2264,2026-08-30,2979.41,Home & Kitchen
ORD003601,CUST1904,2026-08-20,1973.79,Fashion
ORD006491,CUST2246,2026-09-12,329.54,Grocery
ORD008610,CUST2363,2026-07-16,690.28,Fashion
ORD012053,CUST2500,2026-08-27,232.28,Grocery
ORD008071,CUST2333,2026-08-14,1464.78,Home & Kitchen
ORD008578,CUST2361,2026-09-29,1276.94,Home & Kitchen
ORD007974,CUST2328,2026-07-26,755.1,Grocery
ORD011243,CUST2473,2026-09-13,2932.88,Grocery
ORD001626,CUST1292,2026-03-22,927.95,Fashion
ORD000537,CUST0537,2026-03-19,3213.45,Home & Kitchen
ORD008767,CUST2371,2026-09-27,324.38,Fashion
ORD007971,CUST2328,2026-06-16,606.62,Grocery
ORD004213,CUST1977,2026-09-15,484.29,Grocery
ORD006457,CUST2241,2026-08-08,870.64,Fashion
ORD003508,CUST1893,2026-09-21,311.34,Fashion
ORD008394,CUST2353,2026-05-19,1129.84,Fashion
ORD009525,CUST2410,2026-09-15,4796.73,Electronics
ORD007113,CUST2282,2026-09-24,553.15,Fashion
ORD002709,CUST1651,2026-09-22,292.47,Grocery
ORD005032,CUST2072,2026-08-08,452.33,Beauty
ORD006515,CUST2249,2026-08-11,7357.98,Home & Kitchen
ORD004663,CUST2031,2026-08-18,717.66,Fashion
ORD004022,CUST1956,2026-05-30,308.62,Fashion
ORD001855,CUST1371,2026-09-17,611.27,Grocery
ORD011385,CUST2478,2026-07-30,1114.78,Fashion
ORD002873,CUST1708,2026-07-05,7850.14,Electronics
ORD003031,CUST1759,2026-09-27,536.19,Grocery
ORD009398,CUST2404,2026-09-05,1068.28,Home & Kitchen
ORD001646,CUST1299,2026-02-26,4878.19,Home & Kitchen
ORD003418,CUST1882,2026-09-20,2849.93,Home & Kitchen
ORD003477,CUST1889,2026-07-24,2763.06,Home & Kitchen
ORD011539,CUST2484,2026-05-18,1163.04,Grocery
ORD001793,CUST1350,2026-09-09,1104.75,Home & Kitchen
ORD003798,CUST1929,2026-01-02,1896.75,Home & Kitchen
ORD003369,CUST1876,2026-08-21,840.23,Grocery
ORD007197,CUST2286,2026-09-08,633.92,Grocery
ORD011649,CUST2488,2026-08-29,8407.44,Electronics
ORD005110,CUST2081,2026-09-06,1671.6,Home & Kitchen
ORD006025,CUST2189,2026-09-18,2449.68,Fashion
ORD008796,CUST2372,2026-09-27,9462.85,Electronics
ORD011223,CUST2473,2026-07-02,5221.03,Electronics
ORD000127,CUST0127,2026-06-06,2434.21,Fashion
ORD005960,CUST2182,2026-08-14,538.8,Grocery
ORD003877,CUST1938,2026-08-02,12544.26,Electronics
ORD004452,CUST2008,2026-09-13,463.89,Fashion
ORD007148,CUST2284,2026-06-17,4873.82,Electronics
ORD003532,CUST1896,2026-06-11,1203.55,Fashion
ORD000828,CUST0828,2026-03-20,2986.37,Beauty
ORD009832,CUST2426,2026-05-24,30612.9,Electronics
ORD007791,CUST2318,2026-09-09,1359.13,Beauty
ORD000985,CUST0985,2026-09-17,1340.02,Home & Kitchen
ORD007784,CUST2317,2026-09-06,10684.22,Electronics
ORD010381,CUST2444,2026-06-11,8767.06,Electronics
ORD011575,CUST2485,2026-04-06,684.99,Grocery
ORD002444,CUST1565,2026-09-26,2466.88,Fashion
ORD008555,CUST2360,2026-09-26,2340.02,Home & Kitchen
ORD010542,CUST2449,2026-08-05,2378.19,Beauty
ORD000346,CUST0346,2026-01-09,2605.51,Fashion
ORD000815,CUST0815,2026-07-07,1305.63,Fashion
ORD006167,CUST2208,2026-09-26,496.37,Grocery
ORD010953,CUST2463,2026-09-17,7764.07,Electronics
ORD005780,CUST2159,2026-02-25,1177.6,Fashion
ORD002117,CUST1455,2026-06-30,1234.55,Beauty
ORD010027,CUST2431,2026-09-11,5970.91,Electronics
ORD000794,CUST0794,2026-01-05,1502.82,Home & Kitchen
ORD012012,CUST2499,2026-02-13,750.53,Grocery
ORD006899,CUST2271,2026-07-02,1036.33,Home & Kitchen
ORD002675,CUST1639,2026-08-24,844.61,Grocery
ORD000095,CUST0095,2026-01-21,1282.66,Fashion
ORD004226,CUST1979,2026-05-18,570.16,Grocery
ORD003757,CUST1923,2026-08-18,784.03,Grocery
ORD002892,CUST1713,2026-03-28,855.58,Fashion
ORD002372,CUST1542,2026-05-20,2489.7,Home & Kitchen
ORD011340,CUST2476,2026-09-21,14753.24,Electronics
ORD003229,CUST1826,2026-09-12,3769.44,Fashion
ORD007864,CUST2321,2026-09-22,677.13,Grocery
ORD006360,CUST2230,2026-03-06,1321.01,Fashion
ORD011108,CUST2469,2026-09-04,1191.7,Fashion
ORD007327,CUST2293,2026-09-22,749.86,Fashion
ORD006029,CUST2190,2026-06-29,707.65,Grocery
ORD001866,CUST1375,2026-09-14,207.85,Fashion
ORD004613,CUST2025,2026-09-29,1466.56,Fashion
ORD010050,CUST2432,2026-08-16,3175.16,Home & Kitchen
ORD002646,CUST1631,2026-05-06,1005.09,Beauty
ORD002244,CUST1498,2026-03-16,668.41,Beauty
ORD005374,CUST2112,2026-08-27,1013.0,Grocery
ORD002337,CUST1530,2026-03-29,1377.25,Fashion
ORD000951,CUST0951,2026-01-16,253.1,Grocery
ORD001121,CUST1121,2026-09-19,987.81,Fashion
ORD010790,CUST2458,2026-09-04,1367.35,Grocery
ORD002205,CUST1486,2026-07-31,571.47,Fashion
ORD000420,CUST0420,2026-09-26,2548.48,Home & Kitchen
ORD000923,CUST0923,2026-03-22,430.89,Grocery
ORD009447,CUST2407,2026-01-19,487.26,Beauty
ORD008670,CUST2366,2026-09-15,1301.91,Home & Kitchen
ORD010228,CUST2438,2026-09-15,466.04,Fashion
ORD005409,CUST2117,2026-05-24,709.74,Grocery
ORD005789,CUST2160,2026-09-04,14150.82,Electronics
ORD005743,CUST2154,2026-09-21,913.39,Fashion
ORD007668,CUST2311,2026-07-14,13795.06,Electronics
ORD005568,CUST2135,2026-09-28,6695.39,Electronics
ORD008136,CUST2338,2026-09-16,858.08,Home & Kitchen
ORD001203,CUST1152,2026-05-12,1162.9,Beauty
ORD010819,CUST2459,2026-09-21,3105.59,Electronics
ORD005766,CUST2157,2026-05-31,968.59,Beauty
ORD008390,CUST2353,2026-04-10,9492.75,Electronics
ORD001971,CUST1407,2026-07-05,894.85,Grocery
ORD004019,CUST1955,2026-09-27,4663.87,Electronics
ORD010344,CUST2443,2026-08-17,366.67,Grocery
ORD003688,CUST1916,2026-03-05,4758.52,Home & Kitchen
ORD001998,CUST1417,2026-08-02,3598.54,Home & Kitchen
ORD004034,CUST1957,2026-09-14,2224.02,Home & Kitchen
ORD001249,CUST1166,2026-07-18,711.43,Grocery
ORD002193,CUST1482,2026-04-03,1506.09,Home & Kitchen
ORD002713,CUST1653,2026-08-22,856.09,Grocery
ORD009185,CUST2394,2026-07-18,4825.68,Electronics
ORD002191,CUST1481,2026-08-20,1153.76,Beauty
ORD004671,CUST2031,2026-09-11,2861.62,Fashion
ORD005143,CUST2086,2026-07-16,576.69,Beauty
ORD005985,CUST2184,2026-09-26,2667.97,Fashion
ORD006566,CUST2253,2026-08-26,933.6,Grocery
ORD007805,CUST2318,2026-09-24,1345.71,Fashion
ORD006944,CUST2273,2026-08-22,989.38,Fashion
ORD009511,CUST2410,2026-07-02,2008.37,Beauty
ORD010056,CUST2432,2026-08-27,2616.66,Home & Kitchen
ORD010536,CUST2449,2026-06-25,517.53,Home & Kitchen
ORD010642,CUST2453,2026-06-02,700.89,Beauty
ORD002137,CUST1462,2026-04-06,723.76,Grocery
ORD001066,CUST1066,2026-04-09,767.43,Beauty
ORD000601,CUST0601,2026-03-29,648.27,Beauty
ORD004228,CUST1979,2026-06-23,5568.55,Electronics
ORD010814,CUST2459,2026-09-14,7885.22,Electronics
ORD007578,CUST2306,2026-08-13,3533.56,Home & Kitchen
ORD000078,CUST0078,2026-08-21,1816.46,Home & Kitchen
ORD007547,CUST2304,2026-09-27,513.39,Grocery
ORD002899,CUST1715,2026-09-26,1967.31,Home & Kitchen
ORD004821,CUST2048,2026-08-31,1486.92,Home & Kitchen
ORD009507,CUST2410,2026-05-24,1384.21,Home & Kitchen
ORD011235,CUST2473,2026-08-10,1902.63,Grocery
ORD006414,CUST2236,2026-09-30,1566.47,Home & Kitchen
ORD009445,CUST2406,2026-09-26,527.06,Grocery
ORD009065,CUST2387,2026-09-23,1701.04,Home & Kitchen
ORD008008,CUST2330,2026-04-17,9124.22,Electronics
ORD005469,CUST2124,2026-07-24,689.15,Beauty
ORD005952,CUST2181,2026-09-15,1067.23,Fashion
ORD003392,CUST1879,2026-09-05,11560.55,Electronics
ORD005416,CUST2117,2026-09-07,286.84,Grocery
ORD002561,CUST1603,2026-07-21,4747.13,Electronics
ORD011948,CUST2497,2026-08-02,1563.08,Electronics
ORD008163,CUST2339,2026-05-28,1034.39,Beauty
ORD002636,CUST1627,2026-08-31,1517.49,Fashion
ORD005257,CUST2099,2026-05-14,352.36,Beauty
ORD003531,CUST1896,2026-05-20,884.02,Fashion
ORD008568,CUST2361,2026-09-26,3575.59,Electronics
ORD001909,CUST1388,2026-07-02,2315.79,Home & Kitchen
ORD011185,CUST2472,2026-09-20,3627.67,Home & Kitchen
ORD000236,CUST0236,2026-08-17,1762.49,Fashion
ORD001605,CUST1284,2026-09-01,266.54,Fashion
ORD007985,CUST2329,2026-08-30,7049.12,Electronics
ORD009311,CUST2400,2026-08-28,427.67,Fashion
ORD003491,CUST1891,2026-06-05,2448.65,Home & Kitchen
ORD011899,CUST2495,2026-09-19,12962.7,Electronics
ORD001995,CUST1416,2026-07-13,5335.29,Electronics
ORD002825,CUST1689,2026-09-23,468.35,Beauty
ORD011213,CUST2473,2026-04-27,8282.94,Electronics
ORD010569,CUST2450,2026-09-26,8875.74,Home & Kitchen
ORD001343,CUST1198,2026-05-05,481.54,Grocery
ORD008513,CUST2358,2026-07-25,409.65,Grocery
ORD001620,CUST1290,2026-03-24,1487.76,Fashion
ORD005288,CUST2103,2026-05-04,823.66,Fashion
ORD002061,CUST1436,2026-09-23,7369.78,Electronics
ORD012022,CUST2499,2026-05-19,992.26,Grocery
ORD002220,CUST1491,2026-09-20,314.84,Grocery
ORD009866,CUST2427,2026-06-16,7481.89,Electronics
ORD006039,CUST2192,2026-07-28,342.45,Beauty
ORD000261,CUST0261,2026-07-06,1605.55,Fashion
ORD011727,CUST2490,2026-08-29,5011.0,Electronics
ORD010232,CUST2439,2026-05-24,978.12,Grocery
ORD009094,CUST2389,2026-08-24,2585.08,Fashion
ORD003745,CUST1922,2026-09-05,407.36,Grocery
ORD002027,CUST1426,2026-07-23,1872.7,Fashion
ORD006989,CUST2276,2026-05-05,9354.12,Electronics
ORD004235,CUST1980,2026-09-17,870.14,Fashion
ORD001918,CUST1391,2026-09-29,944.35,Fashion
ORD001829,CUST1363,2026-05-25,1489.57,Home & Kitchen
ORD009766,CUST2422,2026-08-20,781.64,Beauty
ORD006234,CUST2216,2026-09-12,607.37,Fashion
ORD011275,CUST2474,2026-08-10,2389.27,Home & Kitchen
ORD006284,CUST2221,2026-09-21,7308.51,Electronics
ORD004209,CUST1977,2026-08-23,8003.57,Electronics
ORD000225,CUST0225,2026-03-17,4747.99,Electronics
ORD008916,CUST2379,2026-09-29,2285.44,Home & Kitchen
ORD010003,CUST2430,2026-09-10,1587.6,Home & Kitchen
ORD009334,CUST2401,2026-09-18,737.26,Grocery
ORD006470,CUST2243,2026-05-20,2509.14,Home & Kitchen
ORD011372,CUST2477,2026-09-29,304.86,Grocery
ORD010955,CUST2463,2026-09-20,2573.27,Home & Kitchen
ORD000847,CUST0847,2026-04-12,679.41,Grocery
ORD004290,CUST1987,2026-09-01,410.49,Fashion
ORD005561,CUST2134,2026-09-29,2122.18,Home & Kitchen
ORD002552,CUST1600,2026-02-25,438.7,Grocery
ORD000118,CUST0118,2026-08-12,1039.49,Grocery
ORD008838,CUST2374,2026-09-14,2069.22,Home & Kitchen
ORD005967,CUST2182,2026-09-18,2578.72,Home & Kitchen
ORD008196,CUST2341,2026-06-07,7385.2,Home & Kitchen
ORD008660,CUST2366,2026-07-03,635.63,Beauty
ORD007490,CUST2301,2026-09-24,1309.34,Fashion
ORD000006,CUST0006,2026-03-25,1511.05,Home & Kitchen
ORD005343,CUST2109,2026-04-08,1888.82,Home & Kitchen
ORD009112,CUST2390,2026-06-26,3337.49,Fashion
ORD010788,CUST2458,2026-09-01,450.53,Grocery
ORD004325,CUST1991,2026-04-19,1090.76,Fashion
ORD001064,CUST1064,2026-02-26,396.65,Grocery
ORD002591,CUST1613,2026-06-30,602.68,Beauty
ORD008435,CUST2355,2026-04-04,2633.94,Home & Kitchen
ORD009353,CUST2402,2026-06-13,9201.93,Electronics
ORD011063,CUST2467,2026-08-16,17456.96,Electronics
ORD003736,CUST1921,2026-09-07,2827.13,Fashion
ORD010590,CUST2451,2026-07-14,778.13,Grocery
ORD003518,CUST1895,2026-09-26,10107.81,Electronics
ORD006987,CUST2276,2026-03-26,1223.33,Home & Kitchen
ORD010756,CUST2457,2026-03-19,46782.65,Electronics
ORD006768,CUST2263,2026-09-23,403.63,Grocery
ORD005623,CUST2141,2026-08-27,875.2,Grocery
ORD001606,CUST1284,2026-09-05,513.42,Grocery
ORD001734,CUST1329,2026-07-01,637.04,Grocery
ORD010517,CUST2448,2026-08-15,644.13,Grocery
ORD010902,CUST2462,2026-09-17,4683.51,Electronics
ORD012076,CUST2500,2026-09-24,735.47,Grocery
ORD009505,CUST2410,2026-04-19,1077.64,Fashion
ORD003813,CUST1931,2026-09-27,550.47,Grocery
ORD011629,CUST2487,2026-08-07,2916.02,Fashion
ORD010555,CUST2450,2026-09-22,1839.87,Home & Kitchen
ORD010168,CUST2436,2026-09-03,730.91,Fashion
ORD001762,CUST1338,2026-07-15,724.32,Grocery
ORD005402,CUST2116,2026-05-19,4861.71,Electronics
ORD002740,CUST1662,2026-09-17,3225.73,Fashion
ORD012070,CUST2500,2026-09-20,4241.86,Electronics
ORD002473,CUST1574,2026-07-05,647.08,Grocery
ORD006739,CUST2262,2026-08-26,4803.12,Home & Kitchen
ORD006892,CUST2270,2026-08-12,2185.58,Home & Kitchen
ORD007944,CUST2326,2026-09-16,1992.31,Home & Kitchen
ORD009686,CUST2418,2026-09-07,1349.96,Home & Kitchen
ORD004207,CUST1977,2026-07-21,434.02,Grocery
ORD006372,CUST2231,2026-07-26,1130.41,Beauty
ORD010351,CUST2443,2026-08-31,10431.67,Electronics
ORD009362,CUST2402,2026-08-14,4295.26,Home & Kitchen
ORD010349,CUST2443,2026-08-24,392.0,Grocery
ORD000233,CUST0233,2026-06-26,509.4,Grocery
ORD008259,CUST2344,2026-09-04,785.19,Fashion
ORD007562,CUST2306,2026-03-02,11914.39,Electronics
ORD009796,CUST2424,2026-05-27,830.27,Grocery
ORD006169,CUST2209,2026-06-18,2197.81,Home & Kitchen
ORD003597,CUST1903,2026-08-28,3720.49,Fashion
ORD006289,CUST2222,2026-03-28,1685.54,Home & Kitchen
ORD004633,CUST2027,2026-09-25,636.63,Grocery
ORD000126,CUST0126,2026-06-24,898.88,Beauty
ORD007642,CUST2310,2026-08-05,967.28,Beauty
ORD006230,CUST2216,2026-07-29,3148.4,Home & Kitchen
ORD001297,CUST1182,2026-07-25,529.11,Fashion
ORD001977,CUST1409,2026-09-25,786.62,Fashion
ORD011451,CUST2480,2026-08-25,1522.08,Beauty
ORD011398,CUST2478,2026-08-29,29290.99,Electronics
ORD010268,CUST2440,2026-07-29,2581.8,Home & Kitchen
ORD005751,CUST2156,2026-01-03,1118.26,Fashion
ORD008153,CUST2338,2026-09-28,982.54,Beauty
ORD003087,CUST1777,2026-05-13,344.78,Grocery
ORD011203,CUST2472,2026-09-28,3276.12,Home & Kitchen
ORD006883,CUST2270,2026-04-14,12783.72,Electronics
ORD011239,CUST2473,2026-08-22,1686.89,Fashion
ORD007674,CUST2311,2026-08-24,922.94,Fashion
ORD003346,CUST1868,2026-09-16,13147.4,Electronics
ORD008173,CUST2339,2026-08-28,4551.82,Home & Kitchen
ORD011380,CUST2478,2026-07-11,2743.26,Home & Kitchen
ORD005871,CUST2170,2026-07-19,7882.88,Electronics
ORD006507,CUST2248,2026-09-22,7466.39,Home & Kitchen
ORD002798,CUST1681,2026-09-01,2841.14,Home & Kitchen
ORD000919,CUST0919,2026-09-08,7062.93,Electronics
ORD001647,CUST1299,2026-07-01,1080.12,Fashion
ORD005123,CUST2083,2026-02-19,904.1,Fashion
ORD005127,CUST2083,2026-07-22,1185.73,Home & Kitchen
ORD004622,CUST2026,2026-08-30,616.1,Grocery
ORD006810,CUST2266,2026-04-30,461.18,Grocery
ORD000365,CUST0365,2026-04-27,970.73,Grocery
ORD002126,CUST1458,2026-08-31,8693.33,Electronics
ORD008151,CUST2338,2026-09-27,479.45,Grocery
ORD008718,CUST2368,2026-09-29,1925.82,Fashion
ORD000056,CUST0056,2026-08-22,1917.82,Fashion
ORD000639,CUST0639,2026-08-01,2686.66,Electronics
ORD000303,CUST0303,2026-09-21,8471.46,Electronics
ORD010959,CUST2463,2026-09-28,419.86,Beauty
ORD005812,CUST2163,2026-09-27,1931.38,Home & Kitchen
ORD001277,CUST1176,2026-01-17,761.8,Grocery
ORD010248,CUST2439,2026-07-25,618.1,Beauty
ORD004433,CUST2005,2026-09-25,1125.29,Fashion
ORD003645,CUST1910,2026-07-09,12544.8,Electronics
ORD004144,CUST1969,2026-09-24,575.56,Fashion
ORD002879,CUST1709,2026-09-19,14622.48,Electronics
ORD006494,CUST2247,2026-07-19,750.05,Grocery
ORD010479,CUST2447,2026-08-17,3797.79,Electronics
ORD010454,CUST2446,2026-07-19,635.84,Beauty
ORD005241,CUST2097,2026-08-27,3337.99,Fashion
ORD012069,CUST2500,2026-09-18,1561.25,Fashion
ORD010489,CUST2447,2026-09-10,348.48,Beauty
ORD006938,CUST2273,2026-08-06,1080.76,Grocery
ORD007241,CUST2289,2026-03-20,865.33,Grocery
ORD009946,CUST2429,2026-09-25,2670.25,Home & Kitchen
ORD010161,CUST2436,2026-07-21,5122.0,Electronics
ORD002594,CUST1614,2026-09-29,1395.63,Beauty
ORD002394,CUST1550,2026-08-05,6459.9,Electronics
ORD000524,CUST0524,2026-04-21,1029.7,Fashion
ORD006377,CUST2232,2026-09-27,1627.63,Beauty
ORD006982,CUST2275,2026-09-13,672.49,Grocery
ORD006678,CUST2259,2026-09-02,19162.45,Electronics
ORD003901,CUST1941,2026-06-19,856.93,Fashion
ORD011640,CUST2487,2026-09-04,7496.01,Electronics
ORD005586,CUST2137,2026-09-15,1206.9,Home & Kitchen
ORD011308,CUST2475,2026-09-03,2106.69,Fashion
ORD007957,CUST2327,2026-09-09,3391.4,Electronics
ORD007571,CUST2306,2026-05-21,8463.65,Electronics
ORD006778,CUST2264,2026-06-25,9699.39,Electronics
ORD010162,CUST2436,2026-07-22,1635.6,Home & Kitchen
ORD000672,CUST0672,2026-08-22,942.71,Fashion
ORD004189,CUST1975,2026-06-27,1147.1,Fashion
ORD000667,CUST0667,2026-04-13,847.02,Fashion
ORD003267,CUST1840,2026-08-11,1218.98,Fashion
ORD001888,CUST1382,2026-07-25,1110.08,Fashion
ORD008473,CUST2356,2026-09-25,561.14,Beauty
ORD009912,CUST2428,2026-05-31,10687.14,Electronics
ORD011140,CUST2470,2026-07-24,5281.14,Electronics
ORD009092,CUST2389,2026-08-21,6615.0,Electronics
ORD007688,CUST2312,2026-07-28,7741.24,Electronics
ORD006032,CUST2190,2026-09-20,6748.5,Home & Kitchen
ORD006091,CUST2199,2026-09-20,1751.18,Fashion
ORD006239,CUST2217,2026-08-19,1445.51,Home & Kitchen
ORD007351,CUST2294,2026-09-12,1378.17,Beauty
ORD007831,CUST2320,2026-09-07,11352.63,Electronics
ORD000761,CUST0761,2026-04-17,3323.97,Electronics
ORD006255,CUST2218,2026-09-02,523.81,Grocery
ORD001907,CUST1388,2026-02-16,473.91,Grocery
ORD003819,CUST1932,2026-09-18,7701.22,Electronics
ORD006270,CUST2220,2026-08-30,1298.89,Fashion
ORD004301,CUST1988,2026-07-20,2381.71,Fashion
ORD005570,CUST2135,2026-09-30,2135.98,Home & Kitchen
ORD007942,CUST2326,2026-09-10,5924.56,Fashion
ORD010786,CUST2458,2026-08-16,2050.95,Home & Kitchen
ORD004165,CUST1972,2026-09-10,667.17,Fashion
ORD005972,CUST2183,2026-08-14,647.69,Fashion
ORD003580,CUST1901,2026-09-09,2366.73,Home & Kitchen
ORD002833,CUST1692,2026-04-06,1032.7,Fashion
ORD005450,CUST2121,2026-09-30,956.37,Fashion
ORD003473,CUST1889,2026-04-28,954.09,Fashion
ORD006328,CUST2226,2026-08-30,1551.92,Home & Kitchen
ORD000138,CUST0138,2026-03-16,1054.25,Beauty
ORD007044,CUST2279,2026-05-21,8134.63,Electronics
ORD004893,CUST2056,2026-09-22,11047.34,Electronics
ORD002181,CUST1478,2026-08-08,752.15,Fashion
ORD010321,CUST2442,2026-03-08,7682.29,Electronics
ORD007731,CUST2314,2026-09-29,1543.38,Home & Kitchen
ORD003178,CUST1808,2026-06-23,538.67,Beauty
ORD004855,CUST2052,2026-09-21,1134.67,Fashion
ORD004638,CUST2028,2026-08-13,2326.76,Home & Kitchen
ORD005116,CUST2082,2026-03-22,1003.15,Fashion
ORD011234,CUST2473,2026-07-29,600.42,Grocery
ORD007649,CUST2310,2026-08-20,6831.95,Electronics
ORD004262,CUST1984,2026-06-27,11415.06,Electronics
ORD001332,CUST1195,2026-08-24,8182.08,Electronics
ORD010210,CUST2438,2026-07-16,1732.33,Fashion
ORD010675,CUST2454,2026-09-14,5494.33,Home & Kitchen
ORD007003,CUST2277,2026-01-16,714.78,Fashion
ORD009551,CUST2412,2026-06-25,7618.84,Electronics
ORD006942,CUST2273,2026-08-13,346.53,Grocery
ORD008018,CUST2330,2026-06-24,439.21,Grocery
ORD006242,CUST2217,2026-09-09,639.09,Grocery
ORD009522,CUST2410,2026-08-19,349.54,Grocery
ORD012063,CUST2500,2026-09-14,6591.16,Electronics
ORD006882,CUST2270,2026-03-01,6839.75,Electronics
ORD010343,CUST2443,2026-08-16,514.27,Grocery
ORD004531,CUST2016,2026-07-17,1484.06,Fashion
ORD010315,CUST2441,2026-09-11,8568.09,Electronics
ORD004674,CUST2031,2026-09-30,8251.89,Home & Kitchen
ORD006997,CUST2276,2026-08-23,963.51,Grocery
ORD001253,CUST1167,2026-05-30,1296.67,Beauty
ORD003375,CUST1876,2026-09-16,5146.04,Electronics
ORD002815,CUST1686,2026-09-18,1007.39,Fashion
ORD004720,CUST2037,2026-07-22,350.81,Grocery
ORD006545,CUST2252,2026-07-12,623.61,Fashion
ORD010041,CUST2432,2026-08-02,5574.4,Electronics
ORD004859,CUST2052,2026-09-27,4612.72,Electronics
ORD007902,CUST2323,2026-09-30,677.83,Fashion
ORD011230,CUST2473,2026-07-23,304.22,Fashion
ORD008581,CUST2362,2026-05-10,1892.46,Fashion
ORD008428,CUST2354,2026-09-02,999.95,Beauty
ORD001078,CUST1078,2026-02-10,1539.1,Fashion
ORD010177,CUST2437,2026-08-29,407.75,Grocery
ORD004364,CUST1997,2026-07-12,741.41,Grocery
ORD000771,CUST0771,2026-04-06,428.79,Beauty
ORD010358,CUST2443,2026-09-20,725.66,Beauty
ORD008866,CUST2376,2026-09-27,348.49,Grocery
ORD000250,CUST0250,2026-04-26,459.4,Beauty
ORD009767,CUST2422,2026-08-27,2066.51,Home & Kitchen
ORD007240,CUST2289,2026-02-22,3199.21,Home & Kitchen
ORD003420,CUST1882,2026-09-23,2144.38,Home & Kitchen
ORD010274,CUST2440,2026-08-14,4833.14,Electronics
ORD010016,CUST2431,2026-08-16,8790.33,Electronics
ORD004977,CUST2065,2026-08-30,14661.27,Electronics
ORD004545,CUST2018,2026-06-01,395.93,Grocery
ORD005566,CUST2135,2026-09-26,775.49,Fashion
ORD007940,CUST2326,2026-09-02,6622.49,Electronics
ORD000717,CUST0717,2026-05-13,1138.67,Fashion
ORD011663,CUST2488,2026-09-19,374.52,Fashion
ORD002049,CUST1433,2026-09-14,1490.83,Home & Kitchen
ORD005998,CUST2186,2026-09-25,1102.78,Fashion
ORD006601,CUST2255,2026-09-28,438.75,Beauty
ORD007246,CUST2289,2026-06-05,1556.95,Fashion
ORD004179,CUST1974,2026-07-14,2198.54,Home & Kitchen
ORD004810,CUST2047,2026-09-01,11037.96,Electronics
ORD010917,CUST2462,2026-09-25,5230.28,Fashion
ORD011455,CUST2480,2026-09-09,532.42,Beauty
ORD007141,CUST2284,2026-05-10,6012.32,Electronics
ORD007191,CUST2286,2026-07-22,626.27,Fashion
ORD001461,CUST1238,2026-05-28,345.67,Grocery
ORD005990,CUST2185,2026-06-26,677.07,Grocery
ORD009861,CUST2426,2026-09-16,7450.49,Electronics
ORD010949,CUST2463,2026-09-09,5555.04,Home & Kitchen
ORD002001,CUST1418,2026-08-18,6599.04,Home & Kitchen
ORD008176,CUST2339,2026-09-19,8311.35,Electronics
ORD000405,CUST0405,2026-09-09,695.89,Grocery
ORD000385,CUST0385,2026-08-25,947.34,Fashion
ORD011413,CUST2479,2026-03-27,4448.19,Electronics
ORD011461,CUST2480,2026-09-27,873.46,Fashion
ORD010345,CUST2443,2026-08-18,14643.6,Electronics
ORD001634,CUST1294,2026-09-21,1756.43,Fashion
ORD011542,CUST2484,2026-05-31,3341.23,Home & Kitchen
ORD004785,CUST2045,2026-06-20,9817.45,Electronics
ORD011425,CUST2479,2026-06-24,1687.69,Home & Kitchen
ORD006971,CUST2275,2026-07-10,9039.82,Electronics
ORD003926,CUST1944,2026-08-19,657.93,Beauty
ORD004159,CUST1971,2026-09-23,3526.22,Home & Kitchen
ORD007450,CUST2299,2026-09-27,1523.57,Home & Kitchen
ORD008416,CUST2354,2026-05-13,1246.71,Home & Kitchen
ORD002194,CUST1482,2026-05-17,11044.67,Electronics
ORD010017,CUST2431,2026-08-17,332.42,Grocery
ORD001016,CUST1016,2026-05-28,13691.24,Electronics
ORD005125,CUST2083,2026-07-09,1520.34,Home & Kitchen
ORD007419,CUST2298,2026-02-24,13759.06,Electronics
ORD007410,CUST2297,2026-05-18,7074.55,Electronics
ORD008990,CUST2383,2026-07-21,1118.92,Home & Kitchen
ORD002872,CUST1707,2026-09-26,2204.97,Home & Kitchen
ORD000010,CUST0010,2026-01-19,1420.11,Fashion
ORD010137,CUST2435,2026-03-23,3246.06,Electronics
ORD001839,CUST1365,2026-09-22,1330.97,Beauty
ORD004805,CUST2047,2026-06-06,423.65,Fashion
ORD000256,CUST0256,2026-01-03,1995.79,Beauty
ORD007027,CUST2278,2026-07-31,1204.95,Beauty
ORD005714,CUST2151,2026-06-08,13124.97,Electronics
ORD003325,CUST1860,2026-07-15,643.88,Grocery
ORD007715,CUST2314,2026-08-25,402.96,Fashion
ORD001582,CUST1276,2026-08-30,2346.81,Home & Kitchen
ORD011149,CUST2470,2026-09-19,532.39,Grocery
ORD000925,CUST0925,2026-08-28,4085.48,Electronics
ORD002780,CUST1675,2026-09-16,1232.19,Fashion
ORD010701,CUST2455,2026-05-19,3532.34,Home & Kitchen
ORD007892,CUST2323,2026-09-24,1778.4,Home & Kitchen
ORD006133,CUST2205,2026-08-03,3221.88,Home & Kitchen
ORD005321,CUST2106,2026-09-29,619.43,Grocery
ORD007313,CUST2292,2026-06-03,7135.35,Electronics
ORD007103,CUST2282,2026-08-31,19009.1,Electronics
ORD006043,CUST2192,2026-09-22,575.5,Grocery
ORD003776,CUST1925,2026-08-22,4840.98,Electronics
ORD004836,CUST2050,2026-09-19,1017.43,Home & Kitchen
ORD004965,CUST2064,2026-09-25,1954.29,Home & Kitchen
ORD010972,CUST2464,2026-05-25,2125.12,Home & Kitchen
ORD000540,CUST0540,2026-05-18,1205.94,Home & Kitchen
ORD007484,CUST2301,2026-09-04,645.77,Beauty
ORD002746,CUST1664,2026-04-09,996.24,Home & Kitchen
ORD003720,CUST1919,2026-08-13,338.27,Grocery
ORD006820,CUST2266,2026-08-22,977.87,Home & Kitchen
ORD009338,CUST2401,2026-09-23,2907.54,Home & Kitchen
ORD004469,CUST2009,2026-09-30,445.63,Grocery
ORD000668,CUST0668,2026-05-19,2093.62,Home & Kitchen
ORD007576,CUST2306,2026-07-18,916.96,Beauty
ORD011212,CUST2473,2026-04-25,1159.52,Fashion
ORD008550,CUST2360,2026-09-11,3435.98,Home & Kitchen
ORD005064,CUST2076,2026-09-26,4853.39,Home & Kitchen
ORD011024,CUST2466,2026-07-02,14188.67,Electronics
ORD010976,CUST2464,2026-06-21,4960.7,Home & Kitchen
ORD001354,CUST1201,2026-09-30,988.06,Fashion
ORD007115,CUST2282,2026-09-26,5086.34,Electronics
ORD011804,CUST2492,2026-09-26,1560.32,Home & Kitchen
ORD008663,CUST2366,2026-07-26,10146.03,Electronics
ORD002704,CUST1650,2026-09-03,345.6,Grocery
ORD003331,CUST1863,2026-09-13,770.64,Fashion
ORD008054,CUST2332,2026-08-02,523.15,Beauty
ORD009589,CUST2414,2026-02-26,2502.91,Home & Kitchen
ORD003585,CUST1902,2026-08-21,11225.79,Electronics
ORD011405,CUST2478,2026-09-30,7124.93,Electronics
ORD005646,CUST2143,2026-09-17,21990.07,Electronics
ORD003377,CUST1876,2026-09-24,3727.83,Home & Kitchen
ORD001257,CUST1168,2026-07-11,1952.56,Home & Kitchen
ORD006191,CUST2211,2026-07-18,2297.63,Fashion
ORD009443,CUST2406,2026-09-13,556.89,Beauty
ORD005349,CUST2110,2026-06-19,968.22,Fashion
ORD011004,CUST2465,2026-09-09,7221.43,Electronics
ORD011126,CUST2469,2026-09-30,12944.59,Electronics
ORD004176,CUST1973,2026-08-14,5088.87,Electronics
ORD004911,CUST2058,2026-09-30,2180.44,Home & Kitchen
ORD001853,CUST1370,2026-09-10,791.45,Grocery
ORD006317,CUST2225,2026-08-28,1124.26,Fashion
ORD011905,CUST2495,2026-09-23,9436.12,Electronics
ORD002106,CUST1452,2026-05-28,1754.01,Home & Kitchen
ORD000134,CUST0134,2026-09-30,641.69,Beauty
ORD005030,CUST2071,2026-09-16,1878.02,Home & Kitchen
ORD000929,CUST0929,2026-01-26,1610.4,Home & Kitchen
ORD000824,CUST0824,2026-04-28,855.12,Beauty
ORD007577,CUST2306,2026-08-11,628.81,Grocery
ORD001532,CUST1259,2026-06-17,832.93,Fashion
ORD001215,CUST1156,2026-06-20,1778.74,Fashion
ORD000505,CUST0505,2026-07-31,1857.22,Fashion
ORD010189,CUST2437,2026-09-16,1340.01,Grocery
ORD006531,CUST2251,2026-06-03,946.1,Fashion
ORD003073,CUST1773,2026-01-05,439.74,Grocery
ORD010151,CUST2435,2026-08-08,3719.07,Electronics
ORD009577,CUST2413,2026-08-17,4376.69,Home & Kitchen
ORD009087,CUST2389,2026-08-01,2210.87,Home & Kitchen
ORD008648,CUST2365,2026-09-27,634.79,Grocery
ORD006620,CUST2256,2026-08-27,10523.87,Home & Kitchen
ORD009274,CUST2398,2026-07-31,724.03,Grocery
ORD003710,CUST1918,2026-06-21,2937.52,Home & Kitchen
ORD011581,CUST2485,2026-06-10,2010.01,Home & Kitchen
ORD004850,CUST2052,2026-09-13,4766.71,Electronics
ORD004749,CUST2041,2026-06-15,919.01,Beauty
ORD004269,CUST1984,2026-09-24,7640.95,Electronics
ORD011934,CUST2496,2026-09-29,11169.94,Home & Kitchen
ORD008906,CUST2379,2026-09-27,593.91,Fashion
ORD004187,CUST1975,2026-03-02,1098.41,Fashion
ORD010407,CUST2445,2026-06-24,1874.92,Fashion
ORD005302,CUST2104,2026-04-21,1829.52,Home & Kitchen
ORD002924,CUST1723,2026-09-07,830.24,Grocery
ORD006589,CUST2255,2026-09-20,654.47,Grocery
ORD001811,CUST1356,2026-08-21,2251.69,Home & Kitchen
ORD003487,CUST1890,2026-09-01,6122.27,Home & Kitchen
ORD007420,CUST2298,2026-03-07,5199.27,Home & Kitchen
ORD003142,CUST1795,2026-08-15,1633.09,Fashion
ORD010020,CUST2431,2026-08-25,1513.5,Fashion
ORD009348,CUST2402,2026-04-23,2314.81,Home & Kitchen
ORD001325,CUST1193,2026-05-10,5097.49,Electronics
ORD004313,CUST1989,2026-09-10,4259.12,Fashion
ORD007495,CUST2302,2026-09-15,2916.6,Home & Kitchen
ORD008703,CUST2368,2026-07-29,374.4,Grocery
ORD009873,CUST2427,2026-07-10,4930.49,Electronics
ORD008692,CUST2367,2026-09-05,840.25,Fashion
ORD011479,CUST2481,2026-05-17,9441.25,Electronics
ORD010049,CUST2432,2026-08-14,2642.97,Home & Kitchen
ORD009581,CUST2413,2026-09-15,1622.32,Home & Kitchen
ORD010579,CUST2450,2026-09-30,1069.23,Grocery
ORD005542,CUST2132,2026-09-23,298.94,Grocery
ORD006173,CUST2209,2026-08-02,2941.24,Fashion
ORD001541,CUST1262,2026-07-07,788.01,Fashion
ORD009410,CUST2405,2026-09-25,4657.1,Home & Kitchen
ORD002682,CUST1642,2026-07-14,975.26,Fashion
ORD011938,CUST2496,2026-09-30,7967.25,Electronics
ORD011186,CUST2472,2026-09-20,1684.92,Fashion
ORD006314,CUST2225,2026-07-31,932.97,Fashion
ORD001192,CUST1148,2026-04-27,2223.02,Home & Kitchen
ORD005294,CUST2103,2026-08-27,14439.74,Electronics
ORD001543,CUST1263,2026-09-12,349.89,Grocery
ORD007057,CUST2279,2026-09-14,5135.11,Home & Kitchen
ORD002540,CUST1596,2026-09-17,368.36,Grocery
ORD000954,CUST0954,2026-06-18,5610.37,Electronics
ORD007242,CUST2289,2026-03-29,8380.06,Electronics
ORD006732,CUST2261,2026-08-25,12366.84,Electronics
ORD004847,CUST2051,2026-08-18,7630.71,Home & Kitchen
ORD006802,CUST2265,2026-09-23,752.32,Fashion
ORD008011,CUST2330,2026-05-13,386.05,Grocery
ORD004331,CUST1991,2026-07-29,1015.02,Fashion
ORD008925,CUST2380,2026-07-21,8276.32,Electronics
ORD005335,CUST2108,2026-04-27,646.44,Grocery
ORD007331,CUST2293,2026-09-24,442.46,Grocery
ORD009349,CUST2402,2026-04-23,1796.0,Home & Kitchen
ORD004730,CUST2038,2026-09-04,335.14,Grocery
ORD006542,CUST2252,2026-06-20,2644.55,Fashion
ORD011175,CUST2471,2026-09-20,313.92,Beauty
ORD005306,CUST2104,2026-07-07,3660.59,Electronics
ORD005162,CUST2088,2026-07-29,5245.15,Electronics
ORD007861,CUST2321,2026-08-06,499.18,Grocery
ORD002157,CUST1468,2026-09-19,2815.34,Fashion
ORD001063,CUST1063,2026-07-29,1198.56,Grocery
ORD010809,CUST2459,2026-09-05,367.48,Grocery
ORD001168,CUST1141,2026-08-10,622.72,Fashion
ORD011415,CUST2479,2026-04-09,194.41,Grocery
ORD003637,CUST1908,2026-09-25,1556.45,Home & Kitchen
ORD007652,CUST2310,2026-09-01,2829.46,Home & Kitchen
ORD005589,CUST2138,2026-06-25,509.85,Fashion
ORD011131,CUST2470,2026-05-09,713.83,Beauty
ORD007193,CUST2286,2026-08-14,2644.74,Fashion
ORD004492,CUST2012,2026-09-29,1398.05,Fashion
ORD007267,CUST2290,2026-08-20,9999.41,Electronics
ORD011333,CUST2476,2026-09-12,4249.63,Fashion
ORD004981,CUST2066,2026-07-12,2919.46,Home & Kitchen
ORD008336,CUST2349,2026-09-30,676.66,Grocery
ORD012019,CUST2499,2026-04-11,7300.26,Electronics
ORD004947,CUST2063,2026-06-14,1049.97,Fashion
ORD002783,CUST1677,2026-02-28,947.1,Fashion
ORD000718,CUST0718,2026-04-08,1195.44,Beauty
ORD010012,CUST2431,2026-08-05,3046.67,Electronics
ORD002503,CUST1584,2026-09-21,1806.74,Fashion
ORD004361,CUST1996,2026-08-18,18774.69,Electronics
ORD004172,CUST1973,2026-06-23,5480.64,Electronics
ORD008083,CUST2334,2026-09-17,6236.15,Electronics
ORD011789,CUST2492,2026-09-14,2998.08,Fashion
ORD000396,CUST0396,2026-03-14,881.87,Fashion
ORD007187,CUST2286,2026-06-12,1031.69,Fashion
ORD011864,CUST2494,2026-07-13,328.99,Grocery
ORD004493,CUST2012,2026-09-29,837.89,Fashion
ORD001366,CUST1206,2026-05-31,638.77,Beauty
ORD011505,CUST2482,2026-08-07,11480.15,Electronics
ORD008788,CUST2372,2026-09-23,1694.06,Home & Kitchen
ORD005918,CUST2176,2026-07-20,1451.31,Beauty
ORD004969,CUST2065,2026-03-17,1419.65,Fashion
ORD002915,CUST1721,2026-09-28,1901.18,Home & Kitchen
ORD010519,CUST2448,2026-08-17,3706.09,Home & Kitchen
ORD005645,CUST2143,2026-09-16,3843.32,Home & Kitchen
ORD003767,CUST1925,2026-05-05,542.39,Grocery
ORD003441,CUST1884,2026-09-25,5780.82,Home & Kitchen
ORD007358,CUST2294,2026-09-18,8471.27,Electronics
ORD006807,CUST2265,2026-09-30,3329.77,Home & Kitchen
ORD009880,CUST2427,2026-08-12,776.8,Fashion
ORD002144,CUST1464,2026-07-29,568.6,Fashion
ORD005105,CUST2081,2026-04-22,3104.55,Home & Kitchen
ORD005074,CUST2077,2026-09-08,2694.59,Fashion
ORD001572,CUST1274,2026-08-17,1047.93,Grocery
ORD004080,CUST1963,2026-09-27,795.79,Beauty
ORD001123,CUST1123,2026-01-13,857.58,Grocery
ORD002787,CUST1678,2026-05-01,302.54,Grocery
ORD002968,CUST1738,2026-09-02,12455.31,Electronics
ORD002505,CUST1585,2026-09-01,1610.11,Home & Kitchen
ORD005989,CUST2185,2026-06-25,5694.89,Electronics
ORD008868,CUST2376,2026-09-30,3069.91,Electronics
ORD011001,CUST2465,2026-09-02,11696.06,Electronics
ORD007165,CUST2285,2026-07-25,1157.83,Home & Kitchen
ORD000729,CUST0729,2026-04-04,388.12,Grocery
ORD007588,CUST2307,2026-09-05,7040.74,Electronics
ORD007544,CUST2304,2026-09-18,871.02,Fashion
ORD000413,CUST0413,2026-07-08,980.86,Fashion
ORD011339,CUST2476,2026-09-19,4128.35,Electronics
ORD009709,CUST2419,2026-09-11,968.4,Grocery
ORD005746,CUST2155,2026-07-09,512.97,Beauty
ORD007669,CUST2311,2026-07-23,1708.41,Home & Kitchen
ORD000826,CUST0826,2026-05-16,6871.46,Electronics
ORD003268,CUST1841,2026-04-01,1803.51,Fashion
ORD003975,CUST1950,2026-09-30,4938.13,Electronics
ORD008809,CUST2373,2026-07-21,2979.14,Home & Kitchen
ORD008307,CUST2348,2026-03-03,2967.42,Home & Kitchen
ORD000418,CUST0418,2026-05-16,775.89,Fashion
ORD011262,CUST2474,2026-06-09,7835.79,Electronics
ORD009818,CUST2425,2026-03-01,6878.21,Electronics
ORD006749,CUST2262,2026-09-22,4227.39,Home & Kitchen
ORD008968,CUST2382,2026-09-20,918.6,Fashion
ORD011089,CUST2468,2026-09-17,1207.36,Fashion
ORD011652,CUST2488,2026-09-01,5697.82,Electronics
ORD002083,CUST1444,2026-08-07,495.12,Grocery
ORD008946,CUST2381,2026-07-28,6031.51,Home & Kitchen
ORD010739,CUST2456,2026-09-16,4088.61,Home & Kitchen
ORD003374,CUST1876,2026-09-11,1192.63,Fashion
ORD005727,CUST2153,2026-07-17,474.72,Grocery
ORD004108,CUST1966,2026-07-10,560.07,Home & Kitchen
ORD010637,CUST2452,2026-09-28,462.03,Beauty
ORD004381,CUST1999,2026-08-31,6481.95,Electronics
ORD007724,CUST2314,2026-09-10,2182.17,Fashion
ORD001067,CUST1067,2026-07-28,1289.86,Fashion
ORD003914,CUST1943,2026-09-06,10210.09,Home & Kitchen
ORD005537,CUST2132,2026-09-01,5227.21,Home & Kitchen
ORD008003,CUST2329,2026-09-22,309.19,Grocery
ORD005388,CUST2114,2026-09-30,8796.12,Electronics
ORD005733,CUST2153,2026-09-14,847.04,Home & Kitchen
ORD002739,CUST1662,2026-08-24,1911.9,Beauty
ORD005053,CUST2075,2026-08-30,734.51,Grocery
ORD004001,CUST1953,2026-09-17,397.4,Grocery
ORD009761,CUST2422,2026-07-28,1144.53,Home & Kitchen
ORD002428,CUST1560,2026-05-09,1964.68,Home & Kitchen
ORD006834,CUST2267,2026-05-18,634.23,Grocery
ORD010124,CUST2434,2026-08-27,3405.8,Electronics
ORD001688,CUST1312,2026-09-30,643.01,Grocery
ORD000852,CUST0852,2026-09-30,5468.4,Electronics
ORD006304,CUST2223,2026-08-12,712.56,Beauty
ORD009088,CUST2389,2026-08-03,1446.99,Beauty
ORD005879,CUST2171,2026-06-10,1102.04,Fashion
ORD008528,CUST2359,2026-09-11,761.64,Beauty
ORD002840,CUST1695,2026-07-27,5187.25,Home & Kitchen
ORD011280,CUST2474,2026-09-17,5791.87,Electronics
ORD004612,CUST2025,2026-09-23,1905.76,Home & Kitchen
ORD009541,CUST2411,2026-09-21,1020.34,Grocery
ORD009208,CUST2395,2026-07-13,3084.12,Home & Kitchen
ORD011009,CUST2465,2026-09-23,10190.73,Electronics
ORD009824,CUST2425,2026-08-13,706.75,Grocery
ORD002490,CUST1580,2026-08-02,1031.39,Fashion
ORD006906,CUST2271,2026-07-24,199.18,Grocery
ORD007391,CUST2296,2026-09-14,5768.45,Electronics
ORD011444,CUST2480,2026-08-14,9071.47,Home & Kitchen
ORD002850,CUST1699,2026-09-08,1102.71,Fashion
ORD006666,CUST2258,2026-09-27,9226.73,Electronics
ORD005882,CUST2171,2026-09-18,367.68,Fashion
ORD010263,CUST2440,2026-06-26,2829.12,Electronics
ORD004453,CUST2008,2026-09-20,2311.87,Home & Kitchen
ORD009950,CUST2429,2026-09-27,506.97,Fashion
ORD007422,CUST2298,2026-03-22,8728.87,Home & Kitchen
ORD009828,CUST2426,2026-05-07,745.13,Grocery
ORD006485,CUST2245,2026-09-24,9304.54,Electronics
ORD002480,CUST1577,2026-07-19,2851.22,Fashion
ORD006618,CUST2256,2026-08-24,4839.52,Electronics
ORD010458,CUST2446,2026-07-29,899.62,Fashion
ORD011152,CUST2471,2026-07-31,871.85,Fashion
ORD011252,CUST2474,2026-03-29,14493.75,Electronics
ORD002142,CUST1463,2026-09-17,1131.24,Beauty
ORD011311,CUST2475,2026-09-05,3459.61,Electronics
ORD005189,CUST2091,2026-07-20,9491.8,Electronics
ORD011723,CUST2490,2026-08-12,307.76,Fashion
ORD011549,CUST2484,2026-07-11,847.57,Beauty
ORD002745,CUST1664,2026-01-10,2243.75,Home & Kitchen
ORD007254,CUST2289,2026-07-26,7131.71,Electronics
ORD003507,CUST1893,2026-09-17,4180.28,Electronics
ORD001680,CUST1309,2026-09-17,643.99,Grocery
ORD004250,CUST1982,2026-07-25,2725.89,Home & Kitchen
ORD003148,CUST1797,2026-06-16,10572.17,Electronics
ORD008131,CUST2337,2026-07-28,9882.97,Electronics
ORD010487,CUST2447,2026-09-02,523.3,Grocery
ORD007005,CUST2277,2026-06-07,636.0,Grocery
ORD000581,CUST0581,2026-08-23,1610.97,Fashion
ORD009663,CUST2417,2026-06-24,1479.48,Fashion
ORD004071,CUST1962,2026-06-20,651.61,Fashion
ORD003344,CUST1867,2026-09-23,1485.54,Beauty
ORD007405,CUST2297,2026-01-13,2953.63,Home & Kitchen
ORD003673,CUST1914,2026-02-11,1168.05,Fashion
ORD000560,CUST0560,2026-08-17,1535.24,Beauty
ORD005238,CUST2096,2026-08-26,1032.58,Grocery
ORD007806,CUST2318,2026-09-24,207.57,Grocery
ORD011042,CUST2467,2026-06-30,627.01,Beauty
ORD000513,CUST0513,2026-04-21,1142.24,Fashion
ORD001082,CUST1082,2026-09-21,2069.64,Fashion
ORD001665,CUST1305,2026-06-24,1414.9,Fashion
ORD009205,CUST2395,2026-06-24,6604.95,Electronics
ORD001932,CUST1394,2026-08-26,1074.07,Fashion
ORD011678,CUST2489,2026-06-13,1265.71,Home & Kitchen
ORD001151,CUST1136,2026-06-27,470.28,Grocery
ORD002839,CUST1694,2026-08-18,1120.71,Fashion
ORD005950,CUST2180,2026-09-14,2981.64,Home & Kitchen
ORD008309,CUST2348,2026-04-26,1184.65,Grocery
ORD008933,CUST2380,2026-08-28,4430.1,Electronics
ORD011821,CUST2493,2026-09-29,239.81,Grocery
ORD005178,CUST2089,2026-09-28,1625.31,Fashion
ORD000831,CUST0831,2026-09-19,661.65,Beauty
ORD008312,CUST2348,2026-05-20,3953.9,Home & Kitchen
ORD004753,CUST2041,2026-06-26,1185.82,Grocery
ORD011787,CUST2492,2026-09-12,6868.76,Electronics
ORD011743,CUST2491,2026-07-06,7684.65,Electronics
ORD000636,CUST0636,2026-07-05,325.64,Beauty
ORD004466,CUST2009,2026-09-30,203.58,Grocery
ORD006800,CUST2265,2026-09-21,11565.46,Electronics
ORD007988,CUST2329,2026-09-01,769.85,Beauty
ORD007080,CUST2281,2026-05-03,2790.71,Fashion
ORD006967,CUST2274,2026-09-17,600.74,Grocery
ORD004143,CUST1969,2026-09-23,854.79,Fashion
ORD007028,CUST2278,2026-08-08,559.65,Fashion
ORD009184,CUST2394,2026-07-09,455.65,Grocery
ORD000877,CUST0877,2026-04-14,1644.32,Beauty
ORD004870,CUST2053,2026-09-28,1947.67,Fashion
ORD005316,CUST2106,2026-08-15,1492.05,Fashion
ORD005223,CUST2095,2026-09-23,1094.32,Fashion
ORD000005,CUST0005,2026-07-16,1026.34,Beauty
ORD003052,CUST1766,2026-09-14,5974.06,Electronics
ORD005692,CUST2149,2026-07-14,660.61,Fashion
ORD003125,CUST1788,2026-09-09,190.82,Grocery
ORD010853,CUST2460,2026-09-16,2312.15,Home & Kitchen
ORD002492,CUST1581,2026-05-10,3000.97,Electronics
ORD003855,CUST1935,2026-08-05,12426.16,Electronics
ORD004778,CUST2044,2026-08-25,1462.18,Fashion
ORD009908,CUST2428,2026-05-06,759.91,Fashion
ORD007510,CUST2303,2026-02-27,1493.69,Home & Kitchen
ORD006458,CUST2241,2026-08-10,3555.89,Home & Kitchen
ORD006294,CUST2222,2026-08-24,3028.07,Home & Kitchen
ORD001149,CUST1135,2026-07-21,1227.17,Beauty
ORD011454,CUST2480,2026-09-09,64243.67,Electronics
ORD000575,CUST0575,2026-08-08,435.05,Beauty
ORD003770,CUST1925,2026-06-06,4576.27,Home & Kitchen
ORD004147,CUST1970,2026-07-15,3260.61,Home & Kitchen
ORD000854,CUST0854,2026-07-10,1110.89,Grocery
ORD010175,CUST2437,2026-08-29,545.51,Beauty
ORD010967,CUST2464,2026-04-24,5996.37,Home & Kitchen
ORD005920,CUST2176,2026-08-22,1279.45,Home & Kitchen
ORD009359,CUST2402,2026-07-26,1902.63,Fashion
ORD006615,CUST2256,2026-08-19,16458.94,Electronics
ORD006003,CUST2187,2026-08-02,345.94,Beauty
ORD009164,CUST2393,2026-07-25,1682.93,Home & Kitchen
ORD010894,CUST2461,2026-09-19,1318.22,Grocery
ORD004496,CUST2012,2026-09-30,532.48,Grocery
ORD008174,CUST2339,2026-09-04,7713.59,Electronics
ORD006656,CUST2258,2026-09-18,894.0,Home & Kitchen
ORD002369,CUST1541,2026-06-23,11119.72,Electronics
ORD004781,CUST2044,2026-09-04,6055.72,Electronics
ORD007993,CUST2329,2026-09-08,5608.38,Electronics
ORD002951,CUST1733,2026-01-28,9130.94,Electronics
ORD005626,CUST2141,2026-09-08,2311.09,Home & Kitchen
ORD006972,CUST2275,2026-07-14,4263.55,Home & Kitchen
ORD008717,CUST2368,2026-09-27,3259.79,Home & Kitchen
ORD010648,CUST2453,2026-07-07,354.69,Grocery
ORD001842,CUST1366,2026-07-09,5488.46,Electronics
ORD005987,CUST2185,2026-05-29,374.25,Grocery
ORD000538,CUST0538,2026-02-06,414.66,Fashion
ORD002807,CUST1684,2026-07-24,408.96,Grocery
ORD005802,CUST2162,2026-03-17,709.75,Grocery
ORD005597,CUST2139,2026-06-26,10798.02,Electronics
ORD007207,CUST2287,2026-08-12,2844.88,Home & Kitchen
ORD007344,CUST2293,2026-09-30,1133.3,Fashion
ORD007561,CUST2305,2026-09-24,4338.67,Home & Kitchen
ORD008097,CUST2335,2026-09-06,2290.73,Home & Kitchen
ORD011368,CUST2477,2026-09-25,10843.92,Electronics
ORD000785,CUST0785,2026-04-06,4190.74,Fashion
ORD001410,CUST1221,2026-07-30,1020.4,Fashion
ORD010730,CUST2455,2026-09-08,482.31,Grocery
ORD000155,CUST0155,2026-06-13,3535.49,Fashion
ORD007807,CUST2318,2026-09-25,6799.63,Electronics
ORD003010,CUST1752,2026-09-13,643.33,Beauty
ORD001687,CUST1312,2026-09-06,2306.09,Fashion
ORD011094,CUST2468,2026-09-20,8324.8,Electronics
ORD004015,CUST1955,2026-08-17,6091.49,Electronics
ORD007456,CUST2300,2026-08-08,3645.76,Home & Kitchen
ORD003864,CUST1936,2026-08-22,353.23,Grocery
ORD002734,CUST1661,2026-01-04,1322.67,Home & Kitchen
ORD001896,CUST1384,2026-08-25,1037.7,Home & Kitchen
ORD005443,CUST2121,2026-08-30,548.26,Grocery
ORD000570,CUST0570,2026-01-11,592.74,Fashion
ORD006710,CUST2260,2026-09-24,3073.56,Home & Kitchen
ORD005855,CUST2168,2026-09-05,3755.4,Electronics
ORD001817,CUST1358,2026-09-14,712.12,Grocery
ORD010258,CUST2439,2026-09-30,832.62,Beauty
ORD008320,CUST2348,2026-09-28,352.38,Grocery
ORD003395,CUST1879,2026-09-11,654.44,Grocery
ORD003328,CUST1861,2026-06-19,533.54,Fashion
ORD012058,CUST2500,2026-09-08,6286.04,Electronics
ORD006103,CUST2201,2026-08-26,783.92,Home & Kitchen
ORD002976,CUST1741,2026-07-16,2383.3,Home & Kitchen
ORD000981,CUST0981,2026-09-24,1972.99,Fashion
ORD010493,CUST2447,2026-09-21,403.02,Grocery
ORD000191,CUST0191,2026-07-02,436.05,Beauty
ORD009332,CUST2401,2026-09-17,2775.63,Home & Kitchen
ORD005089,CUST2079,2026-09-23,333.19,Grocery
ORD000700,CUST0700,2026-06-19,1956.14,Fashion
ORD011788,CUST2492,2026-09-14,2499.71,Home & Kitchen
ORD000607,CUST0607,2026-09-23,2837.78,Home & Kitchen
ORD000302,CUST0302,2026-09-11,466.12,Beauty
ORD003421,CUST1882,2026-09-30,9514.65,Electronics
ORD011841,CUST2493,2026-09-30,4331.57,Electronics
ORD001061,CUST1061,2026-05-20,5367.94,Electronics
ORD010758,CUST2457,2026-04-25,611.07,Beauty
ORD003445,CUST1885,2026-09-10,729.57,Beauty
ORD001070,CUST1070,2026-06-15,5171.35,Electronics
ORD010717,CUST2455,2026-08-09,8239.22,Electronics
ORD002206,CUST1486,2026-08-09,3269.46,Fashion
ORD009436,CUST2406,2026-07-06,637.8,Fashion
ORD007340,CUST2293,2026-09-28,5287.5,Electronics
ORD008209,CUST2342,2026-08-05,8908.56,Electronics
ORD007680,CUST2312,2026-04-29,5517.01,Electronics
ORD011313,CUST2475,2026-09-13,397.29,Grocery
ORD004643,CUST2029,2026-04-21,419.43,Grocery
ORD007684,CUST2312,2026-06-13,3523.05,Fashion
ORD009008,CUST2384,2026-06-06,3751.35,Home & Kitchen
ORD007997,CUST2329,2026-09-16,1556.87,Fashion
ORD011260,CUST2474,2026-05-26,1058.27,Beauty
ORD005601,CUST2139,2026-07-15,19219.01,Electronics
ORD009152,CUST2392,2026-09-28,8610.54,Electronics
ORD007023,CUST2278,2026-06-30,956.75,Fashion
ORD004894,CUST2056,2026-09-27,2928.83,Electronics
ORD000226,CUST0226,2026-07-14,903.0,Fashion
ORD003355,CUST1871,2026-07-02,2161.56,Fashion
ORD005896,CUST2173,2026-09-17,1610.21,Home & Kitchen
ORD010678,CUST2454,2026-09-17,630.77,Grocery
ORD008755,CUST2370,2026-09-29,1610.64,Beauty
ORD003437,CUST1884,2026-08-23,1443.71,Fashion
ORD001694,CUST1314,2026-09-20,6461.53,Electronics
ORD006894,CUST2270,2026-08-21,410.72,Grocery
ORD001046,CUST1046,2026-09-27,877.47,Beauty
ORD003447,CUST1885,2026-09-30,587.15,Fashion
ORD008051,CUST2332,2026-07-06,1128.22,Fashion
ORD009147,CUST2392,2026-09-23,2056.48,Home & Kitchen
ORD012057,CUST2500,2026-09-08,860.76,Beauty
ORD010928,CUST2463,2026-08-15,16856.24,Electronics
ORD011297,CUST2475,2026-08-19,7451.26,Electronics
ORD004736,CUST2038,2026-09-19,573.92,Grocery
ORD004497,CUST2013,2026-07-27,319.7,Grocery
ORD001219,CUST1157,2026-05-29,4428.41,Home & Kitchen
ORD006016,CUST2188,2026-09-01,679.91,Grocery
ORD009720,CUST2420,2026-08-02,1509.85,Fashion
ORD003988,CUST1952,2026-05-02,528.43,Fashion
ORD004912,CUST2059,2026-07-05,1849.65,Home & Kitchen
ORD009493,CUST2409,2026-08-02,3579.34,Home & Kitchen
ORD004494,CUST2012,2026-09-30,1026.98,Fashion
ORD006945,CUST2273,2026-08-27,2095.31,Fashion
ORD005700,CUST2150,2026-07-11,911.5,Grocery
ORD008353,CUST2351,2026-04-16,1299.13,Home & Kitchen
ORD000957,CUST0957,2026-09-19,1102.69,Fashion
ORD011427,CUST2479,2026-07-22,5098.42,Home & Kitchen
ORD002870,CUST1706,2026-09-28,9112.42,Electronics
ORD004434,CUST2005,2026-09-28,1305.86,Home & Kitchen
ORD004974,CUST2065,2026-05-22,9011.09,Electronics
ORD002962,CUST1737,2026-08-01,2191.8,Beauty
ORD002201,CUST1484,2026-03-19,1050.89,Beauty
ORD000099,CUST0099,2026-08-16,484.51,Grocery
ORD011898,CUST2495,2026-09-19,3968.81,Electronics
ORD002558,CUST1602,2026-05-27,374.31,Beauty
ORD011376,CUST2478,2026-07-04,380.31,Beauty
ORD008446,CUST2355,2026-08-18,7304.95,Electronics
ORD004200,CUST1976,2026-07-14,2539.68,Home & Kitchen
ORD009638,CUST2416,2026-07-11,453.38,Grocery
ORD005540,CUST2132,2026-09-15,9366.39,Electronics
ORD001649,CUST1300,2026-06-12,3785.81,Fashion
ORD009889,CUST2427,2026-09-03,7921.19,Electronics
ORD011384,CUST2478,2026-07-19,1559.56,Fashion
ORD006198,CUST2212,2026-03-17,7981.82,Electronics
ORD006296,CUST2223,2026-05-17,21633.36,Electronics
ORD004500,CUST2013,2026-08-17,1410.56,Fashion
ORD001155,CUST1137,2026-08-18,570.24,Grocery
ORD002256,CUST1501,2026-06-18,900.86,Fashion
ORD009875,CUST2427,2026-07-12,1220.24,Fashion
ORD003171,CUST1806,2026-01-15,956.09,Grocery
ORD007401,CUST2296,2026-09-25,1594.17,Fashion
ORD010249,CUST2439,2026-08-05,7183.36,Electronics
ORD007159,CUST2284,2026-09-29,1557.72,Fashion
ORD003109,CUST1784,2026-04-16,16502.33,Electronics
ORD004549,CUST2018,2026-07-14,3762.91,Electronics
ORD005424,CUST2118,2026-09-27,520.02,Grocery
ORD002050,CUST1433,2026-09-18,869.88,Beauty
ORD009209,CUST2395,2026-07-24,7362.05,Electronics
ORD008816,CUST2373,2026-08-28,30070.48,Electronics
ORD011833,CUST2493,2026-09-30,713.31,Beauty
ORD000263,CUST0263,2026-04-30,5551.95,Electronics
ORD011562,CUST2484,2026-09-07,1647.08,Home & Kitchen
ORD004062,CUST1961,2026-04-01,1101.04,Beauty
ORD005535,CUST2131,2026-09-14,804.94,Grocery
ORD006617,CUST2256,2026-08-22,4227.16,Electronics
ORD008121,CUST2337,2026-05-25,376.26,Grocery
ORD008156,CUST2338,2026-09-29,7891.16,Electronics
ORD001803,CUST1353,2026-09-18,415.77,Grocery
ORD004737,CUST2038,2026-09-27,12883.38,Electronics
ORD012068,CUST2500,2026-09-18,4761.28,Electronics
ORD002386,CUST1547,2026-08-19,522.97,Grocery
ORD006695,CUST2260,2026-03-29,782.71,Fashion
ORD005760,CUST2156,2026-09-29,588.03,Fashion
ORD001960,CUST1403,2026-08-23,444.89,Beauty
ORD002977,CUST1741,2026-08-03,3068.52,Home & Kitchen
ORD008681,CUST2367,2026-06-15,3219.94,Home & Kitchen
ORD001844,CUST1367,2026-02-18,551.92,Beauty
ORD001735,CUST1329,2026-07-08,1383.4,Fashion
ORD002912,CUST1720,2026-09-16,521.04,Grocery
ORD011412,CUST2479,2026-03-22,968.81,Beauty
ORD008339,CUST2350,2026-08-31,4061.73,Electronics
ORD001987,CUST1413,2026-08-03,1403.3,Fashion
ORD009562,CUST2412,2026-09-07,754.67,Fashion
ORD006547,CUST2252,2026-07-28,678.65,Beauty
ORD007099,CUST2282,2026-08-19,5161.78,Electronics
ORD002812,CUST1685,2026-09-19,535.99,Fashion
ORD000660,CUST0660,2026-02-05,378.55,Grocery
ORD009987,CUST2430,2026-07-19,2243.39,Home & Kitchen
ORD002512,CUST1588,2026-02-06,1008.2,Fashion
ORD011590,CUST2485,2026-09-04,2204.18,Home & Kitchen
ORD004283,CUST1986,2026-08-30,637.89,Beauty
ORD009340,CUST2401,2026-09-25,1277.13,Home & Kitchen
ORD011465,CUST2481,2026-01-17,325.22,Beauty
ORD008801,CUST2372,2026-09-30,394.57,Fashion
ORD006288,CUST2222,2026-02-23,872.86,Home & Kitchen
ORD011775,CUST2492,2026-09-05,390.2,Grocery
ORD001931,CUST1394,2026-08-01,1291.02,Beauty
ORD007126,CUST2283,2026-09-09,463.31,Grocery
ORD000198,CUST0198,2026-09-27,897.11,Grocery
ORD007778,CUST2317,2026-07-24,10776.43,Electronics
ORD002932,CUST1726,2026-07-27,8795.72,Electronics
ORD008005,CUST2329,2026-09-25,5239.34,Home & Kitchen
ORD002328,CUST1526,2026-09-14,778.38,Beauty
ORD004390,CUST2000,2026-04-22,15540.83,Electronics
ORD008959,CUST2382,2026-09-13,2065.1,Home & Kitchen
ORD004219,CUST1978,2026-03-31,1292.77,Fashion
ORD011448,CUST2480,2026-08-21,371.77,Grocery
ORD000203,CUST0203,2026-09-27,3270.77,Fashion
ORD003511,CUST1894,2026-07-24,475.92,Grocery
ORD004932,CUST2060,2026-09-27,586.28,Beauty
ORD005536,CUST2132,2026-08-30,4058.21,Electronics
ORD009926,CUST2428,2026-08-08,5464.66,Electronics
ORD005792,CUST2160,2026-09-24,1208.9,Beauty
ORD010970,CUST2464,2026-05-21,3628.15,Home & Kitchen
ORD001708,CUST1319,2026-06-20,983.14,Fashion
ORD005173,CUST2088,2026-09-29,407.09,Fashion
ORD005250,CUST2098,2026-04-18,1029.89,Fashion
ORD011667,CUST2488,2026-09-24,1828.86,Fashion
ORD006529,CUST2251,2026-05-15,320.69,Fashion
ORD011895,CUST2495,2026-09-17,697.96,Fashion
ORD005856,CUST2168,2026-09-20,1101.81,Grocery
ORD008165,CUST2339,2026-07-14,3421.53,Home & Kitchen
ORD000855,CUST0855,2026-02-18,730.04,Beauty
ORD004738,CUST2039,2026-04-10,535.33,Grocery
ORD010353,CUST2443,2026-09-05,10605.91,Electronics
ORD000699,CUST0699,2026-04-29,1377.21,Fashion
ORD011345,CUST2477,2026-03-29,888.74,Grocery
ORD011192,CUST2472,2026-09-22,492.73,Grocery
ORD003697,CUST1917,2026-03-01,1449.43,Fashion
ORD001637,CUST1295,2026-07-06,1166.06,Fashion
ORD007281,CUST2290,2026-09-30,2242.77,Home & Kitchen
ORD007555,CUST2305,2026-09-11,4852.62,Electronics
ORD011650,CUST2488,2026-08-31,7547.98,Electronics
ORD003582,CUST1902,2026-08-14,2526.67,Home & Kitchen
ORD001292,CUST1181,2026-06-13,270.29,Fashion
ORD006586,CUST2254,2026-08-31,3665.33,Home & Kitchen
ORD001854,CUST1371,2026-09-12,979.52,Fashion
ORD005233,CUST2096,2026-07-17,825.96,Home & Kitchen
ORD003764,CUST1924,2026-07-12,1034.13,Fashion
ORD003305,CUST1854,2026-07-12,1912.13,Home & Kitchen
ORD001496,CUST1248,2026-08-31,535.52,Grocery
ORD011638,CUST2487,2026-08-31,351.28,Fashion
ORD007995,CUST2329,2026-09-15,5722.97,Electronics
ORD001999,CUST1417,2026-08-18,11366.38,Electronics
ORD000664,CUST0664,2026-09-21,430.77,Grocery
ORD003749,CUST1923,2026-04-19,619.22,Grocery
ORD004414,CUST2003,2026-09-17,2221.28,Home & Kitchen
ORD005531,CUST2131,2026-08-25,2038.27,Fashion
ORD005576,CUST2136,2026-08-07,2502.2,Home & Kitchen
ORD008902,CUST2378,2026-09-29,5129.46,Electronics
ORD007527,CUST2303,2026-08-22,1010.74,Beauty
ORD009475,CUST2408,2026-08-24,1696.59,Fashion
ORD005865,CUST2169,2026-08-29,4240.45,Home & Kitchen
ORD010868,CUST2461,2026-06-12,11563.25,Electronics
ORD006777,CUST2264,2026-06-22,521.71,Grocery
ORD001307,CUST1186,2026-03-21,269.39,Fashion
ORD007393,CUST2296,2026-09-15,3287.33,Fashion
ORD010430,CUST2445,2026-09-15,15203.47,Electronics
ORD011495,CUST2481,2026-09-21,650.93,Beauty
ORD005593,CUST2138,2026-08-22,12203.32,Electronics
ORD010231,CUST2439,2026-05-15,453.41,Grocery
ORD009722,CUST2420,2026-08-09,5271.63,Electronics
ORD001664,CUST1304,2026-09-17,916.27,Fashion
ORD005451,CUST2122,2026-08-12,5247.37,Electronics
ORD011997,CUST2498,2026-08-28,7026.48,Electronics
ORD012021,CUST2499,2026-05-06,16422.95,Electronics
ORD003628,CUST1907,2026-07-06,8227.06,Electronics
ORD002694,CUST1646,2026-07-14,3848.44,Electronics
ORD011253,CUST2474,2026-03-31,429.1,Grocery
ORD009790,CUST2423,2026-09-23,4032.13,Home & Kitchen
ORD010922,CUST2462,2026-09-29,346.44,Fashion
ORD010818,CUST2459,2026-09-20,16807.37,Electronics
ORD005916,CUST2176,2026-07-12,2272.47,Home & Kitchen
ORD003158,CUST1801,2026-09-03,6194.12,Electronics
ORD011507,CUST2482,2026-08-09,2579.62,Home & Kitchen
ORD009915,CUST2428,2026-06-09,14783.45,Electronics
ORD006669,CUST2258,2026-09-30,436.44,Beauty
ORD001060,CUST1060,2026-09-14,711.49,Grocery
ORD004637,CUST2028,2026-07-07,1395.93,Fashion
ORD003243,CUST1831,2026-05-07,3244.4,Home & Kitchen
ORD001679,CUST1309,2026-08-26,543.92,Grocery
ORD006893,CUST2270,2026-08-13,1957.64,Home & Kitchen
ORD006375,CUST2232,2026-09-26,1789.6,Home & Kitchen
ORD007575,CUST2306,2026-06-22,7018.47,Electronics
ORD001758,CUST1336,2026-09-18,1685.53,Home & Kitchen
ORD006020,CUST2189,2026-04-20,499.02,Fashion
ORD005117,CUST2082,2026-05-06,459.64,Fashion
ORD008756,CUST2371,2026-09-24,338.82,Beauty
ORD007409,CUST2297,2026-03-29,671.09,Fashion
ORD002791,CUST1679,2026-06-23,545.29,Grocery
ORD000864,CUST0864,2026-02-26,272.06,Grocery
ORD007859,CUST2321,2026-08-01,2753.68,Home & Kitchen
ORD001485,CUST1245,2026-04-02,548.8,Grocery
ORD007036,CUST2278,2026-09-08,1615.18,Fashion
ORD007722,CUST2314,2026-09-05,13704.95,Electronics
ORD005978,CUST2183,2026-09-23,7005.62,Electronics
ORD005135,CUST2084,2026-07-06,728.45,Fashion
ORD000207,CUST0207,2026-05-19,906.67,Grocery
ORD004489,CUST2012,2026-09-26,1121.32,Fashion
ORD006939,CUST2273,2026-08-09,3116.84,Fashion
ORD009063,CUST2387,2026-09-11,716.53,Grocery
ORD006911,CUST2271,2026-08-19,551.19,Grocery
ORD000503,CUST0503,2026-03-01,1436.53,Fashion
ORD007386,CUST2295,2026-09-28,400.61,Beauty
ORD001029,CUST1029,2026-09-18,1035.32,Fashion
ORD003841,CUST1934,2026-09-17,6511.06,Electronics
ORD010883,CUST2461,2026-08-26,6992.35,Electronics
ORD008111,CUST2336,2026-06-11,509.88,Grocery
ORD005057,CUST2075,2026-09-16,860.66,Beauty
ORD009763,CUST2422,2026-08-04,524.08,Grocery
ORD008155,CUST2338,2026-09-28,1230.03,Fashion
ORD010966,CUST2464,2026-04-20,1254.69,Fashion
ORD002732,CUST1660,2026-03-27,1537.23,Beauty
ORD008997,CUST2383,2026-09-01,7022.38,Electronics
ORD011838,CUST2493,2026-09-30,2976.97,Home & Kitchen
ORD002455,CUST1569,2026-08-24,1199.16,Fashion
ORD007216,CUST2287,2026-09-22,315.41,Grocery
ORD003105,CUST1782,2026-02-05,18500.3,Electronics
ORD008393,CUST2353,2026-05-15,521.78,Grocery
ORD006279,CUST2221,2026-08-29,432.33,Beauty
ORD003100,CUST1780,2026-07-16,759.75,Fashion
ORD006185,CUST2210,2026-09-16,827.13,Home & Kitchen
ORD010471,CUST2446,2026-09-07,22916.09,Electronics
ORD003562,CUST1899,2026-09-17,843.52,Grocery
ORD005893,CUST2173,2026-09-01,5937.57,Home & Kitchen
ORD000392,CUST0392,2026-03-09,2034.73,Fashion
ORD006737,CUST2262,2026-08-21,8592.02,Electronics
ORD005619,CUST2140,2026-09-27,3904.39,Home & Kitchen
ORD005259,CUST2099,2026-06-22,1619.0,Home & Kitchen
ORD009688,CUST2418,2026-09-13,13882.39,Electronics
ORD002696,CUST1647,2026-04-27,425.11,Grocery
ORD002028,CUST1426,2026-09-13,731.01,Grocery
ORD005464,CUST2123,2026-09-01,3878.11,Home & Kitchen
ORD002569,CUST1605,2026-05-05,1027.59,Grocery
ORD008007,CUST2330,2026-04-17,618.42,Beauty
ORD000065,CUST0065,2026-03-01,2635.6,Fashion
ORD002063,CUST1437,2026-05-17,497.71,Fashion
ORD005277,CUST2101,2026-08-28,1170.58,Beauty
ORD007209,CUST2287,2026-08-22,295.21,Grocery
ORD008685,CUST2367,2026-06-28,2852.99,Home & Kitchen
ORD008572,CUST2361,2026-09-28,519.08,Fashion
ORD006332,CUST2227,2026-07-10,3431.32,Electronics
ORD004860,CUST2052,2026-09-29,558.75,Beauty
ORD004888,CUST2055,2026-08-25,1229.1,Beauty
ORD009269,CUST2398,2026-05-04,3034.56,Home & Kitchen
ORD000879,CUST0879,2026-09-29,1682.1,Fashion
ORD008530,CUST2359,2026-09-12,634.85,Home & Kitchen
ORD007917,CUST2325,2026-06-17,3017.55,Home & Kitchen
ORD006864,CUST2268,2026-09-26,5268.46,Electronics
ORD007893,CUST2323,2026-09-24,9389.9,Electronics
ORD006440,CUST2239,2026-09-19,851.79,Fashion
ORD007870,CUST2322,2026-04-10,7369.48,Electronics
ORD001017,CUST1017,2026-08-24,293.2,Grocery
ORD009468,CUST2407,2026-09-06,408.01,Grocery
ORD011991,CUST2498,2026-08-01,940.63,Home & Kitchen
ORD007630,CUST2309,2026-07-12,3152.82,Home & Kitchen
ORD011535,CUST2483,2026-09-29,6224.82,Electronics
ORD000996,CUST0996,2026-07-03,2342.79,Fashion
ORD010174,CUST2436,2026-09-29,8988.45,Electronics
ORD004298,CUST1987,2026-09-30,304.56,Fashion
ORD000162,CUST0162,2026-07-29,586.48,Grocery
ORD005676,CUST2147,2026-07-09,1523.47,Fashion
ORD006874,CUST2269,2026-09-20,10179.45,Electronics
ORD009693,CUST2419,2026-06-23,4812.04,Home & Kitchen
ORD007990,CUST2329,2026-09-02,7211.71,Electronics
ORD003844,CUST1934,2026-09-25,1399.68,Beauty
ORD010806,CUST2459,2026-09-03,901.32,Beauty
ORD011654,CUST2488,2026-09-04,1955.59,Home & Kitchen
ORD001022,CUST1022,2026-05-30,2949.29,Home & Kitchen
ORD003074,CUST1773,2026-02-02,320.0,Grocery
ORD007556,CUST2305,2026-09-15,1377.23,Home & Kitchen
ORD003944,CUST1946,2026-08-30,9760.12,Electronics
ORD001586,CUST1277,2026-08-28,426.86,Grocery
ORD010148,CUST2435,2026-07-07,512.62,Grocery
ORD003153,CUST1799,2026-03-05,744.1,Grocery
ORD008227,CUST2343,2026-09-17,611.8,Grocery
ORD000776,CUST0776,2026-01-29,2175.23,Fashion
ORD010749,CUST2456,2026-09-21,11098.82,Electronics
ORD009671,CUST2417,2026-09-08,718.21,Grocery
ORD007100,CUST2282,2026-08-27,1227.78,Grocery
ORD005487,CUST2126,2026-05-26,935.29,Beauty
ORD006236,CUST2216,2026-09-22,667.89,Grocery
ORD009556,CUST2412,2026-08-05,1528.33,Fashion
ORD007042,CUST2279,2026-04-25,3709.93,Fashion
ORD002613,CUST1620,2026-08-28,1129.09,Home & Kitchen
ORD007514,CUST2303,2026-04-18,1592.63,Fashion
ORD011017,CUST2466,2026-06-03,1794.35,Home & Kitchen
ORD010234,CUST2439,2026-06-10,782.76,Fashion
ORD008434,CUST2355,2026-03-27,608.65,Fashion
ORD010254,CUST2439,2026-09-06,442.49,Beauty
ORD010556,CUST2450,2026-09-22,1762.61,Home & Kitchen
ORD008793,CUST2372,2026-09-26,7440.04,Electronics
ORD010628,CUST2452,2026-09-16,3433.61,Electronics
ORD005394,CUST2114,2026-09-30,992.4,Home & Kitchen
ORD011081,CUST2468,2026-09-05,1073.96,Beauty
ORD008839,CUST2374,2026-09-20,1724.31,Home & Kitchen
ORD003891,CUST1940,2026-08-02,4199.67,Home & Kitchen
ORD003557,CUST1898,2026-09-27,1790.99,Beauty
ORD011395,CUST2478,2026-08-24,4808.65,Electronics
ORD001529,CUST1258,2026-08-04,738.32,Grocery
ORD001268,CUST1172,2026-08-21,456.79,Grocery
ORD007735,CUST2315,2026-07-17,392.05,Grocery
ORD001900,CUST1385,2026-09-19,376.52,Fashion
ORD004659,CUST2030,2026-09-13,2897.47,Home & Kitchen
ORD003006,CUST1751,2026-08-24,2887.91,Electronics
ORD002735,CUST1661,2026-04-22,981.84,Home & Kitchen
ORD000190,CUST0190,2026-08-31,2093.22,Home & Kitchen
ORD009999,CUST2430,2026-08-20,9574.53,Electronics
ORD009168,CUST2393,2026-08-02,704.49,Fashion
ORD002748,CUST1665,2026-06-20,684.7,Fashion
ORD002048,CUST1432,2026-09-28,498.52,Grocery
ORD007850,CUST2321,2026-03-18,518.19,Grocery
ORD002559,CUST1602,2026-07-21,462.75,Grocery
ORD009275,CUST2398,2026-08-04,4646.48,Electronics
ORD008667,CUST2366,2026-08-11,8147.72,Electronics
ORD011097,CUST2468,2026-09-24,1022.6,Fashion
ORD006397,CUST2234,2026-09-28,251.71,Grocery
ORD003386,CUST1878,2026-09-02,16258.27,Electronics
ORD004556,CUST2019,2026-02-21,2540.48,Fashion
ORD001185,CUST1146,2026-09-27,1489.84,Fashion
ORD006421,CUST2237,2026-09-17,691.16,Fashion
ORD005052,CUST2075,2026-08-20,2162.94,Home & Kitchen
ORD005312,CUST2105,2026-09-07,1440.43,Home & Kitchen
ORD002434,CUST1561,2026-09-28,2462.36,Home & Kitchen
ORD006950,CUST2273,2026-09-28,308.74,Fashion
ORD010584,CUST2451,2026-07-08,2446.17,Home & Kitchen
ORD000770,CUST0770,2026-01-28,1891.33,Fashion
ORD001686,CUST1311,2026-09-21,887.12,Grocery
ORD008323,CUST2349,2026-09-18,2585.64,Fashion
ORD011112,CUST2469,2026-09-14,2787.31,Fashion
ORD011364,CUST2477,2026-09-17,196.77,Fashion
ORD011637,CUST2487,2026-08-30,4639.7,Electronics
ORD005579,CUST2137,2026-03-23,1562.81,Home & Kitchen
ORD004427,CUST2005,2026-08-10,4070.39,Home & Kitchen
ORD000467,CUST0467,2026-08-27,994.69,Beauty
ORD006266,CUST2219,2026-09-30,6445.43,Electronics
ORD005735,CUST2154,2026-08-09,2012.99,Beauty
ORD011285,CUST2475,2026-07-23,12623.99,Electronics
ORD011965,CUST2497,2026-09-14,1292.52,Beauty
ORD005192,CUST2091,2026-09-09,1962.59,Home & Kitchen
ORD005391,CUST2114,2026-09-30,1233.63,Fashion
ORD000861,CUST0861,2026-02-05,1601.58,Fashion
ORD007271,CUST2290,2026-09-08,1247.79,Fashion
